om,yr,mo,dy,date,time,tz,st,stf,stn,mag,inj,fat,loss,closs,slat,slon,elat,elon,len,wid,ns,sn,sg,f1,f2,f3,f4
1,1963,01,10,1963-01-10,20:12:00,3,IN,18,1,0.75,0,0,0.0,0.0,38.0,-87.5,0.0,0.0,0,0,0,0,0,163,0,0,0
2,1963,01,10,1963-01-10,21:00:00,3,TN,47,1,0.75,0,0,0.0,0.0,36.28,-86.68,0.0,0.0,0,0,0,0,0,37,0,0,0
3,1963,01,10,1963-01-10,21:00:00,3,IN,18,2,2.25,0,0,0.0,0.0,38.0,-87.5,0.0,0.0,0,0,0,0,0,163,0,0,0
4,1963,01,10,1963-01-10,22:00:00,3,MO,29,1,1.75,0,0,0.0,0.0,37.2,-89.58,0.0,0.0,0,0,0,0,0,201,0,0,0
5,1963,01,10,1963-01-10,23:35:00,3,TN,47,2,0.75,0,0,0.0,0.0,36.2,-86.68,0.0,0.0,0,0,0,0,0,37,0,0,0
6,1963,02,10,1963-02-10,17:30:00,3,LA,22,1,1.75,0,0,0.0,0.0,32.0,-93.28,0.0,0.0,0,0,0,0,0,81,0,0,0
7,1963,03,03,1963-03-03,21:30:00,3,KS,20,1,1.25,0,0,0.0,0.0,37.88,-99.4,0.0,0.0,0,0,0,0,0,47,0,0,0
8,1963,03,03,1963-03-03,21:50:00,3,KS,20,2,1.25,0,0,0.0,0.0,37.88,-99.58,0.0,0.0,0,0,0,0,0,47,0,0,0
9,1963,03,03,1963-03-03,22:30:00,3,KS,20,3,2.75,0,0,0.0,0.0,37.88,-98.18,0.0,0.0,0,0,0,0,0,155,0,0,0
10,1963,03,04,1963-03-04,02:00:00,3,KS,20,4,1.0,0,0,0.0,0.0,39.58,-95.08,0.0,0.0,0,0,0,0,0,0,0,0,0
11,1963,03,10,1963-03-10,21:16:00,3,OK,40,1,1.0,0,0,0.0,0.0,36.78,-97.28,0.0,0.0,0,0,0,0,0,71,0,0,0
12,1963,03,12,1963-03-12,12:55:00,3,AL,1,1,1.75,0,0,0.0,0.0,33.38,-87.0,0.0,0.0,0,0,0,0,0,73,0,0,0
13,1963,03,12,1963-03-12,15:50:00,3,SC,45,1,2.0,0,0,0.0,0.0,33.78,-81.08,0.0,0.0,0,0,0,0,0,63,0,0,0
14,1963,03,18,1963-03-18,03:15:00,3,MO,29,2,1.75,0,0,0.0,0.0,36.7,-91.4,0.0,0.0,0,0,0,0,0,149,0,0,0
15,1963,03,18,1963-03-18,08:10:00,3,KS,20,5,0.75,0,0,0.0,0.0,39.5,-97.58,0.0,0.0,0,0,0,0,0,29,0,0,0
16,1963,03,18,1963-03-18,11:30:00,3,KS,20,6,1.0,0,0,0.0,0.0,39.2,-94.68,0.0,0.0,0,0,0,0,0,103,0,0,0
17,1963,03,18,1963-03-18,12:45:00,3,TX,48,1,1.0,0,0,0.0,0.0,34.0,-98.5,0.0,0.0,0,0,0,0,0,485,0,0,0
18,1963,03,18,1963-03-18,13:30:00,3,MO,29,3,1.0,0,0,0.0,0.0,38.5,-91.78,0.0,0.0,0,0,0,0,0,151,0,0,0
19,1963,03,18,1963-03-18,14:00:00,3,MO,29,4,1.75,0,0,0.0,0.0,38.5,-91.28,0.0,0.0,0,0,0,0,0,71,0,0,0
20,1963,03,18,1963-03-18,14:25:00,3,OK,40,2,0.75,0,0,0.0,0.0,35.0,-97.08,0.0,0.0,0,0,0,0,0,125,0,0,0
21,1963,03,18,1963-03-18,14:30:00,3,OK,40,3,0.75,0,0,0.0,0.0,35.0,-97.28,0.0,0.0,0,0,0,0,0,27,0,0,0
22,1963,03,19,1963-03-19,08:00:00,3,WI,55,1,1.0,0,0,0.0,0.0,43.08,-87.9,0.0,0.0,0,0,0,0,0,79,0,0,0
23,1963,03,19,1963-03-19,09:00:00,3,WI,55,2,1.5,0,0,0.0,0.0,43.08,-87.9,0.0,0.0,0,0,0,0,0,79,0,0,0
24,1963,03,19,1963-03-19,10:00:00,3,MI,26,1,1.0,0,0,0.0,0.0,43.2,-86.18,0.0,0.0,0,0,0,0,0,121,0,0,0
25,1963,03,19,1963-03-19,11:03:00,3,MI,26,2,1.0,0,0,0.0,0.0,42.88,-86.08,0.0,0.0,0,0,0,0,0,139,0,0,0
26,1963,03,19,1963-03-19,13:55:00,3,MI,26,3,1.0,0,0,0.0,0.0,42.28,-83.9,0.0,0.0,0,0,0,0,0,161,0,0,0
27,1963,03,19,1963-03-19,14:02:00,3,IN,18,3,1.5,0,0,0.0,0.0,39.28,-85.9,0.0,0.0,0,0,0,0,0,5,0,0,0
28,1963,03,19,1963-03-19,15:00:00,3,IN,18,4,2.0,0,0,0.0,0.0,38.58,-86.08,0.0,0.0,0,0,0,0,0,175,0,0,0
29,1963,03,19,1963-03-19,16:00:00,3,KY,21,1,1.25,0,0,0.0,0.0,38.88,-84.58,0.0,0.0,0,0,0,0,0,117,0,0,0
30,1963,03,19,1963-03-19,16:00:00,3,TN,47,3,1.25,0,0,0.0,0.0,36.0,-85.58,0.0,0.0,0,0,0,0,0,185,0,0,0
31,1963,03,19,1963-03-19,17:15:00,3,TN,47,4,1.5,0,0,0.0,0.0,35.28,-85.78,0.0,0.0,0,0,0,0,0,61,0,0,0
32,1963,03,24,1963-03-24,19:30:00,3,OK,40,4,3.25,0,0,0.0,0.0,34.5,-97.08,0.0,0.0,0,0,0,0,0,99,0,0,0
33,1963,03,24,1963-03-24,20:20:00,3,OK,40,5,2.5,0,0,0.0,0.0,34.38,-96.5,0.0,0.0,0,0,0,0,0,69,0,0,0
34,1963,03,24,1963-03-24,21:05:00,3,OK,40,6,4.0,0,0,0.0,0.0,34.2,-96.58,0.0,0.0,0,0,0,0,0,69,0,0,0
35,1963,03,24,1963-03-24,21:15:00,3,OK,40,7,2.75,0,0,0.0,0.0,34.08,-96.58,0.0,0.0,0,0,0,0,0,95,0,0,0
36,1963,03,24,1963-03-24,21:45:00,3,OK,40,8,2.0,0,0,0.0,0.0,34.08,-96.18,0.0,0.0,0,0,0,0,0,13,0,0,0
37,1963,03,25,1963-03-25,02:15:00,3,MO,29,5,1.75,0,0,0.0,0.0,38.78,-90.4,0.0,0.0,0,0,0,0,0,189,0,0,0
38,1963,03,25,1963-03-25,06:30:00,3,MO,29,6,1.0,0,0,0.0,0.0,38.0,-91.4,0.0,0.0,0,0,0,0,0,55,0,0,0
39,1963,03,25,1963-03-25,06:30:00,3,MO,29,7,1.0,0,0,0.0,0.0,38.2,-91.18,0.0,0.0,0,0,0,0,0,55,0,0,0
40,1963,03,25,1963-03-25,06:30:00,3,MO,29,8,1.0,0,0,0.0,0.0,38.58,-90.58,0.0,0.0,0,0,0,0,0,189,0,0,0
41,1963,03,25,1963-03-25,20:45:00,3,AL,1,2,0.75,0,0,0.0,0.0,33.2,-87.58,0.0,0.0,0,0,0,0,0,125,0,0,0
42,1963,03,29,1963-03-29,11:00:00,3,FL,12,1,4.0,0,0,0.0,0.0,25.78,-80.18,0.0,0.0,0,0,0,0,0,25,0,0,0
43,1963,03,29,1963-03-29,18:50:00,3,TX,48,2,2.0,0,0,0.0,0.0,33.58,-99.28,0.0,0.0,0,0,0,0,0,23,0,0,0
44,1963,03,30,1963-03-30,15:00:00,3,OK,40,9,1.5,0,0,0.0,0.0,34.28,-98.28,0.0,0.0,0,0,0,0,0,33,0,0,0
45,1963,03,30,1963-03-30,16:00:00,3,OK,40,10,2.0,0,0,0.0,0.0,34.5,-98.0,0.0,0.0,0,0,0,0,0,137,0,0,0
46,1963,03,30,1963-03-30,16:00:00,3,OK,40,11,2.0,0,0,0.0,0.0,34.7,-97.9,0.0,0.0,0,0,0,0,0,51,0,0,0
47,1963,03,30,1963-03-30,17:00:00,3,TX,48,3,1.75,0,0,0.0,0.0,33.5,-102.0,0.0,0.0,0,0,0,0,0,303,0,0,0
48,1963,03,30,1963-03-30,17:35:00,3,TX,48,4,2.5,0,0,0.0,0.0,34.0,-100.28,0.0,0.0,0,0,0,0,0,101,0,0,0
49,1963,03,30,1963-03-30,18:00:00,3,OK,40,12,1.0,0,0,0.0,0.0,34.78,-97.18,0.0,0.0,0,0,0,0,0,49,0,0,0
50,1963,04,01,1963-04-01,13:10:00,3,MN,27,1,3.0,0,0,0.0,0.0,45.28,-94.58,0.0,0.0,0,0,0,0,0,93,0,0,0
51,1963,04,01,1963-04-01,16:20:00,3,WI,55,3,1.5,0,0,0.0,0.0,45.38,-92.18,0.0,0.0,0,0,0,0,0,95,0,0,0
52,1963,04,01,1963-04-01,18:00:00,3,NM,35,1,1.75,0,0,0.0,0.0,32.7,-103.08,0.0,0.0,0,0,0,0,0,25,0,0,0
53,1963,04,01,1963-04-01,18:30:00,3,KS,20,7,1.0,0,0,0.0,0.0,39.28,-101.4,0.0,0.0,0,0,0,0,0,181,0,0,0
54,1963,04,02,1963-04-02,22:00:00,3,KS,20,8,1.75,0,0,0.0,0.0,39.08,-96.0,0.0,0.0,0,0,0,0,0,197,0,0,0
55,1963,04,03,1963-04-03,02:00:00,3,IA,19,1,1.0,0,0,0.0,0.0,43.38,-94.0,0.0,0.0,0,0,0,0,0,109,0,0,0
56,1963,04,12,1963-04-12,07:30:00,3,LA,22,2,1.5,0,0,0.0,0.0,31.1,-92.5,0.0,0.0,0,0,0,0,0,79,0,0,0
57,1963,04,12,1963-04-12,08:45:00,3,MS,28,1,1.5,0,0,0.0,0.0,31.28,-90.5,0.0,0.0,0,0,0,0,0,113,0,0,0
58,1963,04,12,1963-04-12,10:15:00,3,MS,28,2,1.5,0,0,0.0,0.0,31.1,-90.18,0.0,0.0,0,0,0,0,0,147,0,0,0
59,1963,04,13,1963-04-13,07:30:00,3,FL,12,2,1.75,0,0,0.0,0.0,27.78,-80.68,0.0,0.0,0,0,0,0,0,61,0,0,0
60,1963,04,14,1963-04-14,21:45:00,3,OK,40,13,0.75,0,0,0.0,0.0,34.88,-98.4,0.0,0.0,0,0,0,0,0,15,0,0,0
61,1963,04,16,1963-04-16,18:00:00,3,MO,29,9,1.75,0,0,0.0,0.0,40.28,-94.28,0.0,0.0,0,0,0,0,0,75,0,0,0
62,1963,04,16,1963-04-16,22:45:00,3,IA,19,2,1.5,0,0,0.0,0.0,40.7,-93.68,0.0,0.0,0,0,0,0,0,53,0,0,0
63,1963,04,17,1963-04-17,00:10:00,3,IA,19,3,0.75,0,0,0.0,0.0,41.5,-93.68,0.0,0.0,0,0,0,0,0,153,0,0,0
64,1963,04,17,1963-04-17,00:30:00,3,IA,19,4,2.0,0,0,0.0,0.0,41.2,-92.78,0.0,0.0,0,0,0,0,0,123,0,0,0
65,1963,04,17,1963-04-17,11:45:00,3,OH,39,1,1.75,0,0,0.0,0.0,40.0,-83.0,0.0,0.0,0,0,0,0,0,49,0,0,0
66,1963,04,17,1963-04-17,14:52:00,3,IL,17,1,1.0,0,0,0.0,0.0,41.78,-88.08,0.0,0.0,0,0,0,0,0,43,0,0,0
67,1963,04,17,1963-04-17,15:04:00,3,IL,17,2,1.0,0,0,0.0,0.0,41.78,-87.78,0.0,0.0,0,0,0,0,0,31,0,0,0
68,1963,04,17,1963-04-17,16:15:00,3,IL,17,3,1.75,0,0,0.0,0.0,40.08,-88.18,0.0,0.0,0,0,0,0,0,19,0,0,0
69,1963,04,17,1963-04-17,16:25:00,3,IL,17,4,1.5,0,0,0.0,0.0,41.78,-87.78,0.0,0.0,0,0,0,0,0,31,0,0,0
70,1963,04,17,1963-04-17,16:30:00,3,IL,17,5,1.5,0,0,0.0,0.0,40.78,-87.78,0.0,0.0,0,0,0,0,0,75,0,0,0
71,1963,04,17,1963-04-17,16:50:00,3,MI,26,4,1.25,0,0,0.0,0.0,42.28,-84.5,0.0,0.0,0,0,0,0,0,75,0,0,0
72,1963,04,17,1963-04-17,17:00:00,3,IN,18,5,3.5,0,0,0.0,0.0,41.7,-86.28,0.0,0.0,0,0,0,0,0,141,0,0,0
73,1963,04,17,1963-04-17,17:00:00,3,IL,17,6,2.0,0,0,0.0,0.0,39.78,-91.08,0.0,0.0,0,0,0,0,0,1,0,0,0
74,1963,04,17,1963-04-17,17:00:00,3,MO,29,10,1.75,0,0,0.0,0.0,39.38,-93.08,0.0,0.0,0,0,0,0,0,195,0,0,0
75,1963,04,17,1963-04-17,17:45:00,3,OH,39,2,1.25,0,0,0.0,0.0,41.58,-83.28,0.0,0.0,0,0,0,0,0,123,0,0,0
76,1963,04,17,1963-04-17,17:55:00,3,MI,26,5,1.0,0,0,0.0,0.0,42.78,-83.68,0.0,0.0,0,0,0,0,0,125,0,0,0
77,1963,04,17,1963-04-17,18:00:00,3,IN,18,6,1.75,0,0,0.0,0.0,41.0,-85.18,0.0,0.0,0,0,0,0,0,3,0,0,0
78,1963,04,17,1963-04-17,18:25:00,3,MI,26,6,2.75,0,0,0.0,0.0,42.08,-83.58,0.0,0.0,0,0,0,0,0,161,0,0,0
79,1963,04,17,1963-04-17,18:30:00,3,IL,17,7,0.75,0,0,0.0,0.0,39.7,-90.18,0.0,0.0,0,0,0,0,0,137,0,0,0
80,1963,04,17,1963-04-17,18:45:00,3,MI,26,7,2.75,0,0,0.0,0.0,42.0,-83.5,0.0,0.0,0,0,0,0,0,115,0,0,0
81,1963,04,17,1963-04-17,18:50:00,3,TX,48,5,4.0,0,0,0.0,0.0,34.0,-98.5,0.0,0.0,0,0,0,0,0,485,0,0,0
82,1963,04,17,1963-04-17,19:00:00,3,OH,39,3,1.75,0,0,0.0,0.0,41.28,-84.4,0.0,0.0,0,0,0,0,0,39,0,0,0
83,1963,04,17,1963-04-17,19:30:00,3,TX,48,6,1.75,0,0,0.0,0.0,34.0,-98.9,0.0,0.0,0,0,0,0,0,485,0,0,0
84,1963,04,17,1963-04-17,20:00:00,3,MI,26,8,1.0,0,0,0.0,0.0,42.7,-83.28,0.0,0.0,0,0,0,0,0,125,0,0,0
85,1963,04,17,1963-04-17,20:30:00,3,MI,26,9,1.5,0,0,0.0,0.0,42.7,-83.68,0.0,0.0,0,0,0,0,0,125,0,0,0
86,1963,04,17,1963-04-17,20:30:00,3,OK,40,14,1.75,0,0,0.0,0.0,34.58,-98.28,0.0,0.0,0,0,0,0,0,31,0,0,0
87,1963,04,17,1963-04-17,20:30:00,3,OK,40,15,2.0,0,0,0.0,0.0,34.58,-98.4,0.0,0.0,0,0,0,0,0,31,0,0,0
88,1963,04,17,1963-04-17,21:20:00,3,MI,26,10,1.5,0,0,0.0,0.0,41.88,-84.0,0.0,0.0,0,0,0,0,0,91,0,0,0
89,1963,04,17,1963-04-17,21:55:00,3,OK,40,16,1.25,0,0,0.0,0.0,35.0,-98.28,0.0,0.0,0,0,0,0,0,15,0,0,0
90,1963,04,18,1963-04-18,14:20:00,3,OK,40,17,0.75,0,0,0.0,0.0,35.88,-97.58,0.0,0.0,0,0,0,0,0,83,0,0,0
91,1963,04,18,1963-04-18,15:30:00,3,MO,29,11,1.75,0,0,0.0,0.0,40.0,-93.9,0.0,0.0,0,0,0,0,0,61,0,0,0
92,1963,04,18,1963-04-18,17:45:00,3,KS,20,9,1.0,0,0,0.0,0.0,39.08,-94.68,0.0,0.0,0,0,0,0,0,209,0,0,0
93,1963,04,18,1963-04-18,17:54:00,3,MO,29,12,0.75,0,0,0.0,0.0,39.2,-94.58,0.0,0.0,0,0,0,0,0,47,0,0,0
94,1963,04,18,1963-04-18,18:40:00,3,MO,29,13,1.25,0,0,0.0,0.0,39.0,-94.5,0.0,0.0,0,0,0,0,0,95,0,0,0
95,1963,04,18,1963-04-18,18:45:00,3,MO,29,14,1.0,0,0,0.0,0.0,39.88,-94.0,0.0,0.0,0,0,0,0,0,61,0,0,0
96,1963,04,18,1963-04-18,20:00:00,3,OK,40,18,1.0,0,0,0.0,0.0,35.2,-96.5,0.0,0.0,0,0,0,0,0,133,0,0,0
97,1963,04,18,1963-04-18,22:30:00,3,KS,20,10,1.75,0,0,0.0,0.0,37.28,-95.68,0.0,0.0,0,0,0,0,0,125,0,0,0
98,1963,04,19,1963-04-19,02:00:00,3,MO,29,15,1.0,0,0,0.0,0.0,38.58,-92.18,0.0,0.0,0,0,0,0,0,51,0,0,0
99,1963,04,19,1963-04-19,18:25:00,3,IN,18,7,0.75,0,0,0.0,0.0,39.7,-86.08,0.0,0.0,0,0,0,0,0,97,0,0,0
100,1963,04,19,1963-04-19,18:32:00,3,IN,18,8,0.75,0,0,0.0,0.0,39.7,-86.18,0.0,0.0,0,0,0,0,0,97,0,0,0
101,1963,04,21,1963-04-21,16:40:00,3,MO,29,16,1.25,0,0,0.0,0.0,38.38,-91.18,0.0,0.0,0,0,0,0,0,71,0,0,0
102,1963,04,21,1963-04-21,17:45:00,3,MO,29,17,1.5,0,0,0.0,0.0,38.58,-90.18,0.0,0.0,0,0,0,0,0,0,0,0,0
103,1963,04,21,1963-04-21,22:27:00,3,NE,31,1,0.75,0,0,0.0,0.0,41.2,-95.9,0.0,0.0,0,0,0,0,0,0,0,0,0
104,1963,04,22,1963-04-22,17:30:00,3,IL,17,8,2.0,0,0,0.0,0.0,39.78,-89.0,0.0,0.0,0,0,0,0,0,115,0,0,0
105,1963,04,22,1963-04-22,18:45:00,3,TX,48,7,1.0,0,0,0.0,0.0,32.78,-96.78,0.0,0.0,0,0,0,0,0,113,0,0,0
106,1963,04,22,1963-04-22,19:05:00,3,IN,18,9,1.75,0,0,0.0,0.0,39.78,-86.5,0.0,0.0,0,0,0,0,0,63,0,0,0
107,1963,04,22,1963-04-22,19:33:00,3,AR,5,1,1.0,0,0,0.0,0.0,34.08,-93.78,0.0,0.0,0,0,0,0,0,61,0,0,0
108,1963,04,22,1963-04-22,19:45:00,3,IN,18,10,0.75,0,0,0.0,0.0,41.7,-86.08,0.0,0.0,0,0,0,0,0,141,0,0,0
109,1963,04,22,1963-04-22,20:40:00,3,IL,17,9,0.75,0,0,0.0,0.0,37.38,-89.28,0.0,0.0,0,0,0,0,0,181,0,0,0
110,1963,04,22,1963-04-22,21:45:00,3,TX,48,8,3.0,0,0,0.0,0.0,31.4,-97.4,0.0,0.0,0,0,0,0,0,309,0,0,0
111,1963,04,24,1963-04-24,08:52:00,3,OK,40,19,1.75,0,0,0.0,0.0,36.2,-97.5,0.0,0.0,0,0,0,0,0,47,0,0,0
112,1963,04,25,1963-04-25,02:00:00,3,OK,40,20,1.0,0,0,0.0,0.0,34.78,-97.0,0.0,0.0,0,0,0,0,0,49,0,0,0
113,1963,04,25,1963-04-25,02:30:00,3,OK,40,21,1.13,0,0,0.0,0.0,36.28,-97.9,0.0,0.0,0,0,0,0,0,47,0,0,0
114,1963,04,25,1963-04-25,04:30:00,3,OK,40,22,0.86,0,0,0.0,0.0,34.0,-95.5,0.0,0.0,0,0,0,0,0,23,0,0,0
115,1963,04,26,1963-04-26,13:30:00,3,OK,40,23,1.0,0,0,0.0,0.0,34.78,-98.58,0.0,0.0,0,0,0,0,0,31,0,0,0
116,1963,04,26,1963-04-26,15:30:00,3,OK,40,24,2.0,0,0,0.0,0.0,34.5,-97.9,0.0,0.0,0,0,0,0,0,137,0,0,0
117,1963,04,26,1963-04-26,17:00:00,3,TX,48,9,1.75,0,0,0.0,0.0,32.78,-99.9,0.0,0.0,0,0,0,0,0,253,0,0,0
118,1963,04,28,1963-04-28,01:30:00,3,OK,40,25,3.0,0,0,0.0,0.0,36.5,-98.5,0.0,0.0,0,0,0,0,0,3,0,0,0
119,1963,04,28,1963-04-28,02:30:00,3,OK,40,26,1.0,0,0,0.0,0.0,36.7,-98.08,0.0,0.0,0,0,0,0,0,53,0,0,0
120,1963,04,28,1963-04-28,03:15:00,3,TX,48,10,0.75,0,0,0.0,0.0,31.9,-102.18,0.0,0.0,0,0,0,0,0,329,0,0,0
121,1963,04,28,1963-04-28,09:06:00,3,TX,48,11,1.0,0,0,0.0,0.0,32.38,-99.9,0.0,0.0,0,0,0,0,0,441,0,0,0
122,1963,04,28,1963-04-28,11:30:00,3,TX,48,12,1.5,0,0,0.0,0.0,32.88,-96.78,0.0,0.0,0,0,0,0,0,113,0,0,0
123,1963,04,28,1963-04-28,13:00:00,3,TX,48,13,1.0,0,0,0.0,0.0,32.78,-97.78,0.0,0.0,0,0,0,0,0,367,0,0,0
124,1963,04,28,1963-04-28,15:00:00,3,KS,20,11,3.0,0,0,0.0,0.0,39.78,-98.0,0.0,0.0,0,0,0,0,0,89,0,0,0
125,1963,04,28,1963-04-28,16:15:00,3,KS,20,12,2.75,0,0,0.0,0.0,39.78,-96.28,0.0,0.0,0,0,0,0,0,117,0,0,0
126,1963,04,28,1963-04-28,16:45:00,3,NE,31,2,1.75,0,0,0.0,0.0,41.7,-96.9,0.0,0.0,0,0,0,0,0,53,0,0,0
127,1963,04,28,1963-04-28,16:45:00,3,KS,20,13,0.75,0,0,0.0,0.0,39.5,-97.68,0.0,0.0,0,0,0,0,0,29,0,0,0
128,1963,04,28,1963-04-28,17:00:00,3,NE,31,3,2.5,0,0,0.0,0.0,40.08,-97.18,0.0,0.0,0,0,0,0,0,95,0,0,0
129,1963,04,28,1963-04-28,17:00:00,3,TX,48,14,1.75,0,0,0.0,0.0,29.78,-99.28,0.0,0.0,0,0,0,0,0,19,0,0,0
130,1963,04,28,1963-04-28,17:30:00,3,TX,48,15,1.75,0,0,0.0,0.0,29.68,-98.68,0.0,0.0,0,0,0,0,0,29,0,0,0
131,1963,04,28,1963-04-28,17:45:00,3,TX,48,16,1.75,0,0,0.0,0.0,32.88,-96.78,0.0,0.0,0,0,0,0,0,113,0,0,0
132,1963,04,28,1963-04-28,18:00:00,3,NE,31,4,1.0,0,0,0.0,0.0,40.2,-97.0,0.0,0.0,0,0,0,0,0,95,0,0,0
133,1963,04,28,1963-04-28,18:00:00,3,NE,31,5,0.75,0,0,0.0,0.0,40.2,-97.58,0.0,0.0,0,0,0,0,0,169,0,0,0
134,1963,04,28,1963-04-28,18:00:00,3,NE,31,6,1.0,0,0,0.0,0.0,40.28,-96.78,0.0,0.0,0,0,0,0,0,67,0,0,0
135,1963,04,28,1963-04-28,20:30:00,3,TX,48,17,0.75,0,0,0.0,0.0,31.1,-97.5,0.0,0.0,0,0,0,0,0,27,0,0,0
136,1963,04,29,1963-04-29,12:14:00,3,MO,29,18,1.75,0,0,0.0,0.0,39.0,-92.78,0.0,0.0,0,0,0,0,0,89,0,0,0
137,1963,04,29,1963-04-29,13:50:00,3,MO,29,19,2.0,0,0,0.0,0.0,38.5,-90.78,0.0,0.0,0,0,0,0,0,71,0,0,0
138,1963,04,29,1963-04-29,14:45:00,3,IL,17,10,1.75,0,0,0.0,0.0,39.78,-89.68,0.0,0.0,0,0,0,0,0,167,0,0,0
139,1963,04,29,1963-04-29,15:35:00,3,AR,5,2,1.25,0,0,0.0,0.0,34.78,-92.5,0.0,0.0,0,0,0,0,0,119,0,0,0
140,1963,04,29,1963-04-29,16:00:00,3,GA,13,1,1.75,0,0,0.0,0.0,33.28,-83.9,0.0,0.0,0,0,0,0,0,35,0,0,0
141,1963,04,29,1963-04-29,16:25:00,3,AL,1,3,0.75,0,0,0.0,0.0,33.2,-87.58,0.0,0.0,0,0,0,0,0,125,0,0,0
142,1963,04,29,1963-04-29,16:43:00,3,IL,17,11,1.0,0,0,0.0,0.0,37.78,-89.28,0.0,0.0,0,0,0,0,0,77,0,0,0
143,1963,04,29,1963-04-29,17:00:00,3,MO,29,20,1.0,0,0,0.0,0.0,37.2,-89.58,0.0,0.0,0,0,0,0,0,201,0,0,0
144,1963,04,29,1963-04-29,17:10:00,3,TX,48,18,1.5,0,0,0.0,0.0,30.18,-96.9,0.0,0.0,0,0,0,0,0,287,0,0,0
145,1963,04,29,1963-04-29,17:18:00,3,LA,22,3,2.0,0,0,0.0,0.0,31.9,-92.58,0.0,0.0,0,0,0,0,0,127,0,0,0
146,1963,04,29,1963-04-29,17:30:00,3,TX,48,19,1.75,0,0,0.0,0.0,29.88,-96.9,0.0,0.0,0,0,0,0,0,149,0,0,0
147,1963,04,29,1963-04-29,19:55:00,3,AL,1,4,1.75,0,0,0.0,0.0,34.08,-88.0,0.0,0.0,0,0,0,0,0,93,0,0,0
148,1963,04,29,1963-04-29,21:20:00,3,OH,39,4,0.75,0,0,0.0,0.0,39.08,-84.5,0.0,0.0,0,0,0,0,0,0,0,0,0
149,1963,04,29,1963-04-29,21:30:00,3,OH,39,5,0.75,0,0,0.0,0.0,39.2,-84.5,0.0,0.0,0,0,0,0,0,61,0,0,0
150,1963,04,30,1963-04-30,15:30:00,3,VA,51,1,1.5,0,0,0.0,0.0,36.78,-79.4,0.0,0.0,0,0,0,0,0,143,0,0,0
151,1963,04,30,1963-04-30,17:00:00,3,NC,37,1,1.75,0,0,0.0,0.0,35.88,-77.5,0.0,0.0,0,0,0,0,0,65,0,0,0
152,1963,04,30,1963-04-30,18:00:00,3,VA,51,2,0.75,0,0,0.0,0.0,37.08,-78.08,0.0,0.0,0,0,0,0,0,111,0,0,0
153,1963,04,30,1963-04-30,23:30:00,3,IA,19,5,1.5,0,0,0.0,0.0,40.78,-94.58,0.0,0.0,0,0,0,0,0,173,0,0,0
154,1963,05,01,1963-05-01,16:00:00,3,NM,35,2,1.0,0,0,0.0,0.0,32.78,-104.4,0.0,0.0,0,0,0,0,0,15,0,0,0
155,1963,05,03,1963-05-03,14:35:00,3,IA,19,6,1.75,0,0,0.0,0.0,43.2,-95.18,0.0,0.0,0,0,0,0,0,41,0,0,0
156,1963,05,03,1963-05-03,16:00:00,3,WI,55,4,1.5,0,0,0.0,0.0,44.28,-91.28,0.0,0.0,0,0,0,0,0,121,0,0,0
157,1963,05,03,1963-05-03,16:00:00,3,IA,19,7,2.5,0,0,0.0,0.0,42.78,-96.28,0.0,0.0,0,0,0,0,0,149,0,0,0
158,1963,05,03,1963-05-03,17:00:00,3,NE,31,7,1.75,0,0,0.0,0.0,42.0,-97.08,0.0,0.0,0,0,0,0,0,167,0,0,0
159,1963,05,04,1963-05-04,06:25:00,3,MO,29,21,0.75,0,0,0.0,0.0,38.88,-92.28,0.0,0.0,0,0,0,0,0,19,0,0,0
160,1963,05,04,1963-05-04,10:00:00,3,OK,40,27,0.75,0,0,0.0,0.0,34.38,-98.9,0.0,0.0,0,0,0,0,0,141,0,0,0
161,1963,05,04,1963-05-04,13:15:00,3,TX,48,20,0.75,0,0,0.0,0.0,34.38,-102.58,0.0,0.0,0,0,0,0,0,369,0,0,0
162,1963,05,04,1963-05-04,15:10:00,3,CO,8,1,1.5,0,0,0.0,0.0,40.2,-103.18,0.0,0.0,0,0,0,0,0,121,0,0,0
163,1963,05,04,1963-05-04,15:30:00,3,MI,26,11,1.0,0,0,0.0,0.0,43.5,-84.0,0.0,0.0,0,0,0,0,0,145,0,0,0
164,1963,05,04,1963-05-04,16:00:00,3,MI,26,12,0.75,0,0,0.0,0.0,43.0,-83.68,0.0,0.0,0,0,0,0,0,49,0,0,0
165,1963,05,04,1963-05-04,16:35:00,3,MT,30,1,0.75,0,0,0.0,0.0,45.7,-110.3,0.0,0.0,0,0,0,0,0,67,0,0,0
166,1963,05,04,1963-05-04,16:50:00,3,OK,40,28,0.75,0,0,0.0,0.0,36.58,-98.9,0.0,0.0,0,0,0,0,0,151,0,0,0
167,1963,05,04,1963-05-04,17:00:00,3,TN,47,5,0.75,0,0,0.0,0.0,35.28,-87.28,0.0,0.0,0,0,0,0,0,99,0,0,0
168,1963,05,04,1963-05-04,17:12:00,3,KS,20,14,4.5,0,0,0.0,0.0,38.38,-95.58,0.0,0.0,0,0,0,0,0,31,0,0,0
169,1963,05,04,1963-05-04,17:25:00,3,KS,20,15,1.5,0,0,0.0,0.0,39.2,-95.18,0.0,0.0,0,0,0,0,0,87,0,0,0
170,1963,05,04,1963-05-04,17:25:00,3,TX,48,21,2.0,0,0,0.0,0.0,26.2,-98.18,0.0,0.0,0,0,0,0,0,215,0,0,0
171,1963,05,04,1963-05-04,18:00:00,3,TX,48,22,1.75,0,0,0.0,0.0,30.9,-102.9,0.0,0.0,0,0,0,0,0,371,0,0,0
172,1963,05,04,1963-05-04,18:15:00,3,KS,20,16,1.0,0,0,0.0,0.0,39.0,-94.68,0.0,0.0,0,0,0,0,0,91,0,0,0
173,1963,05,04,1963-05-04,18:15:00,3,KS,20,17,1.75,0,0,0.0,0.0,39.08,-94.78,0.0,0.0,0,0,0,0,0,209,0,0,0
174,1963,05,04,1963-05-04,18:15:00,3,KS,20,18,1.5,0,0,0.0,0.0,39.2,-95.58,0.0,0.0,0,0,0,0,0,177,0,0,0
175,1963,05,04,1963-05-04,18:20:00,3,KS,20,19,1.5,0,0,0.0,0.0,39.08,-94.9,0.0,0.0,0,0,0,0,0,209,0,0,0
176,1963,05,04,1963-05-04,18:20:00,3,MO,29,22,0.75,0,0,0.0,0.0,38.88,-94.4,0.0,0.0,0,0,0,0,0,95,0,0,0
177,1963,05,04,1963-05-04,18:50:00,3,KS,20,20,1.5,0,0,0.0,0.0,39.2,-95.78,0.0,0.0,0,0,0,0,0,177,0,0,0
178,1963,05,04,1963-05-04,19:00:00,3,TX,48,23,2.75,0,0,0.0,0.0,33.38,-102.18,0.0,0.0,0,0,0,0,0,445,0,0,0
179,1963,05,04,1963-05-04,19:10:00,3,KS,20,21,2.0,0,0,0.0,0.0,38.88,-96.0,0.0,0.0,0,0,0,0,0,197,0,0,0
180,1963,05,04,1963-05-04,19:55:00,3,KS,20,22,2.0,0,0,0.0,0.0,39.0,-96.08,0.0,0.0,0,0,0,0,0,197,0,0,0
181,1963,05,04,1963-05-04,20:00:00,3,KS,20,23,2.0,0,0,0.0,0.0,39.5,-96.0,0.0,0.0,0,0,0,0,0,85,0,0,0
182,1963,05,04,1963-05-04,20:00:00,3,OK,40,29,0.75,0,0,0.0,0.0,34.78,-98.9,0.0,0.0,0,0,0,0,0,75,0,0,0
183,1963,05,05,1963-05-05,02:00:00,3,CO,8,2,0.75,0,0,0.0,0.0,38.78,-104.68,0.0,0.0,0,0,0,0,0,41,0,0,0
184,1963,05,05,1963-05-05,14:00:00,3,TX,48,24,1.5,0,0,0.0,0.0,32.5,-100.28,0.0,0.0,0,0,0,0,0,353,0,0,0
185,1963,05,05,1963-05-05,15:30:00,3,NM,35,3,1.75,0,0,0.0,0.0,34.08,-103.4,0.0,0.0,0,0,0,0,0,41,0,0,0
186,1963,05,05,1963-05-05,16:50:00,3,TX,48,25,0.75,0,0,0.0,0.0,35.2,-102.68,0.0,0.0,0,0,0,0,0,359,0,0,0
187,1963,05,06,1963-05-06,15:31:00,3,NE,31,8,0.75,0,0,0.0,0.0,42.88,-100.58,0.0,0.0,0,0,0,0,0,31,0,0,0
188,1963,05,06,1963-05-06,16:40:00,3,OK,40,30,0.75,0,0,0.0,0.0,34.7,-98.4,0.0,0.0,0,0,0,0,0,31,0,0,0
189,1963,05,06,1963-05-06,20:30:00,3,SD,46,1,1.75,0,0,0.0,0.0,44.7,-97.68,0.0,0.0,0,0,0,0,0,25,0,0,0
190,1963,05,06,1963-05-06,21:15:00,3,SD,46,2,0.75,0,0,0.0,0.0,45.5,-98.4,0.0,0.0,0,0,0,0,0,13,0,0,0
191,1963,05,07,1963-05-07,23:00:00,3,WI,55,5,1.5,0,0,0.0,0.0,46.08,-89.5,0.0,0.0,0,0,0,0,0,125,0,0,0
192,1963,05,08,1963-05-08,06:05:00,3,MI,26,13,2.0,0,0,0.0,0.0,45.78,-88.08,0.0,0.0,0,0,0,0,0,43,0,0,0
193,1963,05,08,1963-05-08,08:00:00,3,MI,26,14,1.5,0,0,0.0,0.0,45.2,-85.0,0.0,0.0,0,0,0,0,0,29,0,0,0
194,1963,05,09,1963-05-09,11:15:00,3,WI,55,6,0.75,0,0,0.0,0.0,43.5,-90.5,0.0,0.0,0,0,0,0,0,103,0,0,0
195,1963,05,09,1963-05-09,12:55:00,3,WI,55,7,1.0,0,0,0.0,0.0,43.2,-89.18,0.0,0.0,0,0,0,0,0,25,0,0,0
196,1963,05,09,1963-05-09,21:00:00,3,IA,19,8,1.5,0,0,0.0,0.0,43.2,-93.28,0.0,0.0,0,0,0,0,0,33,0,0,0
197,1963,05,10,1963-05-10,15:00:00,3,OR,41,1,0.75,0,0,0.0,0.0,44.7,-117.8,0.0,0.0,0,0,0,0,0,1,0,0,0
198,1963,05,10,1963-05-10,17:25:00,3,OH,39,6,1.5,0,0,0.0,0.0,40.38,-82.5,0.0,0.0,0,0,0,0,0,83,0,0,0
199,1963,05,10,1963-05-10,18:58:00,3,OK,40,31,1.0,0,0,0.0,0.0,36.28,-95.9,0.0,0.0,0,0,0,0,0,143,0,0,0
200,1963,05,10,1963-05-10,19:15:00,3,IN,18,11,2.0,0,0,0.0,0.0,38.2,-87.5,0.0,0.0,0,0,0,0,0,51,0,0,0
201,1963,05,10,1963-05-10,19:30:00,3,OK,40,32,4.5,0,0,0.0,0.0,36.2,-95.9,0.0,0.0,0,0,0,0,0,143,0,0,0
202,1963,05,10,1963-05-10,19:32:00,3,IN,18,12,1.25,0,0,0.0,0.0,37.88,-87.4,0.0,0.0,0,0,0,0,0,0,0,0,0
203,1963,05,10,1963-05-10,21:00:00,3,OK,40,33,1.0,0,0,0.0,0.0,36.0,-95.9,0.0,0.0,0,0,0,0,0,143,0,0,0
204,1963,05,10,1963-05-10,22:30:00,3,OK,40,34,1.0,0,0,0.0,0.0,35.78,-95.5,0.0,0.0,0,0,0,0,0,101,0,0,0
205,1963,05,11,1963-05-11,14:00:00,3,IA,19,9,2.75,0,0,0.0,0.0,42.08,-95.78,0.0,0.0,0,0,0,0,0,133,0,0,0
206,1963,05,12,1963-05-12,16:00:00,3,IA,19,10,2.0,0,0,0.0,0.0,42.2,-95.78,0.0,0.0,0,0,0,0,0,133,0,0,0
207,1963,05,12,1963-05-12,17:37:00,3,MN,27,2,1.0,0,0,0.0,0.0,44.88,-93.18,0.0,0.0,0,0,0,0,0,53,0,0,0
208,1963,05,12,1963-05-12,19:00:00,3,KS,20,24,0.75,0,0,0.0,0.0,39.0,-98.08,0.0,0.0,0,0,0,0,0,105,0,0,0
209,1963,05,12,1963-05-12,19:50:00,3,KS,20,25,1.75,0,0,0.0,0.0,38.2,-98.18,0.0,0.0,0,0,0,0,0,159,0,0,0
210,1963,05,12,1963-05-12,20:25:00,3,KS,20,26,1.0,0,0,0.0,0.0,38.2,-97.9,0.0,0.0,0,0,0,0,0,113,0,0,0
211,1963,05,13,1963-05-13,13:05:00,3,MO,29,23,1.25,0,0,0.0,0.0,37.2,-94.28,0.0,0.0,0,0,0,0,0,97,0,0,0
212,1963,05,13,1963-05-13,14:45:00,3,MO,29,24,0.75,0,0,0.0,0.0,37.2,-93.4,0.0,0.0,0,0,0,0,0,77,0,0,0
213,1963,05,13,1963-05-13,15:35:00,3,MO,29,25,1.75,0,0,0.0,0.0,37.0,-92.68,0.0,0.0,0,0,0,0,0,67,0,0,0
214,1963,05,13,1963-05-13,19:15:00,3,OK,40,37,1.25,0,0,0.0,0.0,35.7,-99.18,0.0,0.0,0,0,0,0,0,39,0,0,0
215,1963,05,13,1963-05-13,22:50:00,3,OK,40,38,1.75,0,0,0.0,0.0,36.28,-98.5,0.0,0.0,0,0,0,0,0,93,0,0,0
216,1963,05,13,1963-05-13,23:10:00,3,OK,40,39,1.0,0,0,0.0,0.0,35.88,-99.18,0.0,0.0,0,0,0,0,0,43,0,0,0
217,1963,05,13,1963-05-13,23:55:00,3,OK,40,40,1.0,0,0,0.0,0.0,35.78,-97.9,0.0,0.0,0,0,0,0,0,73,0,0,0
218,1963,05,14,1963-05-14,16:30:00,3,KS,20,27,2.0,0,0,0.0,0.0,38.58,-95.28,0.0,0.0,0,0,0,0,0,59,0,0,0
219,1963,05,14,1963-05-14,18:00:00,3,CO,8,3,2.5,0,0,0.0,0.0,40.78,-102.9,0.0,0.0,0,0,0,0,0,75,0,0,0
220,1963,05,14,1963-05-14,21:00:00,3,NE,31,9,1.5,0,0,0.0,0.0,40.5,-97.58,0.0,0.0,0,0,0,0,0,59,0,0,0
221,1963,05,14,1963-05-14,21:00:00,3,NE,31,10,1.75,0,0,0.0,0.0,40.78,-96.78,0.0,0.0,0,0,0,0,0,109,0,0,0
222,1963,05,14,1963-05-14,21:00:00,3,NE,31,11,2.5,0,0,0.0,0.0,40.88,-96.78,0.0,0.0,0,0,0,0,0,109,0,0,0
223,1963,05,14,1963-05-14,21:00:00,3,NE,31,12,1.25,0,0,0.0,0.0,41.0,-98.58,0.0,0.0,0,0,0,0,0,79,0,0,0
224,1963,05,14,1963-05-14,22:30:00,3,NE,31,13,1.0,0,0,0.0,0.0,40.58,-97.58,0.0,0.0,0,0,0,0,0,59,0,0,0
225,1963,05,15,1963-05-15,00:30:00,3,IA,19,11,1.0,0,0,0.0,0.0,40.58,-92.5,0.0,0.0,0,0,0,0,0,51,0,0,0
226,1963,05,15,1963-05-15,00:30:00,3,KS,20,28,2.75,0,0,0.0,0.0,39.7,-96.4,0.0,0.0,0,0,0,0,0,117,0,0,0
227,1963,05,15,1963-05-15,00:30:00,3,KS,20,29,0.75,0,0,0.0,0.0,39.78,-96.68,0.0,0.0,0,0,0,0,0,117,0,0,0
228,1963,05,15,1963-05-15,14:40:00,3,TN,47,6,0.75,0,0,0.0,0.0,35.88,-84.08,0.0,0.0,0,0,0,0,0,93,0,0,0
229,1963,05,15,1963-05-15,14:40:00,3,TN,47,7,1.5,0,0,0.0,0.0,36.0,-84.0,0.0,0.0,0,0,0,0,0,93,0,0,0
230,1963,05,15,1963-05-15,15:00:00,3,MO,29,26,1.75,0,0,0.0,0.0,37.5,-93.0,0.0,0.0,0,0,0,0,0,59,0,0,0
231,1963,05,15,1963-05-15,17:20:00,3,NE,31,14,1.75,0,0,0.0,0.0,40.0,-101.5,0.0,0.0,0,0,0,0,0,57,0,0,0
232,1963,05,15,1963-05-15,17:40:00,3,KS,20,30,1.75,0,0,0.0,0.0,39.78,-101.08,0.0,0.0,0,0,0,0,0,153,0,0,0
233,1963,05,15,1963-05-15,18:00:00,3,NE,31,15,1.75,0,0,0.0,0.0,40.2,-100.58,0.0,0.0,0,0,0,0,0,145,0,0,0
234,1963,05,15,1963-05-15,19:30:00,3,MO,29,27,1.75,0,0,0.0,0.0,39.5,-92.5,0.0,0.0,0,0,0,0,0,175,0,0,0
235,1963,05,15,1963-05-15,20:00:00,3,MO,29,28,2.0,0,0,0.0,0.0,39.5,-92.78,0.0,0.0,0,0,0,0,0,41,0,0,0
236,1963,05,15,1963-05-15,20:45:00,3,MO,29,29,2.0,0,0,0.0,0.0,39.2,-91.9,0.0,0.0,0,0,0,0,0,7,0,0,0
237,1963,05,16,1963-05-16,14:30:00,3,MN,27,3,0.75,0,0,0.0,0.0,48.78,-96.9,0.0,0.0,0,0,0,0,0,69,0,0,0
238,1963,05,16,1963-05-16,16:30:00,3,SC,45,2,1.5,0,0,0.0,0.0,35.08,-82.0,0.0,0.0,0,0,0,0,0,83,0,0,0
239,1963,05,16,1963-05-16,19:20:00,3,OK,40,41,0.75,0,0,0.0,0.0,36.08,-97.08,0.0,0.0,0,0,0,0,0,119,0,0,0
240,1963,05,16,1963-05-16,20:00:00,3,NC,37,2,2.0,0,0,0.0,0.0,35.5,-81.28,0.0,0.0,0,0,0,0,0,109,0,0,0
241,1963,05,17,1963-05-17,18:00:00,3,NC,37,3,1.5,0,0,0.0,0.0,34.58,-79.0,0.0,0.0,0,0,0,0,0,155,0,0,0
242,1963,05,18,1963-05-18,15:05:00,3,TX,48,26,1.75,0,0,0.0,0.0,35.28,-102.4,0.0,0.0,0,0,0,0,0,359,0,0,0
243,1963,05,18,1963-05-18,15:40:00,3,FL,12,3,1.0,0,0,0.0,0.0,30.38,-81.9,0.0,0.0,0,0,0,0,0,31,0,0,0
244,1963,05,18,1963-05-18,15:45:00,3,TX,48,27,0.75,0,0,0.0,0.0,36.0,-102.58,0.0,0.0,0,0,0,0,0,205,0,0,0
245,1963,05,19,1963-05-19,13:00:00,3,TX,48,28,1.75,0,0,0.0,0.0,34.2,-99.28,0.0,0.0,0,0,0,0,0,487,0,0,0
246,1963,05,19,1963-05-19,14:40:00,3,LA,22,4,0.75,0,0,0.0,0.0,31.4,-92.28,0.0,0.0,0,0,0,0,0,79,0,0,0
247,1963,05,19,1963-05-19,15:15:00,3,OK,40,42,0.75,0,0,0.0,0.0,34.38,-99.0,0.0,0.0,0,0,0,0,0,141,0,0,0
248,1963,05,19,1963-05-19,15:40:00,3,TX,48,29,1.0,0,0,0.0,0.0,34.0,-98.9,0.0,0.0,0,0,0,0,0,485,0,0,0
249,1963,05,19,1963-05-19,15:45:00,3,MO,29,30,1.75,0,0,0.0,0.0,36.28,-92.4,0.0,0.0,0,0,0,0,0,0,0,0,0
250,1963,05,19,1963-05-19,17:00:00,3,TX,48,30,0.75,0,0,0.0,0.0,33.88,-98.08,0.0,0.0,0,0,0,0,0,77,0,0,0
251,1963,05,19,1963-05-19,18:00:00,3,TX,48,31,1.75,0,0,0.0,0.0,32.88,-95.0,0.0,0.0,0,0,0,0,0,459,0,0,0
252,1963,05,20,1963-05-20,10:45:00,3,NC,37,4,1.0,0,0,0.0,0.0,35.08,-77.0,0.0,0.0,0,0,0,0,0,49,0,0,0
253,1963,05,21,1963-05-21,16:00:00,3,NC,37,5,0.75,0,0,0.0,0.0,35.88,-78.78,0.0,0.0,0,0,0,0,0,63,0,0,0
254,1963,05,21,1963-05-21,18:30:00,3,TX,48,32,0.75,0,0,0.0,0.0,32.78,-99.9,0.0,0.0,0,0,0,0,0,253,0,0,0
255,1963,05,21,1963-05-21,19:00:00,3,NM,35,4,0.75,0,0,0.0,0.0,34.38,-103.18,0.0,0.0,0,0,0,0,0,9,0,0,0
256,1963,05,21,1963-05-21,19:00:00,3,TX,48,33,2.0,0,0,0.0,0.0,34.08,-102.5,0.0,0.0,0,0,0,0,0,279,0,0,0
257,1963,05,21,1963-05-21,19:30:00,3,TX,48,34,4.5,0,0,0.0,0.0,34.38,-102.68,0.0,0.0,0,0,0,0,0,369,0,0,0
258,1963,05,21,1963-05-21,22:30:00,3,NM,35,5,1.75,0,0,0.0,0.0,32.78,-103.18,0.0,0.0,0,0,0,0,0,25,0,0,0
259,1963,05,22,1963-05-22,15:00:00,3,FL,12,4,0.75,0,0,0.0,0.0,30.38,-81.68,0.0,0.0,0,0,0,0,0,31,0,0,0
260,1963,05,22,1963-05-22,17:30:00,3,SC,45,3,1.0,0,0,0.0,0.0,33.28,-80.4,0.0,0.0,0,0,0,0,0,35,0,0,0
261,1963,05,23,1963-05-23,16:15:00,3,TX,48,35,0.75,0,0,0.0,0.0,31.78,-106.4,0.0,0.0,0,0,0,0,0,141,0,0,0
262,1963,05,23,1963-05-23,20:00:00,3,TX,48,36,2.0,0,0,0.0,0.0,34.08,-102.4,0.0,0.0,0,0,0,0,0,279,0,0,0
263,1963,05,25,1963-05-25,16:26:00,3,UT,49,1,0.75,0,0,0.0,0.0,40.7,-114.0,0.0,0.0,0,0,0,0,0,45,0,0,0
264,1963,05,25,1963-05-25,16:30:00,3,OK,40,43,1.5,0,0,0.0,0.0,35.0,-99.28,0.0,0.0,0,0,0,0,0,75,0,0,0
265,1963,05,25,1963-05-25,16:45:00,3,OK,40,44,0.75,0,0,0.0,0.0,36.28,-98.5,0.0,0.0,0,0,0,0,0,93,0,0,0
266,1963,05,25,1963-05-25,17:20:00,3,OK,40,45,1.5,0,0,0.0,0.0,36.08,-98.28,0.0,0.0,0,0,0,0,0,11,0,0,0
267,1963,05,25,1963-05-25,17:30:00,3,OK,40,46,1.75,0,0,0.0,0.0,35.0,-99.08,0.0,0.0,0,0,0,0,0,75,0,0,0
268,1963,05,25,1963-05-25,17:40:00,3,OK,40,47,4.0,0,0,0.0,0.0,35.08,-98.78,0.0,0.0,0,0,0,0,0,75,0,0,0
269,1963,05,25,1963-05-25,18:00:00,3,KS,20,31,2.0,0,0,0.0,0.0,37.7,-97.28,0.0,0.0,0,0,0,0,0,173,0,0,0
270,1963,05,25,1963-05-25,18:30:00,3,KS,20,32,5.0,0,0,0.0,0.0,37.58,-97.4,0.0,0.0,0,0,0,0,0,173,0,0,0
271,1963,05,25,1963-05-25,19:00:00,3,KS,20,33,0.75,0,0,0.0,0.0,37.7,-97.4,0.0,0.0,0,0,0,0,0,173,0,0,0
272,1963,05,25,1963-05-25,19:00:00,3,OK,40,48,1.75,0,0,0.0,0.0,36.08,-97.58,0.0,0.0,0,0,0,0,0,83,0,0,0
273,1963,05,25,1963-05-25,19:45:00,3,OK,40,49,1.75,0,0,0.0,0.0,36.08,-97.58,0.0,0.0,0,0,0,0,0,83,0,0,0
274,1963,05,25,1963-05-25,21:30:00,3,KS,20,34,1.0,0,0,0.0,0.0,39.2,-95.18,0.0,0.0,0,0,0,0,0,87,0,0,0
275,1963,05,26,1963-05-26,01:00:00,3,OK,40,50,1.0,0,0,0.0,0.0,35.78,-96.58,0.0,0.0,0,0,0,0,0,37,0,0,0
276,1963,05,26,1963-05-26,01:30:00,3,OK,40,51,1.0,0,0,0.0,0.0,36.0,-96.78,0.0,0.0,0,0,0,0,0,119,0,0,0
277,1963,05,26,1963-05-26,13:30:00,3,KS,20,35,0.75,0,0,0.0,0.0,37.38,-101.0,0.0,0.0,0,0,0,0,0,175,0,0,0
278,1963,05,26,1963-05-26,15:00:00,3,OK,40,52,2.0,0,0,0.0,0.0,36.08,-97.4,0.0,0.0,0,0,0,0,0,119,0,0,0
279,1963,05,26,1963-05-26,15:30:00,3,OK,40,53,2.5,0,0,0.0,0.0,36.58,-100.5,0.0,0.0,0,0,0,0,0,7,0,0,0
280,1963,05,26,1963-05-26,15:35:00,3,OK,40,54,2.5,0,0,0.0,0.0,36.08,-98.58,0.0,0.0,0,0,0,0,0,11,0,0,0
281,1963,05,26,1963-05-26,15:36:00,3,OK,40,55,2.0,0,0,0.0,0.0,35.58,-97.5,0.0,0.0,0,0,0,0,0,109,0,0,0
282,1963,05,26,1963-05-26,15:40:00,3,OK,40,56,1.5,0,0,0.0,0.0,36.08,-98.5,0.0,0.0,0,0,0,0,0,11,0,0,0
283,1963,05,26,1963-05-26,15:43:00,3,OK,40,57,2.0,0,0,0.0,0.0,35.38,-97.58,0.0,0.0,0,0,0,0,0,109,0,0,0
284,1963,05,26,1963-05-26,16:00:00,3,OK,40,58,4.0,0,0,0.0,0.0,35.38,-97.4,0.0,0.0,0,0,0,0,0,109,0,0,0
285,1963,05,26,1963-05-26,16:20:00,3,OK,40,59,2.75,0,0,0.0,0.0,35.5,-97.4,0.0,0.0,0,0,0,0,0,109,0,0,0
286,1963,05,26,1963-05-26,16:20:00,3,OK,40,60,3.0,0,0,0.0,0.0,35.5,-97.5,0.0,0.0,0,0,0,0,0,109,0,0,0
287,1963,05,26,1963-05-26,16:30:00,3,OK,40,61,1.0,0,0,0.0,0.0,35.38,-97.4,0.0,0.0,0,0,0,0,0,109,0,0,0
288,1963,05,26,1963-05-26,16:50:00,3,OK,40,62,2.75,0,0,0.0,0.0,36.78,-97.28,0.0,0.0,0,0,0,0,0,71,0,0,0
289,1963,05,26,1963-05-26,18:00:00,3,TX,48,37,2.75,0,0,0.0,0.0,32.88,-95.0,0.0,0.0,0,0,0,0,0,459,0,0,0
290,1963,05,26,1963-05-26,18:00:00,3,OK,40,63,2.75,0,0,0.0,0.0,35.2,-96.68,0.0,0.0,0,0,0,0,0,133,0,0,0
291,1963,05,26,1963-05-26,19:30:00,3,OK,40,64,1.75,0,0,0.0,0.0,35.0,-96.28,0.0,0.0,0,0,0,0,0,63,0,0,0
292,1963,05,26,1963-05-26,20:00:00,3,OK,40,65,2.75,0,0,0.0,0.0,34.7,-95.9,0.0,0.0,0,0,0,0,0,121,0,0,0
293,1963,05,27,1963-05-27,15:43:00,3,FL,12,5,0.75,0,0,0.0,0.0,26.38,-81.58,0.0,0.0,0,0,0,0,0,21,0,0,0
294,1963,05,27,1963-05-27,16:00:00,3,TX,48,38,1.75,0,0,0.0,0.0,33.2,-97.08,0.0,0.0,0,0,0,0,0,121,0,0,0
295,1963,05,27,1963-05-27,16:10:00,3,TX,48,39,1.0,0,0,0.0,0.0,32.78,-96.78,0.0,0.0,0,0,0,0,0,113,0,0,0
296,1963,05,27,1963-05-27,16:15:00,3,TX,48,40,3.5,0,0,0.0,0.0,33.0,-96.68,0.0,0.0,0,0,0,0,0,85,0,0,0
297,1963,05,27,1963-05-27,16:30:00,3,TX,48,41,2.75,0,0,0.0,0.0,30.7,-99.18,0.0,0.0,0,0,0,0,0,319,0,0,0
298,1963,05,27,1963-05-27,17:00:00,3,TX,48,42,3.0,0,0,0.0,0.0,33.2,-97.78,0.0,0.0,0,0,0,0,0,497,0,0,0
299,1963,05,27,1963-05-27,17:50:00,3,TX,48,43,1.75,0,0,0.0,0.0,33.28,-96.4,0.0,0.0,0,0,0,0,0,85,0,0,0
300,1963,05,27,1963-05-27,18:00:00,3,TX,48,44,2.75,0,0,0.0,0.0,30.18,-98.68,0.0,0.0,0,0,0,0,0,171,0,0,0
301,1963,05,27,1963-05-27,18:45:00,3,OK,40,66,3.0,0,0,0.0,0.0,34.0,-97.0,0.0,0.0,0,0,0,0,0,85,0,0,0
302,1963,05,27,1963-05-27,19:00:00,3,OK,40,67,2.0,0,0,0.0,0.0,34.0,-95.9,0.0,0.0,0,0,0,0,0,23,0,0,0
303,1963,05,27,1963-05-27,19:05:00,3,MS,28,3,1.75,0,0,0.0,0.0,32.5,-88.58,0.0,0.0,0,0,0,0,0,75,0,0,0
304,1963,05,27,1963-05-27,19:30:00,3,TX,48,45,1.75,0,0,0.0,0.0,30.08,-98.5,0.0,0.0,0,0,0,0,0,31,0,0,0
305,1963,05,27,1963-05-27,20:00:00,3,TX,48,46,2.75,0,0,0.0,0.0,29.78,-98.4,0.0,0.0,0,0,0,0,0,91,0,0,0
306,1963,05,27,1963-05-27,20:20:00,3,TX,48,47,1.75,0,0,0.0,0.0,30.28,-98.28,0.0,0.0,0,0,0,0,0,31,0,0,0
307,1963,05,27,1963-05-27,20:20:00,3,OK,40,68,1.5,0,0,0.0,0.0,34.28,-97.0,0.0,0.0,0,0,0,0,0,19,0,0,0
308,1963,05,27,1963-05-27,21:15:00,3,TX,48,48,2.5,0,0,0.0,0.0,29.58,-98.5,0.0,0.0,0,0,0,0,0,29,0,0,0
309,1963,05,28,1963-05-28,01:25:00,3,MO,29,31,0.75,0,0,0.0,0.0,38.78,-90.4,0.0,0.0,0,0,0,0,0,189,0,0,0
310,1963,05,28,1963-05-28,13:15:00,3,FL,12,6,0.75,0,0,0.0,0.0,28.1,-82.4,0.0,0.0,0,0,0,0,0,57,0,0,0
311,1963,05,28,1963-05-28,23:00:00,3,TX,48,49,1.75,0,0,0.0,0.0,29.88,-95.58,0.0,0.0,0,0,0,0,0,201,0,0,0
312,1963,05,29,1963-05-29,15:00:00,3,OK,40,69,0.75,0,0,0.0,0.0,36.78,-99.58,0.0,0.0,0,0,0,0,0,59,0,0,0
313,1963,05,29,1963-05-29,15:30:00,3,OK,40,70,1.0,0,0,0.0,0.0,36.7,-98.18,0.0,0.0,0,0,0,0,0,3,0,0,0
314,1963,05,29,1963-05-29,15:43:00,3,TX,48,50,1.75,0,0,0.0,0.0,31.78,-104.8,0.0,0.0,0,0,0,0,0,109,0,0,0
315,1963,05,29,1963-05-29,16:00:00,3,NM,35,6,1.75,0,0,0.0,0.0,32.08,-103.18,0.0,0.0,0,0,0,0,0,25,0,0,0
316,1963,05,29,1963-05-29,16:00:00,3,NE,31,16,0.75,0,0,0.0,0.0,40.38,-97.0,0.0,0.0,0,0,0,0,0,151,0,0,0
317,1963,05,29,1963-05-29,16:05:00,3,NM,35,7,1.75,0,0,0.0,0.0,32.08,-103.18,0.0,0.0,0,0,0,0,0,25,0,0,0
318,1963,05,29,1963-05-29,16:40:00,3,TX,48,51,1.75,0,0,0.0,0.0,32.7,-102.68,0.0,0.0,0,0,0,0,0,165,0,0,0
319,1963,05,29,1963-05-29,17:30:00,3,KS,20,36,1.75,0,0,0.0,0.0,39.08,-101.28,0.0,0.0,0,0,0,0,0,109,0,0,0
320,1963,05,29,1963-05-29,18:00:00,3,LA,22,5,0.75,0,0,0.0,0.0,29.98,-90.18,0.0,0.0,0,0,0,0,0,51,0,0,0
321,1963,05,29,1963-05-29,18:00:00,3,TX,48,52,1.75,0,0,0.0,0.0,30.38,-103.68,0.0,0.0,0,0,0,0,0,43,0,0,0
322,1963,05,29,1963-05-29,19:10:00,3,OK,40,71,0.75,0,0,0.0,0.0,35.7,-99.9,0.0,0.0,0,0,0,0,0,129,0,0,0
323,1963,05,30,1963-05-30,16:00:00,3,NM,35,8,3.5,0,0,0.0,0.0,32.78,-104.68,0.0,0.0,0,0,0,0,0,15,0,0,0
324,1963,05,30,1963-05-30,16:45:00,3,SD,46,3,3.0,0,0,0.0,0.0,44.0,-103.08,0.0,0.0,0,0,0,0,0,103,0,0,0
325,1963,05,30,1963-05-30,17:30:00,3,TX,48,53,1.5,0,0,0.0,0.0,31.0,-103.8,0.0,0.0,0,0,0,0,0,389,0,0,0
326,1963,05,31,1963-05-31,14:00:00,3,NM,35,9,1.25,0,0,0.0,0.0,35.7,-105.9,0.0,0.0,0,0,0,0,0,49,0,0,0
327,1963,05,31,1963-05-31,15:00:00,3,CO,8,4,0.75,0,0,0.0,0.0,39.28,-103.08,0.0,0.0,0,0,0,0,0,63,0,0,0
328,1963,05,31,1963-05-31,15:45:00,3,TX,48,54,2.0,0,0,0.0,0.0,33.58,-102.0,0.0,0.0,0,0,0,0,0,303,0,0,0
329,1963,06,01,1963-06-01,15:00:00,3,NM,35,10,1.75,0,0,0.0,0.0,32.78,-104.4,0.0,0.0,0,0,0,0,0,15,0,0,0
330,1963,06,02,1963-06-02,05:10:00,3,TX,48,55,0.75,0,0,0.0,0.0,35.2,-101.68,0.0,0.0,0,0,0,0,0,375,0,0,0
331,1963,06,02,1963-06-02,17:00:00,3,TX,48,56,4.0,0,0,0.0,0.0,33.78,-102.18,0.0,0.0,0,0,0,0,0,219,0,0,0
332,1963,06,02,1963-06-02,19:00:00,3,TX,48,57,1.75,0,0,0.0,0.0,34.08,-101.78,0.0,0.0,0,0,0,0,0,189,0,0,0
333,1963,06,02,1963-06-02,19:30:00,3,TX,48,58,1.0,0,0,0.0,0.0,34.08,-101.4,0.0,0.0,0,0,0,0,0,153,0,0,0
334,1963,06,02,1963-06-02,20:00:00,3,TX,48,59,0.75,0,0,0.0,0.0,33.2,-101.78,0.0,0.0,0,0,0,0,0,305,0,0,0
335,1963,06,03,1963-06-03,16:05:00,3,UT,49,2,1.0,0,0,0.0,0.0,40.88,-112.0,0.0,0.0,0,0,0,0,0,11,0,0,0
336,1963,06,03,1963-06-03,16:45:00,3,MO,29,32,1.25,0,0,0.0,0.0,38.88,-94.58,0.0,0.0,0,0,0,0,0,95,0,0,0
337,1963,06,03,1963-06-03,18:45:00,3,TX,48,60,2.75,0,0,0.0,0.0,33.2,-101.4,0.0,0.0,0,0,0,0,0,169,0,0,0
338,1963,06,03,1963-06-03,19:15:00,3,TX,48,61,2.75,0,0,0.0,0.0,33.7,-101.78,0.0,0.0,0,0,0,0,0,303,0,0,0
339,1963,06,03,1963-06-03,21:45:00,3,TX,48,62,5.0,0,0,0.0,0.0,33.2,-101.4,0.0,0.0,0,0,0,0,0,169,0,0,0
340,1963,06,04,1963-06-04,18:30:00,3,TX,48,63,2.75,0,0,0.0,0.0,33.88,-102.28,0.0,0.0,0,0,0,0,0,279,0,0,0
341,1963,06,04,1963-06-04,19:00:00,3,TX,48,64,1.75,0,0,0.0,0.0,34.2,-102.68,0.0,0.0,0,0,0,0,0,17,0,0,0
342,1963,06,04,1963-06-04,20:40:00,3,TX,48,65,1.75,0,0,0.0,0.0,34.78,-102.5,0.0,0.0,0,0,0,0,0,117,0,0,0
343,1963,06,04,1963-06-04,20:45:00,3,MT,30,2,1.75,0,0,0.0,0.0,45.78,-107.58,0.0,0.0,0,0,0,0,0,3,0,0,0
344,1963,06,04,1963-06-04,21:30:00,3,TX,48,66,2.0,0,0,0.0,0.0,34.2,-102.08,0.0,0.0,0,0,0,0,0,279,0,0,0
345,1963,06,05,1963-06-05,12:00:00,3,KS,20,37,0.75,0,0,0.0,0.0,37.5,-98.08,0.0,0.0,0,0,0,0,0,95,0,0,0
346,1963,06,05,1963-06-05,14:30:00,3,MT,30,3,1.5,0,0,0.0,0.0,45.28,-107.4,0.0,0.0,0,0,0,0,0,3,0,0,0
347,1963,06,05,1963-06-05,16:40:00,3,OK,40,72,2.75,0,0,0.0,0.0,35.88,-99.28,0.0,0.0,0,0,0,0,0,43,0,0,0
348,1963,06,05,1963-06-05,17:00:00,3,NE,31,17,2.0,0,0,0.0,0.0,40.88,-98.18,0.0,0.0,0,0,0,0,0,81,0,0,0
349,1963,06,05,1963-06-05,17:00:00,3,MO,29,34,0.75,0,0,0.0,0.0,38.08,-94.4,0.0,0.0,0,0,0,0,0,13,0,0,0
350,1963,06,05,1963-06-05,17:00:00,3,OK,40,73,2.5,0,0,0.0,0.0,35.2,-99.18,0.0,0.0,0,0,0,0,0,149,0,0,0
351,1963,06,05,1963-06-05,18:00:00,3,OH,39,7,0.75,0,0,0.0,0.0,40.0,-82.58,0.0,0.0,0,0,0,0,0,89,0,0,0
352,1963,06,05,1963-06-05,20:30:00,3,NE,31,18,3.0,0,0,0.0,0.0,40.28,-96.9,0.0,0.0,0,0,0,0,0,67,0,0,0
353,1963,06,06,1963-06-06,11:50:00,3,FL,12,7,0.75,0,0,0.0,0.0,27.88,-82.78,0.0,0.0,0,0,0,0,0,103,0,0,0
354,1963,06,06,1963-06-06,13:00:00,3,MT,30,4,1.0,0,0,0.0,0.0,46.2,-108.68,0.0,0.0,0,0,0,0,0,65,0,0,0
355,1963,06,06,1963-06-06,16:45:00,3,PA,42,1,0.75,0,0,0.0,0.0,40.5,-80.0,0.0,0.0,0,0,0,0,0,3,0,0,0
356,1963,06,07,1963-06-07,03:00:00,3,SD,46,4,2.25,0,0,0.0,0.0,45.5,-96.78,0.0,0.0,0,0,0,0,0,109,0,0,0
357,1963,06,07,1963-06-07,14:55:00,3,WI,55,8,1.25,0,0,0.0,0.0,43.0,-89.28,0.0,0.0,0,0,0,0,0,25,0,0,0
358,1963,06,07,1963-06-07,15:00:00,3,ID,16,1,1.0,0,0,0.0,0.0,43.2,-112.4,0.0,0.0,0,0,0,0,0,11,0,0,0
359,1963,06,07,1963-06-07,17:09:00,3,SD,46,5,2.0,0,0,0.0,0.0,44.2,-103.08,0.0,0.0,0,0,0,0,0,93,0,0,0
360,1963,06,07,1963-06-07,18:00:00,3,MT,30,5,1.25,0,0,0.0,0.0,47.58,-105.5,0.0,0.0,0,0,0,0,0,55,0,0,0
361,1963,06,07,1963-06-07,18:25:00,3,SD,46,6,2.5,0,0,0.0,0.0,44.2,-103.08,0.0,0.0,0,0,0,0,0,93,0,0,0
362,1963,06,07,1963-06-07,18:35:00,3,LA,22,6,0.75,0,0,0.0,0.0,30.58,-91.18,0.0,0.0,0,0,0,0,0,33,0,0,0
363,1963,06,08,1963-06-08,05:26:00,3,MN,27,4,0.75,0,0,0.0,0.0,45.58,-94.18,0.0,0.0,0,0,0,0,0,0,0,0,0
364,1963,06,08,1963-06-08,15:30:00,3,TN,47,8,1.75,0,0,0.0,0.0,35.78,-84.0,0.0,0.0,0,0,0,0,0,9,0,0,0
365,1963,06,08,1963-06-08,15:45:00,3,MN,27,5,0.75,0,0,0.0,0.0,43.88,-92.5,0.0,0.0,0,0,0,0,0,109,0,0,0
366,1963,06,08,1963-06-08,16:00:00,3,MT,30,6,2.0,0,0,0.0,0.0,45.58,-105.58,0.0,0.0,0,0,0,0,0,75,0,0,0
367,1963,06,08,1963-06-08,16:53:00,3,OK,40,74,0.75,0,0,0.0,0.0,36.78,-98.68,0.0,0.0,0,0,0,0,0,151,0,0,0
368,1963,06,08,1963-06-08,18:00:00,3,MN,27,6,2.5,0,0,0.0,0.0,43.88,-96.08,0.0,0.0,0,0,0,0,0,101,0,0,0
369,1963,06,08,1963-06-08,20:25:00,3,WI,55,9,2.0,0,0,0.0,0.0,43.0,-87.9,0.0,0.0,0,0,0,0,0,79,0,0,0
370,1963,06,08,1963-06-08,20:30:00,3,OK,40,75,0.75,0,0,0.0,0.0,35.38,-99.58,0.0,0.0,0,0,0,0,0,9,0,0,0
371,1963,06,09,1963-06-09,15:00:00,3,NH,33,1,0.75,0,0,0.0,0.0,43.0,-71.5,0.0,0.0,0,0,0,0,0,11,0,0,0
372,1963,06,09,1963-06-09,15:15:00,3,PA,42,2,1.5,0,0,0.0,0.0,39.88,-80.18,0.0,0.0,0,0,0,0,0,59,0,0,0
373,1963,06,09,1963-06-09,16:11:00,3,WV,54,1,0.75,0,0,0.0,0.0,39.7,-79.9,0.0,0.0,0,0,0,0,0,61,0,0,0
374,1963,06,09,1963-06-09,16:55:00,3,CO,8,5,1.75,0,0,0.0,0.0,39.7,-104.8,0.0,0.0,0,0,0,0,0,5,0,0,0
375,1963,06,10,1963-06-10,08:00:00,3,MO,29,35,1.0,0,0,0.0,0.0,39.0,-90.78,0.0,0.0,0,0,0,0,0,113,0,0,0
376,1963,06,10,1963-06-10,08:15:00,3,IL,17,12,1.0,0,0,0.0,0.0,39.5,-89.78,0.0,0.0,0,0,0,0,0,117,0,0,0
377,1963,06,10,1963-06-10,13:15:00,3,IL,17,13,1.0,0,0,0.0,0.0,40.7,-89.4,0.0,0.0,0,0,0,0,0,179,0,0,0
378,1963,06,10,1963-06-10,14:00:00,3,IL,17,14,1.0,0,0,0.0,0.0,41.78,-87.78,0.0,0.0,0,0,0,0,0,31,0,0,0
379,1963,06,10,1963-06-10,14:45:00,3,TN,47,9,2.0,0,0,0.0,0.0,36.08,-84.08,0.0,0.0,0,0,0,0,0,1,0,0,0
380,1963,06,10,1963-06-10,15:00:00,3,TN,47,10,2.5,0,0,0.0,0.0,35.88,-84.08,0.0,0.0,0,0,0,0,0,93,0,0,0
381,1963,06,10,1963-06-10,15:30:00,3,IL,17,15,1.0,0,0,0.0,0.0,39.5,-90.58,0.0,0.0,0,0,0,0,0,61,0,0,0
382,1963,06,10,1963-06-10,16:00:00,3,IL,17,16,1.0,0,0,0.0,0.0,39.2,-90.28,0.0,0.0,0,0,0,0,0,83,0,0,0
383,1963,06,10,1963-06-10,16:25:00,3,IL,17,17,1.0,0,0,0.0,0.0,39.78,-89.0,0.0,0.0,0,0,0,0,0,115,0,0,0
384,1963,06,10,1963-06-10,16:30:00,3,PA,42,3,0.75,0,0,0.0,0.0,40.28,-79.9,0.0,0.0,0,0,0,0,0,3,0,0,0
385,1963,06,10,1963-06-10,16:30:00,3,IL,17,18,1.0,0,0,0.0,0.0,39.38,-89.9,0.0,0.0,0,0,0,0,0,117,0,0,0
386,1963,06,10,1963-06-10,17:00:00,3,IL,17,19,1.0,0,0,0.0,0.0,37.78,-89.5,0.0,0.0,0,0,0,0,0,77,0,0,0
387,1963,06,10,1963-06-10,17:00:00,3,MO,29,36,0.75,0,0,0.0,0.0,38.78,-90.4,0.0,0.0,0,0,0,0,0,189,0,0,0
388,1963,06,10,1963-06-10,18:00:00,3,MO,29,37,2.0,0,0,0.0,0.0,37.0,-93.5,0.0,0.0,0,0,0,0,0,43,0,0,0
389,1963,06,10,1963-06-10,18:00:00,3,TX,48,67,1.75,0,0,0.0,0.0,33.78,-99.18,0.0,0.0,0,0,0,0,0,23,0,0,0
390,1963,06,10,1963-06-10,18:00:00,3,OK,40,76,2.75,0,0,0.0,0.0,35.0,-97.28,0.0,0.0,0,0,0,0,0,27,0,0,0
391,1963,06,10,1963-06-10,18:15:00,3,MO,29,38,1.75,0,0,0.0,0.0,36.88,-93.58,0.0,0.0,0,0,0,0,0,209,0,0,0
392,1963,06,10,1963-06-10,18:55:00,3,OK,40,77,0.75,0,0,0.0,0.0,35.28,-96.9,0.0,0.0,0,0,0,0,0,125,0,0,0
393,1963,06,10,1963-06-10,19:30:00,3,OK,40,78,1.5,0,0,0.0,0.0,34.5,-97.9,0.0,0.0,0,0,0,0,0,137,0,0,0
394,1963,06,10,1963-06-10,20:10:00,3,IL,17,20,1.75,0,0,0.0,0.0,37.7,-89.58,0.0,0.0,0,0,0,0,0,0,0,0,0
395,1963,06,10,1963-06-10,20:10:00,3,IL,17,21,1.75,0,0,0.0,0.0,37.88,-89.5,0.0,0.0,0,0,0,0,0,77,0,0,0
396,1963,06,10,1963-06-10,20:20:00,3,OK,40,79,1.0,0,0,0.0,0.0,35.38,-96.28,0.0,0.0,0,0,0,0,0,107,0,0,0
397,1963,06,11,1963-06-11,13:15:00,3,SC,45,4,1.5,0,0,0.0,0.0,34.7,-81.28,0.0,0.0,0,0,0,0,0,23,0,0,0
398,1963,06,11,1963-06-11,13:30:00,3,SC,45,5,1.0,0,0,0.0,0.0,32.88,-80.68,0.0,0.0,0,0,0,0,0,29,0,0,0
399,1963,06,11,1963-06-11,14:00:00,3,SC,45,6,1.5,0,0,0.0,0.0,34.7,-81.78,0.0,0.0,0,0,0,0,0,87,0,0,0
400,1963,06,11,1963-06-11,14:30:00,3,GA,13,2,0.75,0,0,0.0,0.0,32.2,-83.58,0.0,0.0,0,0,0,0,0,235,0,0,0
401,1963,06,11,1963-06-11,16:00:00,3,MO,29,39,0.75,0,0,0.0,0.0,38.08,-92.5,0.0,0.0,0,0,0,0,0,131,0,0,0
402,1963,06,11,1963-06-11,18:00:00,3,OK,40,80,0.75,0,0,0.0,0.0,34.7,-99.9,0.0,0.0,0,0,0,0,0,57,0,0,0
403,1963,06,11,1963-06-11,21:00:00,3,KS,20,38,1.75,0,0,0.0,0.0,38.88,-97.08,0.0,0.0,0,0,0,0,0,41,0,0,0
404,1963,06,11,1963-06-11,23:00:00,3,KS,20,39,1.5,0,0,0.0,0.0,38.58,-96.68,0.0,0.0,0,0,0,0,0,127,0,0,0
405,1963,06,13,1963-06-13,16:16:00,3,IL,17,22,1.0,0,0,0.0,0.0,40.08,-88.18,0.0,0.0,0,0,0,0,0,19,0,0,0
406,1963,06,13,1963-06-13,18:30:00,3,MO,29,40,0.75,0,0,0.0,0.0,38.08,-92.5,0.0,0.0,0,0,0,0,0,131,0,0,0
407,1963,06,14,1963-06-14,12:00:00,3,MA,25,1,0.75,0,0,0.0,0.0,42.28,-72.4,0.0,0.0,0,0,0,0,0,15,0,0,0
408,1963,06,14,1963-06-14,13:24:00,3,UT,49,3,0.75,0,0,0.0,0.0,40.78,-112.0,0.0,0.0,0,0,0,0,0,35,0,0,0
409,1963,06,14,1963-06-14,14:00:00,3,ID,16,2,1.5,0,0,0.0,0.0,42.5,-112.9,0.0,0.0,0,0,0,0,0,77,0,0,0
410,1963,06,14,1963-06-14,14:00:00,3,ID,16,3,1.5,0,0,0.0,0.0,42.88,-112.58,0.0,0.0,0,0,0,0,0,5,0,0,0
411,1963,06,14,1963-06-14,14:30:00,3,CT,9,1,1.0,0,0,0.0,0.0,41.88,-72.58,0.0,0.0,0,0,0,0,0,3,0,0,0
412,1963,06,14,1963-06-14,16:00:00,3,MD,24,1,1.75,0,0,0.0,0.0,39.7,-77.68,0.0,0.0,0,0,0,0,0,43,0,0,0
413,1963,06,14,1963-06-14,16:00:00,3,UT,49,4,0.75,0,0,0.0,0.0,40.78,-112.0,0.0,0.0,0,0,0,0,0,35,0,0,0
414,1963,06,14,1963-06-14,16:42:00,3,MT,30,7,1.0,0,0,0.0,0.0,48.2,-106.58,0.0,0.0,0,0,0,0,0,105,0,0,0
415,1963,06,14,1963-06-14,19:30:00,3,KS,20,40,2.75,0,0,0.0,0.0,37.7,-100.68,0.0,0.0,0,0,0,0,0,81,0,0,0
416,1963,06,14,1963-06-14,20:00:00,3,NE,31,19,0.75,0,0,0.0,0.0,41.0,-98.28,0.0,0.0,0,0,0,0,0,121,0,0,0
417,1963,06,14,1963-06-14,21:00:00,3,VA,51,3,0.75,0,0,0.0,0.0,36.88,-76.18,0.0,0.0,0,0,0,0,0,810,0,0,0
418,1963,06,15,1963-06-15,18:35:00,3,CO,8,6,1.0,0,0,0.0,0.0,38.28,-104.5,0.0,0.0,0,0,0,0,0,101,0,0,0
419,1963,06,15,1963-06-15,19:00:00,3,AR,5,3,2.75,0,0,0.0,0.0,36.38,-93.68,0.0,0.0,0,0,0,0,0,15,0,0,0
420,1963,06,15,1963-06-15,22:00:00,3,TX,48,68,1.5,0,0,0.0,0.0,36.0,-101.9,0.0,0.0,0,0,0,0,0,341,0,0,0
421,1963,06,15,1963-06-15,22:30:00,3,KS,20,41,2.75,0,0,0.0,0.0,37.38,-95.68,0.0,0.0,0,0,0,0,0,125,0,0,0
422,1963,06,16,1963-06-16,00:30:00,3,KS,20,42,0.75,0,0,0.0,0.0,37.0,-95.08,0.0,0.0,0,0,0,0,0,21,0,0,0
423,1963,06,16,1963-06-16,01:30:00,3,OK,40,81,2.0,0,0,0.0,0.0,36.88,-94.9,0.0,0.0,0,0,0,0,0,115,0,0,0
424,1963,06,16,1963-06-16,02:00:00,3,OK,40,82,1.5,0,0,0.0,0.0,36.88,-94.78,0.0,0.0,0,0,0,0,0,115,0,0,0
425,1963,06,16,1963-06-16,17:00:00,3,GA,13,3,1.0,0,0,0.0,0.0,32.7,-83.68,0.0,0.0,0,0,0,0,0,0,0,0,0
426,1963,06,16,1963-06-16,18:45:00,3,TX,48,69,2.0,0,0,0.0,0.0,35.0,-101.9,0.0,0.0,0,0,0,0,0,381,0,0,0
427,1963,06,16,1963-06-16,22:00:00,3,TX,48,70,1.0,0,0,0.0,0.0,34.2,-101.28,0.0,0.0,0,0,0,0,0,153,0,0,0
428,1963,06,18,1963-06-18,17:00:00,3,NE,31,20,3.0,0,0,0.0,0.0,40.08,-100.0,0.0,0.0,0,0,0,0,0,65,0,0,0
429,1963,06,18,1963-06-18,20:30:00,3,NM,35,11,1.25,0,0,0.0,0.0,34.38,-103.58,0.0,0.0,0,0,0,0,0,9,0,0,0
430,1963,06,19,1963-06-19,16:00:00,3,AR,5,4,2.0,0,0,0.0,0.0,35.78,-90.08,0.0,0.0,0,0,0,0,0,93,0,0,0
431,1963,06,19,1963-06-19,19:00:00,3,SD,46,7,1.0,0,0,0.0,0.0,44.5,-103.8,0.0,0.0,0,0,0,0,0,81,0,0,0
432,1963,06,19,1963-06-19,22:45:00,3,SD,46,8,1.5,0,0,0.0,0.0,43.38,-98.0,0.0,0.0,0,0,0,0,0,67,0,0,0
433,1963,06,20,1963-06-20,11:45:00,3,NC,37,6,1.0,0,0,0.0,0.0,35.08,-79.18,0.0,0.0,0,0,0,0,0,93,0,0,0
434,1963,06,20,1963-06-20,14:00:00,3,NE,31,21,1.0,0,0,0.0,0.0,40.7,-96.68,0.0,0.0,0,0,0,0,0,109,0,0,0
435,1963,06,20,1963-06-20,14:30:00,3,KS,20,43,0.75,0,0,0.0,0.0,39.78,-95.68,0.0,0.0,0,0,0,0,0,13,0,0,0
436,1963,06,20,1963-06-20,20:00:00,3,ID,16,4,1.5,0,0,0.0,0.0,42.28,-113.9,0.0,0.0,0,0,0,0,0,31,0,0,0
437,1963,06,20,1963-06-20,20:00:00,3,ID,16,5,1.5,0,0,0.0,0.0,42.28,-115.0,0.0,0.0,0,0,0,0,0,83,0,0,0
438,1963,06,21,1963-06-21,13:30:00,3,NE,31,22,0.75,0,0,0.0,0.0,42.5,-97.68,0.0,0.0,0,0,0,0,0,107,0,0,0
439,1963,06,21,1963-06-21,14:00:00,3,MT,30,8,0.75,0,0,0.0,0.0,45.78,-108.5,0.0,0.0,0,0,0,0,0,111,0,0,0
440,1963,06,21,1963-06-21,15:00:00,3,NE,31,23,1.25,0,0,0.0,0.0,41.2,-102.58,0.0,0.0,0,0,0,0,0,49,0,0,0
441,1963,06,21,1963-06-21,19:00:00,3,TX,48,71,1.75,0,0,0.0,0.0,29.28,-98.9,0.0,0.0,0,0,0,0,0,325,0,0,0
442,1963,06,21,1963-06-21,21:15:00,3,CO,8,7,2.0,0,0,0.0,0.0,38.08,-102.58,0.0,0.0,0,0,0,0,0,99,0,0,0
443,1963,06,22,1963-06-22,17:15:00,3,OK,40,83,2.5,0,0,0.0,0.0,36.58,-98.5,0.0,0.0,0,0,0,0,0,3,0,0,0
444,1963,06,23,1963-06-23,18:40:00,3,TX,48,72,1.75,0,0,0.0,0.0,33.7,-102.5,0.0,0.0,0,0,0,0,0,219,0,0,0
445,1963,06,24,1963-06-24,16:10:00,3,LA,22,7,1.0,0,0,0.0,0.0,32.5,-92.08,0.0,0.0,0,0,0,0,0,73,0,0,0
446,1963,06,25,1963-06-25,16:00:00,3,NE,31,24,0.75,0,0,0.0,0.0,40.5,-98.5,0.0,0.0,0,0,0,0,0,1,0,0,0
447,1963,06,26,1963-06-26,17:15:00,3,WI,55,10,0.75,0,0,0.0,0.0,43.08,-89.28,0.0,0.0,0,0,0,0,0,25,0,0,0
448,1963,06,27,1963-06-27,12:01:00,3,WI,55,11,1.0,0,0,0.0,0.0,44.88,-89.58,0.0,0.0,0,0,0,0,0,73,0,0,0
449,1963,06,27,1963-06-27,16:00:00,3,MT,30,9,1.0,0,0,0.0,0.0,46.58,-111.9,0.0,0.0,0,0,0,0,0,43,0,0,0
450,1963,06,28,1963-06-28,08:00:00,3,TX,48,73,1.0,0,0,0.0,0.0,29.38,-95.28,0.0,0.0,0,0,0,0,0,39,0,0,0
451,1963,06,28,1963-06-28,14:30:00,3,MI,26,15,1.75,0,0,0.0,0.0,42.38,-84.78,0.0,0.0,0,0,0,0,0,25,0,0,0
452,1963,06,28,1963-06-28,16:00:00,3,LA,22,8,0.75,0,0,0.0,0.0,30.7,-92.28,0.0,0.0,0,0,0,0,0,39,0,0,0
453,1963,06,28,1963-06-28,16:43:00,3,MT,30,10,1.5,0,0,0.0,0.0,47.5,-111.18,0.0,0.0,0,0,0,0,0,13,0,0,0
454,1963,06,28,1963-06-28,17:00:00,3,MT,30,11,3.5,0,0,0.0,0.0,46.78,-108.4,0.0,0.0,0,0,0,0,0,69,0,0,0
455,1963,06,28,1963-06-28,17:30:00,3,ND,38,1,1.25,0,0,0.0,0.0,47.28,-102.58,0.0,0.0,0,0,0,0,0,25,0,0,0
456,1963,06,29,1963-06-29,05:45:00,3,MN,27,7,0.75,0,0,0.0,0.0,46.78,-92.18,0.0,0.0,0,0,0,0,0,137,0,0,0
457,1963,07,01,1963-07-01,14:10:00,3,ME,23,1,0.75,0,0,0.0,0.0,45.0,-69.9,0.0,0.0,0,0,0,0,0,25,0,0,0
458,1963,07,02,1963-07-02,12:30:00,3,SC,45,7,0.75,0,0,0.0,0.0,34.28,-79.78,0.0,0.0,0,0,0,0,0,31,0,0,0
459,1963,07,02,1963-07-02,14:30:00,3,NY,36,1,1.75,0,0,0.0,0.0,43.08,-77.68,0.0,0.0,0,0,0,0,0,55,0,0,0
460,1963,07,02,1963-07-02,14:35:00,3,OH,39,8,1.0,0,0,0.0,0.0,41.2,-82.4,0.0,0.0,0,0,0,0,0,77,0,0,0
461,1963,07,02,1963-07-02,15:00:00,3,NY,36,2,2.0,0,0,0.0,0.0,43.2,-79.08,0.0,0.0,0,0,0,0,0,63,0,0,0
462,1963,07,02,1963-07-02,17:50:00,3,IL,17,23,1.5,0,0,0.0,0.0,38.7,-87.58,0.0,0.0,0,0,0,0,0,101,0,0,0
463,1963,07,02,1963-07-02,19:15:00,3,PA,42,4,0.75,0,0,0.0,0.0,40.78,-76.5,0.0,0.0,0,0,0,0,0,97,0,0,0
464,1963,07,03,1963-07-03,21:00:00,3,ID,16,6,1.75,0,0,0.0,0.0,47.5,-116.08,0.0,0.0,0,0,0,0,0,79,0,0,0
465,1963,07,05,1963-07-05,14:00:00,3,CT,9,2,1.0,0,0,0.0,0.0,41.38,-72.78,0.0,0.0,0,0,0,0,0,9,0,0,0
466,1963,07,05,1963-07-05,15:35:00,3,CT,9,3,1.0,0,0,0.0,0.0,41.38,-72.4,0.0,0.0,0,0,0,0,0,11,0,0,0
467,1963,07,05,1963-07-05,16:30:00,3,MT,30,12,1.5,0,0,0.0,0.0,48.2,-111.9,0.0,0.0,0,0,0,0,0,73,0,0,0
468,1963,07,06,1963-07-06,16:30:00,3,SD,46,9,3.0,0,0,0.0,0.0,44.2,-103.8,0.0,0.0,0,0,0,0,0,81,0,0,0
469,1963,07,06,1963-07-06,19:00:00,3,ND,38,2,2.75,0,0,0.0,0.0,47.7,-99.58,0.0,0.0,0,0,0,0,0,103,0,0,0
470,1963,07,06,1963-07-06,19:25:00,3,SD,46,10,2.0,0,0,0.0,0.0,44.88,-97.18,0.0,0.0,0,0,0,0,0,29,0,0,0
471,1963,07,07,1963-07-07,10:30:00,3,TN,47,11,0.75,0,0,0.0,0.0,36.08,-86.68,0.0,0.0,0,0,0,0,0,37,0,0,0
472,1963,07,07,1963-07-07,14:30:00,3,SD,46,11,1.0,0,0,0.0,0.0,45.5,-98.08,0.0,0.0,0,0,0,0,0,13,0,0,0
473,1963,07,07,1963-07-07,19:00:00,3,OR,41,2,1.0,0,0,0.0,0.0,45.58,-117.5,0.0,0.0,0,0,0,0,0,63,0,0,0
474,1963,07,07,1963-07-07,19:30:00,3,SD,46,12,2.0,0,0,0.0,0.0,45.2,-98.9,0.0,0.0,0,0,0,0,0,49,0,0,0
475,1963,07,08,1963-07-08,20:00:00,3,MT,30,13,1.5,0,0,0.0,0.0,47.78,-111.58,0.0,0.0,0,0,0,0,0,99,0,0,0
476,1963,07,09,1963-07-09,17:00:00,3,MT,30,14,2.75,0,0,0.0,0.0,45.28,-112.58,0.0,0.0,0,0,0,0,0,1,0,0,0
477,1963,07,10,1963-07-10,17:10:00,3,MT,30,15,1.75,0,0,0.0,0.0,48.08,-106.4,0.0,0.0,0,0,0,0,0,105,0,0,0
478,1963,07,11,1963-07-11,14:00:00,3,GA,13,4,1.75,0,0,0.0,0.0,30.9,-81.58,0.0,0.0,0,0,0,0,0,39,0,0,0
479,1963,07,11,1963-07-11,20:15:00,3,OK,40,84,1.5,0,0,0.0,0.0,34.7,-99.78,0.0,0.0,0,0,0,0,0,57,0,0,0
480,1963,07,12,1963-07-12,17:00:00,3,OK,40,85,0.75,0,0,0.0,0.0,36.58,-101.68,0.0,0.0,0,0,0,0,0,139,0,0,0
481,1963,07,12,1963-07-12,22:00:00,3,NE,31,25,1.5,0,0,0.0,0.0,42.0,-98.08,0.0,0.0,0,0,0,0,0,3,0,0,0
482,1963,07,13,1963-07-13,00:30:00,3,SD,46,13,3.0,0,0,0.0,0.0,43.38,-103.5,0.0,0.0,0,0,0,0,0,47,0,0,0
483,1963,07,13,1963-07-13,01:00:00,3,NE,31,26,0.75,0,0,0.0,0.0,42.7,-103.18,0.0,0.0,0,0,0,0,0,45,0,0,0
484,1963,07,13,1963-07-13,16:00:00,3,KS,20,44,2.75,0,0,0.0,0.0,38.28,-101.28,0.0,0.0,0,0,0,0,0,203,0,0,0
485,1963,07,13,1963-07-13,17:00:00,3,KS,20,45,1.75,0,0,0.0,0.0,38.0,-101.78,0.0,0.0,0,0,0,0,0,75,0,0,0
486,1963,07,14,1963-07-14,15:00:00,3,NE,31,27,1.5,0,0,0.0,0.0,40.58,-98.4,0.0,0.0,0,0,0,0,0,1,0,0,0
487,1963,07,14,1963-07-14,16:00:00,3,NE,31,28,2.0,0,0,0.0,0.0,40.78,-98.5,0.0,0.0,0,0,0,0,0,79,0,0,0
488,1963,07,14,1963-07-14,18:00:00,3,KS,20,46,2.5,0,0,0.0,0.0,38.58,-99.9,0.0,0.0,0,0,0,0,0,135,0,0,0
489,1963,07,14,1963-07-14,19:00:00,3,KS,20,47,1.75,0,0,0.0,0.0,39.38,-98.68,0.0,0.0,0,0,0,0,0,141,0,0,0
490,1963,07,14,1963-07-14,22:00:00,3,KS,20,48,4.0,0,0,0.0,0.0,38.5,-99.9,0.0,0.0,0,0,0,0,0,135,0,0,0
491,1963,07,15,1963-07-15,16:00:00,3,MT,30,16,0.75,0,0,0.0,0.0,47.0,-109.4,0.0,0.0,0,0,0,0,0,27,0,0,0
492,1963,07,16,1963-07-16,14:20:00,3,SD,46,14,1.75,0,0,0.0,0.0,44.38,-98.18,0.0,0.0,0,0,0,0,0,5,0,0,0
493,1963,07,16,1963-07-16,16:00:00,3,CO,8,8,1.0,0,0,0.0,0.0,40.58,-102.5,0.0,0.0,0,0,0,0,0,95,0,0,0
494,1963,07,16,1963-07-16,18:30:00,3,IA,19,12,0.75,0,0,0.0,0.0,43.38,-91.18,0.0,0.0,0,0,0,0,0,5,0,0,0
495,1963,07,16,1963-07-16,18:45:00,3,MN,27,8,3.0,0,0,0.0,0.0,44.0,-94.68,0.0,0.0,0,0,0,0,0,103,0,0,0
496,1963,07,16,1963-07-16,19:00:00,3,MN,27,9,1.5,0,0,0.0,0.0,43.88,-92.5,0.0,0.0,0,0,0,0,0,109,0,0,0
497,1963,07,16,1963-07-16,21:30:00,3,NE,31,29,2.0,0,0,0.0,0.0,40.88,-97.58,0.0,0.0,0,0,0,0,0,185,0,0,0
498,1963,07,16,1963-07-16,23:45:00,3,KS,20,49,2.0,0,0,0.0,0.0,38.78,-97.58,0.0,0.0,0,0,0,0,0,169,0,0,0
499,1963,07,17,1963-07-17,07:30:00,3,NE,31,30,1.5,0,0,0.0,0.0,42.08,-97.18,0.0,0.0,0,0,0,0,0,167,0,0,0
500,1963,07,17,1963-07-17,20:00:00,3,WI,55,12,1.0,0,0,0.0,0.0,43.58,-90.9,0.0,0.0,0,0,0,0,0,123,0,0,0
501,1963,07,17,1963-07-17,20:00:00,3,MT,30,17,1.0,0,0,0.0,0.0,45.08,-104.3,0.0,0.0,0,0,0,0,0,11,0,0,0
502,1963,07,18,1963-07-18,00:45:00,3,SD,46,15,2.5,0,0,0.0,0.0,44.5,-99.5,0.0,0.0,0,0,0,0,0,69,0,0,0
503,1963,07,18,1963-07-18,13:05:00,3,SD,46,16,2.0,0,0,0.0,0.0,44.5,-96.58,0.0,0.0,0,0,0,0,0,11,0,0,0
504,1963,07,18,1963-07-18,14:00:00,3,MA,25,2,2.0,0,0,0.0,0.0,42.38,-71.4,0.0,0.0,0,0,0,0,0,17,0,0,0
505,1963,07,18,1963-07-18,14:00:00,3,MN,27,10,1.0,0,0,0.0,0.0,44.28,-96.08,0.0,0.0,0,0,0,0,0,83,0,0,0
506,1963,07,18,1963-07-18,14:20:00,3,MA,25,3,0.75,0,0,0.0,0.0,42.7,-71.5,0.0,0.0,0,0,0,0,0,17,0,0,0
507,1963,07,18,1963-07-18,14:30:00,3,MN,27,11,3.5,0,0,0.0,0.0,44.5,-96.08,0.0,0.0,0,0,0,0,0,83,0,0,0
508,1963,07,18,1963-07-18,14:45:00,3,NH,33,2,1.0,0,0,0.0,0.0,43.08,-70.9,0.0,0.0,0,0,0,0,0,15,0,0,0
509,1963,07,18,1963-07-18,15:47:00,3,SD,46,17,0.75,0,0,0.0,0.0,44.0,-103.08,0.0,0.0,0,0,0,0,0,103,0,0,0
510,1963,07,18,1963-07-18,17:00:00,3,MT,30,18,1.0,0,0,0.0,0.0,47.0,-104.18,0.0,0.0,0,0,0,0,0,109,0,0,0
511,1963,07,18,1963-07-18,17:50:00,3,IA,19,13,1.75,0,0,0.0,0.0,43.2,-94.9,0.0,0.0,0,0,0,0,0,147,0,0,0
512,1963,07,18,1963-07-18,17:50:00,3,IA,19,14,1.75,0,0,0.0,0.0,43.38,-95.5,0.0,0.0,0,0,0,0,0,143,0,0,0
513,1963,07,18,1963-07-18,19:05:00,3,ND,38,3,1.0,0,0,0.0,0.0,46.78,-102.8,0.0,0.0,0,0,0,0,0,89,0,0,0
514,1963,07,18,1963-07-18,20:00:00,3,ND,38,4,1.75,0,0,0.0,0.0,47.0,-100.5,0.0,0.0,0,0,0,0,0,15,0,0,0
515,1963,07,19,1963-07-19,15:00:00,3,WI,55,13,3.0,0,0,0.0,0.0,45.58,-89.4,0.0,0.0,0,0,0,0,0,85,0,0,0
516,1963,07,19,1963-07-19,17:00:00,3,IL,17,24,2.0,0,0,0.0,0.0,42.5,-88.08,0.0,0.0,0,0,0,0,0,97,0,0,0
517,1963,07,19,1963-07-19,17:20:00,3,IA,19,15,0.75,0,0,0.0,0.0,42.28,-92.28,0.0,0.0,0,0,0,0,0,11,0,0,0
518,1963,07,19,1963-07-19,18:00:00,3,IL,17,25,1.25,0,0,0.0,0.0,41.5,-87.68,0.0,0.0,0,0,0,0,0,197,0,0,0
519,1963,07,20,1963-07-20,13:15:00,3,CO,8,9,1.5,0,0,0.0,0.0,38.78,-104.9,0.0,0.0,0,0,0,0,0,41,0,0,0
520,1963,07,20,1963-07-20,20:04:00,3,ND,38,5,1.0,0,0,0.0,0.0,46.78,-102.8,0.0,0.0,0,0,0,0,0,89,0,0,0
521,1963,07,21,1963-07-21,16:00:00,3,WI,55,14,1.0,0,0,0.0,0.0,43.7,-89.28,0.0,0.0,0,0,0,0,0,77,0,0,0
522,1963,07,21,1963-07-21,17:45:00,3,AL,1,5,1.75,0,0,0.0,0.0,30.7,-88.28,0.0,0.0,0,0,0,0,0,97,0,0,0
523,1963,07,21,1963-07-21,17:48:00,3,AL,1,6,1.0,0,0,0.0,0.0,30.78,-88.18,0.0,0.0,0,0,0,0,0,97,0,0,0
524,1963,07,21,1963-07-21,18:00:00,3,FL,12,8,1.0,0,0,0.0,0.0,26.88,-80.08,0.0,0.0,0,0,0,0,0,99,0,0,0
525,1963,07,21,1963-07-21,18:00:00,3,IL,17,26,1.0,0,0,0.0,0.0,41.78,-87.78,0.0,0.0,0,0,0,0,0,31,0,0,0
526,1963,07,21,1963-07-21,20:30:00,3,WI,55,15,1.0,0,0,0.0,0.0,43.78,-89.28,0.0,0.0,0,0,0,0,0,77,0,0,0
527,1963,07,22,1963-07-22,14:00:00,3,VA,51,4,2.0,0,0,0.0,0.0,36.88,-78.18,0.0,0.0,0,0,0,0,0,111,0,0,0
528,1963,07,22,1963-07-22,14:33:00,3,MS,28,4,0.75,0,0,0.0,0.0,32.28,-90.58,0.0,0.0,0,0,0,0,0,49,0,0,0
529,1963,07,22,1963-07-22,16:00:00,3,KY,21,2,2.0,0,0,0.0,0.0,36.78,-87.18,0.0,0.0,0,0,0,0,0,219,0,0,0
530,1963,07,22,1963-07-22,17:00:00,3,PA,42,5,1.75,0,0,0.0,0.0,40.78,-76.78,0.0,0.0,0,0,0,0,0,97,0,0,0
531,1963,07,22,1963-07-22,17:30:00,3,IL,17,27,0.75,0,0,0.0,0.0,41.78,-87.58,0.0,0.0,0,0,0,0,0,31,0,0,0
532,1963,07,22,1963-07-22,18:27:00,3,LA,22,9,1.0,0,0,0.0,0.0,31.28,-92.58,0.0,0.0,0,0,0,0,0,79,0,0,0
533,1963,07,23,1963-07-23,11:30:00,3,NC,37,7,2.0,0,0,0.0,0.0,35.28,-82.4,0.0,0.0,0,0,0,0,0,89,0,0,0
534,1963,07,23,1963-07-23,16:45:00,3,GA,13,5,1.75,0,0,0.0,0.0,33.7,-84.4,0.0,0.0,0,0,0,0,0,121,0,0,0
535,1963,07,23,1963-07-23,16:45:00,3,GA,13,6,1.0,0,0,0.0,0.0,33.88,-84.18,0.0,0.0,0,0,0,0,0,135,0,0,0
536,1963,07,23,1963-07-23,16:45:00,3,GA,13,7,0.75,0,0,0.0,0.0,34.2,-84.08,0.0,0.0,0,0,0,0,0,117,0,0,0
537,1963,07,23,1963-07-23,16:45:00,3,GA,13,8,1.0,0,0,0.0,0.0,34.5,-84.0,0.0,0.0,0,0,0,0,0,187,0,0,0
538,1963,07,23,1963-07-23,21:30:00,3,AL,1,7,1.0,0,0,0.0,0.0,34.7,-86.58,0.0,0.0,0,0,0,0,0,89,0,0,0
539,1963,07,23,1963-07-23,22:00:00,3,AL,1,8,1.75,0,0,0.0,0.0,34.2,-86.78,0.0,0.0,0,0,0,0,0,43,0,0,0
540,1963,07,24,1963-07-24,15:46:00,3,TX,48,74,1.75,0,0,0.0,0.0,29.78,-94.5,0.0,0.0,0,0,0,0,0,71,0,0,0
541,1963,07,24,1963-07-24,16:45:00,3,MT,30,19,0.75,0,0,0.0,0.0,47.5,-111.3,0.0,0.0,0,0,0,0,0,13,0,0,0
542,1963,07,24,1963-07-24,17:00:00,3,OK,40,86,1.75,0,0,0.0,0.0,34.38,-94.9,0.0,0.0,0,0,0,0,0,89,0,0,0
543,1963,07,25,1963-07-25,16:45:00,3,OK,40,87,1.0,0,0,0.0,0.0,34.88,-97.78,0.0,0.0,0,0,0,0,0,51,0,0,0
544,1963,07,27,1963-07-27,16:00:00,3,CO,8,10,1.0,0,0,0.0,0.0,38.7,-104.68,0.0,0.0,0,0,0,0,0,41,0,0,0
545,1963,07,27,1963-07-27,16:00:00,3,CO,8,11,2.0,0,0,0.0,0.0,38.78,-104.9,0.0,0.0,0,0,0,0,0,41,0,0,0
546,1963,07,27,1963-07-27,16:00:00,3,KS,20,50,1.75,0,0,0.0,0.0,39.08,-98.68,0.0,0.0,0,0,0,0,0,167,0,0,0
547,1963,07,27,1963-07-27,17:40:00,3,KS,20,51,1.5,0,0,0.0,0.0,38.88,-98.78,0.0,0.0,0,0,0,0,0,167,0,0,0
548,1963,07,27,1963-07-27,18:30:00,3,OK,40,88,0.75,0,0,0.0,0.0,36.5,-101.78,0.0,0.0,0,0,0,0,0,139,0,0,0
549,1963,07,28,1963-07-28,15:00:00,3,MD,24,2,1.0,0,0,0.0,0.0,39.5,-77.5,0.0,0.0,0,0,0,0,0,21,0,0,0
550,1963,07,28,1963-07-28,18:00:00,3,NE,31,31,2.0,0,0,0.0,0.0,40.5,-101.0,0.0,0.0,0,0,0,0,0,85,0,0,0
551,1963,07,29,1963-07-29,15:00:00,3,SD,46,18,1.0,0,0,0.0,0.0,45.0,-99.9,0.0,0.0,0,0,0,0,0,107,0,0,0
552,1963,07,29,1963-07-29,15:30:00,3,SD,46,19,0.75,0,0,0.0,0.0,44.0,-101.9,0.0,0.0,0,0,0,0,0,55,0,0,0
553,1963,07,29,1963-07-29,16:00:00,3,IA,19,16,2.0,0,0,0.0,0.0,43.08,-96.18,0.0,0.0,0,0,0,0,0,167,0,0,0
554,1963,07,29,1963-07-29,16:37:00,3,NE,31,32,2.0,0,0,0.0,0.0,40.0,-101.5,0.0,0.0,0,0,0,0,0,57,0,0,0
555,1963,07,29,1963-07-29,16:45:00,3,SD,46,20,1.0,0,0,0.0,0.0,44.78,-97.68,0.0,0.0,0,0,0,0,0,25,0,0,0
556,1963,07,29,1963-07-29,17:01:00,3,KS,20,52,1.0,0,0,0.0,0.0,40.0,-101.58,0.0,0.0,0,0,0,0,0,23,0,0,0
557,1963,07,29,1963-07-29,17:45:00,3,SD,46,21,0.75,0,0,0.0,0.0,44.88,-97.68,0.0,0.0,0,0,0,0,0,25,0,0,0
558,1963,07,29,1963-07-29,19:00:00,3,SD,46,22,2.5,0,0,0.0,0.0,45.28,-99.78,0.0,0.0,0,0,0,0,0,129,0,0,0
559,1963,07,30,1963-07-30,16:30:00,3,SD,46,23,1.0,0,0,0.0,0.0,45.78,-100.08,0.0,0.0,0,0,0,0,0,21,0,0,0
560,1963,07,30,1963-07-30,16:45:00,3,NE,31,33,1.25,0,0,0.0,0.0,40.88,-97.5,0.0,0.0,0,0,0,0,0,185,0,0,0
561,1963,07,30,1963-07-30,18:00:00,3,FL,12,9,1.0,0,0,0.0,0.0,27.88,-82.28,0.0,0.0,0,0,0,0,0,57,0,0,0
562,1963,07,30,1963-07-30,19:00:00,3,SD,46,24,1.75,0,0,0.0,0.0,44.7,-103.8,0.0,0.0,0,0,0,0,0,19,0,0,0
563,1963,07,31,1963-07-31,04:45:00,3,KS,20,53,1.75,0,0,0.0,0.0,39.88,-95.58,0.0,0.0,0,0,0,0,0,13,0,0,0
564,1963,07,31,1963-07-31,15:18:00,3,IL,17,28,0.75,0,0,0.0,0.0,39.08,-88.58,0.0,0.0,0,0,0,0,0,49,0,0,0
565,1963,07,31,1963-07-31,15:30:00,3,WI,55,16,0.75,0,0,0.0,0.0,42.88,-88.08,0.0,0.0,0,0,0,0,0,79,0,0,0
566,1963,07,31,1963-07-31,17:30:00,3,MI,26,16,1.0,0,0,0.0,0.0,43.5,-85.78,0.0,0.0,0,0,0,0,0,123,0,0,0
567,1963,07,31,1963-07-31,18:00:00,3,MI,26,17,1.0,0,0,0.0,0.0,43.5,-85.58,0.0,0.0,0,0,0,0,0,107,0,0,0
568,1963,07,31,1963-07-31,19:00:00,3,WI,55,17,1.0,0,0,0.0,0.0,44.78,-87.4,0.0,0.0,0,0,0,0,0,29,0,0,0
569,1963,07,31,1963-07-31,19:52:00,3,MI,26,18,0.75,0,0,0.0,0.0,43.2,-85.58,0.0,0.0,0,0,0,0,0,81,0,0,0
570,1963,08,01,1963-08-01,15:00:00,3,ND,38,6,2.0,0,0,0.0,0.0,47.78,-103.3,0.0,0.0,0,0,0,0,0,53,0,0,0
571,1963,08,01,1963-08-01,15:00:00,3,MT,30,20,2.0,0,0,0.0,0.0,47.7,-104.08,0.0,0.0,0,0,0,0,0,83,0,0,0
572,1963,08,01,1963-08-01,15:30:00,3,WI,55,18,0.75,0,0,0.0,0.0,43.0,-87.9,0.0,0.0,0,0,0,0,0,79,0,0,0
573,1963,08,01,1963-08-01,16:00:00,3,MD,24,3,1.0,0,0,0.0,0.0,39.28,-76.58,0.0,0.0,0,0,0,0,0,510,0,0,0
574,1963,08,01,1963-08-01,16:30:00,3,PA,42,6,1.5,0,0,0.0,0.0,40.2,-76.78,0.0,0.0,0,0,0,0,0,43,0,0,0
575,1963,08,01,1963-08-01,17:00:00,3,MD,24,4,1.0,0,0,0.0,0.0,39.38,-76.5,0.0,0.0,0,0,0,0,0,5,0,0,0
576,1963,08,02,1963-08-02,03:00:00,3,WI,55,19,1.5,0,0,0.0,0.0,44.08,-90.68,0.0,0.0,0,0,0,0,0,81,0,0,0
577,1963,08,02,1963-08-02,15:20:00,3,IL,17,29,1.0,0,0,0.0,0.0,42.28,-88.9,0.0,0.0,0,0,0,0,0,7,0,0,0
578,1963,08,02,1963-08-02,18:25:00,3,IL,17,30,0.75,0,0,0.0,0.0,41.58,-87.5,0.0,0.0,0,0,0,0,0,0,0,0,0
579,1963,08,03,1963-08-03,14:30:00,3,ID,16,7,0.75,0,0,0.0,0.0,42.58,-114.08,0.0,0.0,0,0,0,0,0,53,0,0,0
580,1963,08,03,1963-08-03,16:35:00,3,OH,39,9,1.75,0,0,0.0,0.0,41.38,-81.78,0.0,0.0,0,0,0,0,0,35,0,0,0
581,1963,08,06,1963-08-06,14:45:00,3,OK,40,89,0.75,0,0,0.0,0.0,34.78,-95.08,0.0,0.0,0,0,0,0,0,77,0,0,0
582,1963,08,07,1963-08-07,02:00:00,3,MN,27,12,1.5,0,0,0.0,0.0,44.78,-95.08,0.0,0.0,0,0,0,0,0,129,0,0,0
583,1963,08,07,1963-08-07,04:30:00,3,MN,27,13,1.0,0,0,0.0,0.0,45.58,-95.5,0.0,0.0,0,0,0,0,0,121,0,0,0
584,1963,08,07,1963-08-07,16:00:00,3,MA,25,4,0.75,0,0,0.0,0.0,42.38,-72.58,0.0,0.0,0,0,0,0,0,15,0,0,0
585,1963,08,07,1963-08-07,17:45:00,3,MN,27,14,1.0,0,0,0.0,0.0,43.78,-94.5,0.0,0.0,0,0,0,0,0,91,0,0,0
586,1963,08,08,1963-08-08,17:00:00,3,ND,38,7,2.75,0,0,0.0,0.0,46.88,-96.78,0.0,0.0,0,0,0,0,0,0,0,0,0
587,1963,08,08,1963-08-08,18:30:00,3,ND,38,8,2.75,0,0,0.0,0.0,46.7,-96.78,0.0,0.0,0,0,0,0,0,0,0,0,0
588,1963,08,08,1963-08-08,20:00:00,3,MT,30,21,1.75,0,0,0.0,0.0,48.08,-104.18,0.0,0.0,0,0,0,0,0,83,0,0,0
589,1963,08,08,1963-08-08,23:15:00,3,MN,27,15,2.5,0,0,0.0,0.0,44.5,-92.9,0.0,0.0,0,0,0,0,0,49,0,0,0
590,1963,08,09,1963-08-09,17:15:00,3,OK,40,90,1.0,0,0,0.0,0.0,36.2,-95.9,0.0,0.0,0,0,0,0,0,143,0,0,0
591,1963,08,11,1963-08-11,18:30:00,3,CT,9,4,1.0,0,0,0.0,0.0,42.0,-73.18,0.0,0.0,0,0,0,0,0,5,0,0,0
592,1963,08,11,1963-08-11,21:20:00,3,NY,36,3,0.75,0,0,0.0,0.0,40.78,-73.9,0.0,0.0,0,0,0,0,0,81,0,0,0
593,1963,08,11,1963-08-11,22:30:00,3,MN,27,16,4.0,0,0,0.0,0.0,45.08,-93.28,0.0,0.0,0,0,0,0,0,0,0,0,0
594,1963,08,12,1963-08-12,18:00:00,3,OR,41,3,1.0,0,0,0.0,0.0,45.5,-120.68,0.0,0.0,0,0,0,0,0,55,0,0,0
595,1963,08,13,1963-08-13,20:30:00,3,WA,53,1,1.75,0,0,0.0,0.0,47.78,-120.68,0.0,0.0,0,0,0,0,0,7,0,0,0
596,1963,08,13,1963-08-13,22:00:00,3,WA,53,2,1.0,0,0,0.0,0.0,47.58,-117.4,0.0,0.0,0,0,0,0,0,63,0,0,0
597,1963,08,15,1963-08-15,19:30:00,3,SD,46,25,0.75,0,0,0.0,0.0,43.08,-98.5,0.0,0.0,0,0,0,0,0,23,0,0,0
598,1963,08,16,1963-08-16,15:00:00,3,FL,12,10,1.0,0,0,0.0,0.0,29.28,-81.08,0.0,0.0,0,0,0,0,0,127,0,0,0
599,1963,08,16,1963-08-16,16:00:00,3,WI,55,20,1.0,0,0,0.0,0.0,45.0,-90.9,0.0,0.0,0,0,0,0,0,19,0,0,0
600,1963,08,16,1963-08-16,17:40:00,3,MN,27,17,3.0,0,0,0.0,0.0,44.0,-92.4,0.0,0.0,0,0,0,0,0,109,0,0,0
601,1963,08,16,1963-08-16,18:30:00,3,WI,55,21,2.5,0,0,0.0,0.0,43.78,-90.08,0.0,0.0,0,0,0,0,0,57,0,0,0
602,1963,08,16,1963-08-16,23:00:00,3,IL,17,31,1.0,0,0,0.0,0.0,41.78,-87.78,0.0,0.0,0,0,0,0,0,31,0,0,0
603,1963,08,17,1963-08-17,16:00:00,3,PA,42,7,1.75,0,0,0.0,0.0,40.88,-80.0,0.0,0.0,0,0,0,0,0,19,0,0,0
604,1963,08,20,1963-08-20,15:00:00,3,UT,49,5,1.5,0,0,0.0,0.0,40.2,-110.4,0.0,0.0,0,0,0,0,0,13,0,0,0
605,1963,08,23,1963-08-23,14:00:00,3,NH,33,3,1.0,0,0,0.0,0.0,44.08,-71.9,0.0,0.0,0,0,0,0,0,9,0,0,0
606,1963,08,25,1963-08-25,01:49:00,3,MT,30,22,0.75,0,0,0.0,0.0,48.2,-106.58,0.0,0.0,0,0,0,0,0,105,0,0,0
607,1963,08,26,1963-08-26,06:45:00,3,ND,38,9,0.75,0,0,0.0,0.0,48.28,-101.28,0.0,0.0,0,0,0,0,0,101,0,0,0
608,1963,08,27,1963-08-27,16:10:00,3,NE,31,34,2.75,0,0,0.0,0.0,41.58,-99.78,0.0,0.0,0,0,0,0,0,41,0,0,0
609,1963,08,28,1963-08-28,14:00:00,3,KS,20,54,1.0,0,0,0.0,0.0,37.0,-101.9,0.0,0.0,0,0,0,0,0,129,0,0,0
610,1963,08,30,1963-08-30,15:00:00,3,NE,31,35,1.0,0,0,0.0,0.0,41.38,-100.18,0.0,0.0,0,0,0,0,0,41,0,0,0
611,1963,08,31,1963-08-31,13:00:00,3,ME,23,2,0.75,0,0,0.0,0.0,44.28,-69.78,0.0,0.0,0,0,0,0,0,11,0,0,0
612,1963,08,31,1963-08-31,15:15:00,3,UT,49,6,0.75,0,0,0.0,0.0,40.2,-110.58,0.0,0.0,0,0,0,0,0,13,0,0,0
613,1963,09,02,1963-09-02,18:00:00,3,KS,20,55,1.75,0,0,0.0,0.0,38.08,-99.9,0.0,0.0,0,0,0,0,0,83,0,0,0
614,1963,09,03,1963-09-03,18:30:00,3,SD,46,26,3.0,0,0,0.0,0.0,44.08,-100.0,0.0,0.0,0,0,0,0,0,85,0,0,0
615,1963,09,07,1963-09-07,15:51:00,3,KS,20,56,1.25,0,0,0.0,0.0,39.38,-101.68,0.0,0.0,0,0,0,0,0,181,0,0,0
616,1963,09,09,1963-09-09,17:00:00,3,TX,48,75,1.75,0,0,0.0,0.0,32.7,-101.9,0.0,0.0,0,0,0,0,0,115,0,0,0
617,1963,09,09,1963-09-09,19:08:00,3,TX,48,76,0.75,0,0,0.0,0.0,35.2,-101.68,0.0,0.0,0,0,0,0,0,375,0,0,0
618,1963,09,11,1963-09-11,20:30:00,3,WI,55,22,0.75,0,0,0.0,0.0,44.88,-91.5,0.0,0.0,0,0,0,0,0,17,0,0,0
619,1963,09,12,1963-09-12,06:25:00,3,IN,18,13,1.5,0,0,0.0,0.0,41.08,-85.5,0.0,0.0,0,0,0,0,0,183,0,0,0
620,1963,09,12,1963-09-12,07:00:00,3,IN,18,14,1.75,0,0,0.0,0.0,40.88,-85.18,0.0,0.0,0,0,0,0,0,179,0,0,0
621,1963,09,12,1963-09-12,12:00:00,3,OH,39,10,1.75,0,0,0.0,0.0,40.2,-82.9,0.0,0.0,0,0,0,0,0,41,0,0,0
622,1963,09,12,1963-09-12,12:01:00,3,OH,39,11,1.75,0,0,0.0,0.0,40.38,-82.9,0.0,0.0,0,0,0,0,0,117,0,0,0
623,1963,09,15,1963-09-15,17:00:00,3,OR,41,4,1.0,0,0,0.0,0.0,45.5,-123.08,0.0,0.0,0,0,0,0,0,67,0,0,0
624,1963,09,16,1963-09-16,17:55:00,3,ND,38,10,0.75,0,0,0.0,0.0,46.78,-102.8,0.0,0.0,0,0,0,0,0,89,0,0,0
625,1963,09,19,1963-09-19,19:36:00,3,CO,8,12,0.75,0,0,0.0,0.0,39.88,-105.18,0.0,0.0,0,0,0,0,0,59,0,0,0
626,1963,09,25,1963-09-25,15:30:00,3,KS,20,57,1.0,0,0,0.0,0.0,39.0,-94.68,0.0,0.0,0,0,0,0,0,91,0,0,0
627,1963,10,12,1963-10-12,13:55:00,3,SC,45,8,0.75,0,0,0.0,0.0,34.58,-82.58,0.0,0.0,0,0,0,0,0,7,0,0,0
628,1963,10,15,1963-10-15,20:25:00,3,KS,20,58,1.75,0,0,0.0,0.0,37.28,-101.28,0.0,0.0,0,0,0,0,0,189,0,0,0
629,1963,10,16,1963-10-16,20:30:00,3,KS,20,59,2.0,0,0,0.0,0.0,37.08,-100.78,0.0,0.0,0,0,0,0,0,175,0,0,0
630,1963,10,17,1963-10-17,15:30:00,3,IA,19,17,1.5,0,0,0.0,0.0,40.7,-95.0,0.0,0.0,0,0,0,0,0,145,0,0,0
631,1963,10,17,1963-10-17,15:30:00,3,IA,19,18,1.5,0,0,0.0,0.0,41.7,-94.5,0.0,0.0,0,0,0,0,0,77,0,0,0
632,1963,10,17,1963-10-17,21:30:00,3,KS,20,60,0.75,0,0,0.0,0.0,39.2,-95.18,0.0,0.0,0,0,0,0,0,87,0,0,0
633,1963,10,20,1963-10-20,16:40:00,3,OK,40,91,1.0,0,0,0.0,0.0,36.2,-97.68,0.0,0.0,0,0,0,0,0,47,0,0,0
634,1963,10,23,1963-10-23,17:00:00,3,TX,48,77,1.75,0,0,0.0,0.0,33.2,-98.08,0.0,0.0,0,0,0,0,0,237,0,0,0
635,1963,10,23,1963-10-23,21:00:00,3,OK,40,92,2.0,0,0,0.0,0.0,35.0,-99.18,0.0,0.0,0,0,0,0,0,75,0,0,0
636,1963,10,28,1963-10-28,10:19:00,3,MI,26,19,1.75,0,0,0.0,0.0,44.7,-85.08,0.0,0.0,0,0,0,0,0,79,0,0,0
637,1963,10,28,1963-10-28,10:45:00,3,MI,26,20,1.0,0,0,0.0,0.0,45.08,-85.58,0.0,0.0,0,0,0,0,0,0,0,0,0
638,1963,11,01,1963-11-01,14:10:00,3,AZ,4,1,0.75,0,0,0.0,0.0,32.7,-114.6,0.0,0.0,0,0,0,0,0,27,0,0,0
639,1963,11,05,1963-11-05,16:30:00,3,AR,5,5,3.0,0,0,0.0,0.0,35.5,-92.0,0.0,0.0,0,0,0,0,0,23,0,0,0
640,1963,11,05,1963-11-05,16:30:00,3,TN,47,12,0.75,0,0,0.0,0.0,35.0,-90.0,0.0,0.0,0,0,0,0,0,157,0,0,0
641,1963,11,05,1963-11-05,16:50:00,3,AR,5,6,1.75,0,0,0.0,0.0,35.5,-92.0,0.0,0.0,0,0,0,0,0,23,0,0,0
642,1963,11,08,1963-11-08,16:45:00,3,TX,48,78,1.0,0,0,0.0,0.0,26.38,-99.0,0.0,0.0,0,0,0,0,0,0,0,0,0
643,1963,11,17,1963-11-17,13:25:00,3,IL,17,32,1.0,0,0,0.0,0.0,42.38,-89.28,0.0,0.0,0,0,0,0,0,201,0,0,0
644,1963,11,17,1963-11-17,17:45:00,3,MI,26,21,1.75,0,0,0.0,0.0,43.08,-83.68,0.0,0.0,0,0,0,0,0,49,0,0,0
645,1963,11,17,1963-11-17,18:35:00,3,MI,26,22,2.0,0,0,0.0,0.0,43.08,-83.5,0.0,0.0,0,0,0,0,0,49,0,0,0
646,1963,11,17,1963-11-17,19:45:00,3,IL,17,33,1.0,0,0,0.0,0.0,42.08,-87.9,0.0,0.0,0,0,0,0,0,31,0,0,0
647,1963,11,22,1963-11-22,19:30:00,3,OK,40,93,0.75,0,0,0.0,0.0,34.88,-99.9,0.0,0.0,0,0,0,0,0,57,0,0,0
