om,yr,mo,dy,date,time,tz,st,stf,stn,mag,inj,fat,loss,closs,slat,slon,elat,elon,len,wid,ns,sn,sg,f1,f2,f3,f4,mt
1,1961,02,05,1961-02-05,11:20:00,3,TX,48,1,0.0,0,0,0.0,0.0,28.7,-98.0,0.0,0.0,0,0,0,0,0,25,0,0,0,
2,1961,02,07,1961-02-07,13:00:00,3,FL,12,1,0.0,0,0,0.0,0.0,28.5,-82.18,0.0,0.0,0,0,0,0,0,53,0,0,0,
3,1961,02,16,1961-02-16,17:00:00,3,TX,48,2,0.0,0,0,0.0,0.0,29.68,-95.28,0.0,0.0,0,0,0,0,0,201,0,0,0,
4,1961,02,17,1961-02-17,20:00:00,3,OK,40,1,53.0,0,0,0.0,0.0,34.08,-96.78,0.0,0.0,0,0,0,0,0,95,0,0,0,
5,1961,02,17,1961-02-17,21:20:00,3,KS,20,1,0.0,0,0,0.0,0.0,37.7,-95.5,0.0,0.0,0,0,0,0,0,133,0,0,0,
6,1961,02,24,1961-02-24,16:30:00,3,GA,13,1,0.0,0,0,0.0,0.0,32.38,-85.0,0.0,0.0,0,0,0,0,0,53,0,0,0,
7,1961,02,25,1961-02-25,08:30:00,3,FL,12,2,0.0,0,0,0.0,0.0,28.0,-82.5,0.0,0.0,0,0,0,0,0,57,0,0,0,
8,1961,02,25,1961-02-25,12:00:00,3,WV,54,1,0.0,0,0,0.0,0.0,38.0,-81.18,0.0,0.0,0,0,0,0,0,19,0,0,0,
9,1961,02,25,1961-02-25,12:36:00,3,NC,37,1,84.0,0,0,0.0,0.0,36.08,-80.28,0.0,0.0,0,0,0,0,0,67,0,0,0,
10,1961,02,25,1961-02-25,13:22:00,3,VA,51,1,74.0,0,0,0.0,0.0,37.28,-80.0,0.0,0.0,0,0,0,0,0,161,0,0,0,
11,1961,03,04,1961-03-04,04:00:00,3,IN,18,1,0.0,0,0,0.0,0.0,38.5,-87.28,0.0,0.0,0,0,0,0,0,125,0,0,0,
12,1961,03,04,1961-03-04,13:40:00,3,MO,29,1,0.0,0,0,0.0,0.0,39.7,-91.4,0.0,0.0,0,0,0,0,0,127,0,0,0,
13,1961,03,04,1961-03-04,14:30:00,3,MO,29,2,0.0,0,0,0.0,0.0,38.0,-91.78,0.0,0.0,0,0,0,0,0,161,0,0,0,
14,1961,03,04,1961-03-04,16:35:00,3,IL,17,1,0.0,0,0,0.0,0.0,40.2,-89.58,0.0,0.0,0,0,0,0,0,107,0,0,0,
15,1961,03,04,1961-03-04,16:55:00,3,IL,17,2,0.0,0,0,0.0,0.0,40.0,-88.5,0.0,0.0,0,0,0,0,0,147,0,0,0,
16,1961,03,04,1961-03-04,17:30:00,3,IL,17,3,0.0,0,0,0.0,0.0,40.5,-88.0,0.0,0.0,0,0,0,0,0,53,0,0,0,
17,1961,03,05,1961-03-05,15:00:00,3,MS,28,1,50.0,0,0,0.0,0.0,31.5,-91.4,0.0,0.0,0,0,0,0,0,1,0,0,0,
18,1961,03,05,1961-03-05,17:40:00,3,OK,40,2,0.0,0,0,0.0,0.0,36.08,-97.0,0.0,0.0,0,0,0,0,0,119,0,0,0,
19,1961,03,05,1961-03-05,20:00:00,3,KS,20,2,0.0,0,0,0.0,0.0,37.78,-95.68,0.0,0.0,0,0,0,0,0,207,0,0,0,
20,1961,03,05,1961-03-05,21:15:00,3,OK,40,3,0.0,0,0,0.0,0.0,36.88,-94.78,0.0,0.0,0,0,0,0,0,115,0,0,0,
21,1961,03,05,1961-03-05,23:15:00,3,MO,29,3,0.0,0,0,0.0,0.0,37.0,-93.18,0.0,0.0,0,0,0,0,0,43,0,0,0,
22,1961,03,06,1961-03-06,04:00:00,3,IL,17,4,63.0,0,0,0.0,0.0,40.08,-88.18,0.0,0.0,0,0,0,0,0,19,0,0,0,
23,1961,03,06,1961-03-06,05:00:00,3,IN,18,2,65.0,0,0,0.0,0.0,39.38,-87.28,0.0,0.0,0,0,0,0,0,167,0,0,0,
24,1961,03,06,1961-03-06,06:00:00,3,TN,47,1,0.0,0,0,0.0,0.0,35.58,-88.9,0.0,0.0,0,0,0,0,0,113,0,0,0,
25,1961,03,06,1961-03-06,06:45:00,3,OH,39,1,0.0,0,0,0.0,0.0,38.2,-82.18,0.0,0.0,0,0,0,0,0,0,0,0,0,
26,1961,03,06,1961-03-06,07:00:00,3,KY,21,1,0.0,0,0,0.0,0.0,38.2,-85.28,0.0,0.0,0,0,0,0,0,211,0,0,0,
27,1961,03,06,1961-03-06,07:00:00,3,KY,21,2,0.0,0,0,0.0,0.0,38.5,-85.68,0.0,0.0,0,0,0,0,0,0,0,0,0,
28,1961,03,06,1961-03-06,07:15:00,3,IN,18,3,0.0,0,0,0.0,0.0,40.08,-85.78,0.0,0.0,0,0,0,0,0,95,0,0,0,
29,1961,03,06,1961-03-06,09:00:00,3,KY,21,3,0.0,0,0,0.0,0.0,37.78,-84.4,0.0,0.0,0,0,0,0,0,151,0,0,0,
30,1961,03,07,1961-03-07,05:30:00,3,AL,1,1,0.0,0,0,0.0,0.0,34.7,-87.78,0.0,0.0,0,0,0,0,0,33,0,0,0,
31,1961,03,07,1961-03-07,17:45:00,3,MS,28,2,0.0,0,0,0.0,0.0,34.08,-90.5,0.0,0.0,0,0,0,0,0,27,0,0,0,
32,1961,03,07,1961-03-07,18:00:00,3,TX,48,3,80.0,0,0,0.0,0.0,31.2,-94.78,0.0,0.0,0,0,0,0,0,5,0,0,0,
33,1961,03,07,1961-03-07,18:55:00,3,MS,28,3,0.0,0,0,0.0,0.0,32.5,-91.0,0.0,0.0,0,0,0,0,0,149,0,0,0,
34,1961,03,07,1961-03-07,19:25:00,3,MS,28,4,0.0,0,0,0.0,0.0,33.88,-91.0,0.0,0.0,0,0,0,0,0,11,0,0,0,
35,1961,03,08,1961-03-08,03:30:00,3,GA,13,2,0.0,0,0,0.0,0.0,34.7,-84.5,0.0,0.0,0,0,0,0,0,123,0,0,0,
36,1961,03,08,1961-03-08,04:30:00,3,AL,1,2,0.0,0,0,0.0,0.0,32.28,-86.4,0.0,0.0,0,0,0,0,0,101,0,0,0,
37,1961,03,08,1961-03-08,07:30:00,3,GA,13,3,0.0,0,0,0.0,0.0,33.0,-85.0,0.0,0.0,0,0,0,0,0,285,0,0,0,
38,1961,03,08,1961-03-08,08:00:00,3,GA,13,4,0.0,0,0,0.0,0.0,33.0,-82.4,0.0,0.0,0,0,0,0,0,163,0,0,0,
39,1961,03,13,1961-03-13,00:15:00,3,TN,47,2,0.0,0,0,0.0,0.0,36.38,-88.9,0.0,0.0,0,0,0,0,0,183,0,0,0,
40,1961,03,13,1961-03-13,17:00:00,3,KY,21,4,0.0,0,0,0.0,0.0,38.0,-84.78,0.0,0.0,0,0,0,0,0,239,0,0,0,
41,1961,03,16,1961-03-16,18:00:00,3,TX,48,4,60.0,0,0,0.0,0.0,32.78,-98.08,0.0,0.0,0,0,0,0,0,363,0,0,0,
42,1961,03,16,1961-03-16,18:35:00,3,TX,48,5,65.0,0,0,0.0,0.0,32.0,-97.08,0.0,0.0,0,0,0,0,0,217,0,0,0,
43,1961,03,16,1961-03-16,19:30:00,3,TX,48,6,0.0,0,0,0.0,0.0,30.78,-96.4,0.0,0.0,0,0,0,0,0,41,0,0,0,
44,1961,03,16,1961-03-16,19:30:00,3,TX,48,7,0.0,0,0,0.0,0.0,31.5,-96.78,0.0,0.0,0,0,0,0,0,293,0,0,0,
45,1961,03,17,1961-03-17,01:00:00,3,LA,22,1,0.0,0,0,0.0,0.0,30.78,-91.18,0.0,0.0,0,0,0,0,0,37,0,0,0,
46,1961,03,17,1961-03-17,04:13:00,3,AR,5,1,60.0,0,0,0.0,0.0,33.2,-92.78,0.0,0.0,0,0,0,0,0,139,0,0,0,
47,1961,03,17,1961-03-17,07:50:00,3,AL,1,3,65.0,0,0,0.0,0.0,30.7,-88.28,0.0,0.0,0,0,0,0,0,97,0,0,0,
48,1961,03,17,1961-03-17,16:30:00,3,TX,48,8,53.0,0,0,0.0,0.0,32.7,-97.08,0.0,0.0,0,0,0,0,0,439,0,0,0,
49,1961,03,17,1961-03-17,22:20:00,3,AL,1,4,0.0,0,0,0.0,0.0,30.9,-88.3,0.0,0.0,0,0,0,0,0,97,0,0,0,
50,1961,03,17,1961-03-17,23:30:00,3,FL,12,3,0.0,0,0,0.0,0.0,30.58,-84.18,0.0,0.0,0,0,0,0,0,73,0,0,0,
51,1961,03,18,1961-03-18,04:00:00,3,KY,21,5,0.0,0,0,0.0,0.0,36.78,-87.5,0.0,0.0,0,0,0,0,0,47,0,0,0,
52,1961,03,18,1961-03-18,04:15:00,3,AL,1,5,0.0,0,0,0.0,0.0,34.88,-86.68,0.0,0.0,0,0,0,0,0,89,0,0,0,
53,1961,03,18,1961-03-18,06:00:00,3,GA,13,5,62.0,0,0,0.0,0.0,34.2,-84.78,0.0,0.0,0,0,0,0,0,15,0,0,0,
54,1961,03,18,1961-03-18,10:30:00,3,GA,13,6,0.0,0,0,0.0,0.0,31.1,-83.18,0.0,0.0,0,0,0,0,0,19,0,0,0,
55,1961,03,18,1961-03-18,16:30:00,3,SC,45,1,0.0,0,0,0.0,0.0,34.78,-81.68,0.0,0.0,0,0,0,0,0,87,0,0,0,
56,1961,03,18,1961-03-18,23:00:00,3,AL,1,6,53.0,0,0,0.0,0.0,34.28,-86.28,0.0,0.0,0,0,0,0,0,95,0,0,0,
57,1961,03,20,1961-03-20,05:10:00,3,LA,22,2,52.0,0,0,0.0,0.0,29.0,-89.4,0.0,0.0,0,0,0,0,0,0,0,0,0,
58,1961,03,26,1961-03-26,15:50:00,3,TX,48,9,65.0,0,0,0.0,0.0,32.7,-96.9,0.0,0.0,0,0,0,0,0,113,0,0,0,
59,1961,03,26,1961-03-26,17:30:00,3,OK,40,4,60.0,0,0,0.0,0.0,36.7,-96.0,0.0,0.0,0,0,0,0,0,113,0,0,0,
60,1961,03,26,1961-03-26,19:07:00,3,KS,20,3,54.0,0,0,0.0,0.0,37.7,-97.4,0.0,0.0,0,0,0,0,0,173,0,0,0,
61,1961,03,26,1961-03-26,20:30:00,3,OK,40,5,0.0,0,0,0.0,0.0,36.08,-96.08,0.0,0.0,0,0,0,0,0,37,0,0,0,
62,1961,03,26,1961-03-26,21:45:00,3,AR,5,2,0.0,0,0,0.0,0.0,33.5,-94.0,0.0,0.0,0,0,0,0,0,91,0,0,0,
63,1961,03,28,1961-03-28,03:00:00,3,MS,28,5,0.0,0,0,0.0,0.0,32.78,-89.28,0.0,0.0,0,0,0,0,0,99,0,0,0,
64,1961,03,28,1961-03-28,11:30:00,3,AL,1,7,0.0,0,0,0.0,0.0,31.2,-86.9,0.0,0.0,0,0,0,0,0,53,0,0,0,
65,1961,03,29,1961-03-29,04:00:00,3,MS,28,6,0.0,0,0,0.0,0.0,32.88,-90.4,0.0,0.0,0,0,0,0,0,163,0,0,0,
66,1961,03,29,1961-03-29,16:45:00,3,OK,40,6,0.0,0,0,0.0,0.0,35.0,-96.78,0.0,0.0,0,0,0,0,0,125,0,0,0,
67,1961,03,29,1961-03-29,16:58:00,3,FL,12,4,50.0,0,0,0.0,0.0,30.38,-84.4,0.0,0.0,0,0,0,0,0,73,0,0,0,
68,1961,03,29,1961-03-29,23:00:00,3,MS,28,7,0.0,0,0,0.0,0.0,31.9,-89.18,0.0,0.0,0,0,0,0,0,61,0,0,0,
69,1961,03,30,1961-03-30,17:50:00,3,FL,12,5,0.0,0,0,0.0,0.0,30.28,-82.18,0.0,0.0,0,0,0,0,0,3,0,0,0,
70,1961,03,30,1961-03-30,21:00:00,3,AL,1,8,0.0,0,0,0.0,0.0,31.1,-87.08,0.0,0.0,0,0,0,0,0,53,0,0,0,
71,1961,03,30,1961-03-30,22:40:00,3,AL,1,9,0.0,0,0,0.0,0.0,31.1,-87.5,0.0,0.0,0,0,0,0,0,53,0,0,0,
72,1961,03,31,1961-03-31,05:00:00,3,AL,1,10,0.0,0,0,0.0,0.0,31.6,-85.18,0.0,0.0,0,0,0,0,0,67,0,0,0,
73,1961,03,31,1961-03-31,13:32:00,3,FL,12,6,50.0,0,0,0.0,0.0,30.38,-81.68,0.0,0.0,0,0,0,0,0,31,0,0,0,
74,1961,04,01,1961-04-01,00:00:00,3,FL,12,7,56.0,0,0,0.0,0.0,27.7,-80.4,0.0,0.0,0,0,0,0,0,61,0,0,0,
75,1961,04,03,1961-04-03,16:15:00,3,AL,1,11,58.0,0,0,0.0,0.0,30.7,-88.28,0.0,0.0,0,0,0,0,0,97,0,0,0,
76,1961,04,05,1961-04-05,19:00:00,3,TX,48,10,0.0,0,0,0.0,0.0,28.5,-98.58,0.0,0.0,0,0,0,0,0,311,0,0,0,
77,1961,04,06,1961-04-06,06:45:00,3,TX,48,11,65.0,0,0,0.0,0.0,29.28,-94.78,0.0,0.0,0,0,0,0,0,0,0,0,0,
78,1961,04,07,1961-04-07,16:29:00,3,AZ,4,1,50.0,0,0,0.0,0.0,34.7,-112.4,0.0,0.0,0,0,0,0,0,25,0,0,0,
79,1961,04,08,1961-04-08,15:30:00,3,OK,40,7,0.0,0,0,0.0,0.0,35.38,-98.18,0.0,0.0,0,0,0,0,0,17,0,0,0,
80,1961,04,08,1961-04-08,15:47:00,3,TX,48,12,80.0,0,0,0.0,0.0,34.0,-98.5,0.0,0.0,0,0,0,0,0,485,0,0,0,
81,1961,04,08,1961-04-08,18:22:00,3,TX,48,13,60.0,0,0,0.0,0.0,31.6,-97.18,0.0,0.0,0,0,0,0,0,309,0,0,0,
82,1961,04,09,1961-04-09,01:45:00,3,AR,5,3,0.0,0,0,0.0,0.0,35.0,-90.08,0.0,0.0,0,0,0,0,0,0,0,0,0,
83,1961,04,09,1961-04-09,15:00:00,3,SC,45,2,0.0,0,0,0.0,0.0,32.88,-80.0,0.0,0.0,0,0,0,0,0,19,0,0,0,
84,1961,04,09,1961-04-09,21:00:00,3,NC,37,2,62.0,0,0,0.0,0.0,34.2,-77.78,0.0,0.0,0,0,0,0,0,0,0,0,0,
85,1961,04,09,1961-04-09,21:00:00,3,NC,37,3,51.0,0,0,0.0,0.0,34.2,-77.9,0.0,0.0,0,0,0,0,0,129,0,0,0,
86,1961,04,09,1961-04-09,21:10:00,3,NC,37,4,0.0,0,0,0.0,0.0,34.0,-77.9,0.0,0.0,0,0,0,0,0,0,0,0,0,
87,1961,04,09,1961-04-09,22:30:00,3,NC,37,5,0.0,0,0,0.0,0.0,34.2,-77.9,0.0,0.0,0,0,0,0,0,129,0,0,0,
88,1961,04,10,1961-04-10,02:00:00,3,NC,37,6,74.0,0,0,0.0,0.0,35.28,-75.58,0.0,0.0,0,0,0,0,0,0,0,0,0,
89,1961,04,11,1961-04-11,16:35:00,3,TX,48,14,0.0,0,0,0.0,0.0,31.78,-97.58,0.0,0.0,0,0,0,0,0,35,0,0,0,
90,1961,04,11,1961-04-11,17:00:00,3,TX,48,15,58.0,0,0,0.0,0.0,31.6,-97.18,0.0,0.0,0,0,0,0,0,309,0,0,0,
91,1961,04,11,1961-04-11,17:45:00,3,TX,48,16,70.0,0,0,0.0,0.0,31.5,-96.5,0.0,0.0,0,0,0,0,0,293,0,0,0,
92,1961,04,11,1961-04-11,18:05:00,3,OK,40,8,0.0,0,0,0.0,0.0,34.2,-95.58,0.0,0.0,0,0,0,0,0,127,0,0,0,
93,1961,04,11,1961-04-11,20:00:00,3,TX,48,17,50.0,0,0,0.0,0.0,34.0,-98.58,0.0,0.0,0,0,0,0,0,485,0,0,0,
94,1961,04,11,1961-04-11,21:30:00,3,TX,48,18,0.0,0,0,0.0,0.0,30.08,-94.08,0.0,0.0,0,0,0,0,0,245,0,0,0,
95,1961,04,11,1961-04-11,23:45:00,3,LA,22,3,0.0,0,0,0.0,0.0,30.5,-91.18,0.0,0.0,0,0,0,0,0,33,0,0,0,
96,1961,04,12,1961-04-12,03:00:00,3,FL,12,8,0.0,0,0,0.0,0.0,30.5,-87.18,0.0,0.0,0,0,0,0,0,113,0,0,0,
97,1961,04,12,1961-04-12,06:30:00,3,GA,13,7,0.0,0,0,0.0,0.0,30.9,-83.28,0.0,0.0,0,0,0,0,0,185,0,0,0,
98,1961,04,12,1961-04-12,08:59:00,3,SC,45,3,100.0,0,0,0.0,0.0,32.38,-80.68,0.0,0.0,0,0,0,0,0,13,0,0,0,
99,1961,04,12,1961-04-12,09:30:00,3,GA,13,8,0.0,0,0,0.0,0.0,32.0,-81.0,0.0,0.0,0,0,0,0,0,51,0,0,0,
100,1961,04,12,1961-04-12,10:00:00,3,FL,12,9,0.0,0,0,0.0,0.0,30.5,-81.78,0.0,0.0,0,0,0,0,0,31,0,0,0,
101,1961,04,12,1961-04-12,11:30:00,3,FL,12,10,50.0,0,0,0.0,0.0,29.68,-82.28,0.0,0.0,0,0,0,0,0,1,0,0,0,
102,1961,04,15,1961-04-15,07:30:00,3,GA,13,9,0.0,0,0,0.0,0.0,30.78,-83.18,0.0,0.0,0,0,0,0,0,185,0,0,0,
103,1961,04,15,1961-04-15,07:45:00,3,GA,13,10,0.0,0,0,0.0,0.0,31.7,-83.28,0.0,0.0,0,0,0,0,0,17,0,0,0,
104,1961,04,15,1961-04-15,10:30:00,3,GA,13,11,60.0,0,0,0.0,0.0,31.0,-83.18,0.0,0.0,0,0,0,0,0,173,0,0,0,
105,1961,04,15,1961-04-15,12:36:00,3,FL,12,11,57.0,0,0,0.0,0.0,30.7,-81.5,0.0,0.0,0,0,0,0,0,89,0,0,0,
106,1961,04,15,1961-04-15,16:05:00,3,TN,47,3,0.0,0,0,0.0,0.0,35.78,-86.5,0.0,0.0,0,0,0,0,0,149,0,0,0,
107,1961,04,15,1961-04-15,16:28:00,3,AL,1,12,51.0,0,0,0.0,0.0,33.58,-86.78,0.0,0.0,0,0,0,0,0,73,0,0,0,
108,1961,04,15,1961-04-15,18:15:00,3,TN,47,4,0.0,0,0,0.0,0.0,35.78,-86.4,0.0,0.0,0,0,0,0,0,149,0,0,0,
109,1961,04,20,1961-04-20,05:45:00,3,KS,20,4,52.0,0,0,0.0,0.0,39.2,-96.68,0.0,0.0,0,0,0,0,0,161,0,0,0,
110,1961,04,20,1961-04-20,17:00:00,3,IL,17,5,0.0,0,0,0.0,0.0,42.2,-89.08,0.0,0.0,0,0,0,0,0,201,0,0,0,
111,1961,04,20,1961-04-20,17:04:00,3,IA,19,1,50.0,0,0,0.0,0.0,41.5,-93.68,0.0,0.0,0,0,0,0,0,153,0,0,0,
112,1961,04,20,1961-04-20,20:55:00,3,MO,29,4,0.0,0,0,0.0,0.0,38.7,-93.28,0.0,0.0,0,0,0,0,0,159,0,0,0,
113,1961,04,21,1961-04-21,03:50:00,3,MO,29,5,0.0,0,0,0.0,0.0,39.0,-92.4,0.0,0.0,0,0,0,0,0,19,0,0,0,
114,1961,04,21,1961-04-21,20:30:00,3,KY,21,6,0.0,0,0,0.0,0.0,36.78,-87.18,0.0,0.0,0,0,0,0,0,219,0,0,0,
115,1961,04,21,1961-04-21,21:15:00,3,MO,29,6,0.0,0,0,0.0,0.0,39.88,-92.58,0.0,0.0,0,0,0,0,0,121,0,0,0,
116,1961,04,22,1961-04-22,00:43:00,3,OK,40,9,0.0,0,0,0.0,0.0,36.7,-95.68,0.0,0.0,0,0,0,0,0,105,0,0,0,
117,1961,04,22,1961-04-22,00:55:00,3,KS,20,5,0.0,0,0,0.0,0.0,39.0,-95.68,0.0,0.0,0,0,0,0,0,177,0,0,0,
118,1961,04,22,1961-04-22,04:00:00,3,MO,29,7,57.0,0,0,0.0,0.0,39.0,-92.4,0.0,0.0,0,0,0,0,0,19,0,0,0,
119,1961,04,22,1961-04-22,04:20:00,3,MO,29,8,0.0,0,0,0.0,0.0,38.58,-92.18,0.0,0.0,0,0,0,0,0,51,0,0,0,
120,1961,04,23,1961-04-23,10:15:00,3,IA,19,2,87.0,0,0,0.0,0.0,42.08,-92.9,0.0,0.0,0,0,0,0,0,127,0,0,0,
121,1961,04,23,1961-04-23,15:50:00,3,IL,17,6,0.0,0,0,0.0,0.0,41.5,-88.08,0.0,0.0,0,0,0,0,0,197,0,0,0,
122,1961,04,23,1961-04-23,16:00:00,3,IL,17,7,0.0,0,0,0.0,0.0,41.28,-87.78,0.0,0.0,0,0,0,0,0,91,0,0,0,
123,1961,04,23,1961-04-23,16:10:00,3,IL,17,8,0.0,0,0,0.0,0.0,41.38,-88.28,0.0,0.0,0,0,0,0,0,63,0,0,0,
124,1961,04,23,1961-04-23,16:30:00,3,IN,18,4,0.0,0,0,0.0,0.0,41.08,-87.5,0.0,0.0,0,0,0,0,0,111,0,0,0,
125,1961,04,23,1961-04-23,18:35:00,3,IA,19,3,0.0,0,0,0.0,0.0,42.38,-92.4,0.0,0.0,0,0,0,0,0,13,0,0,0,
126,1961,04,23,1961-04-23,21:33:00,3,KY,21,7,65.0,0,0,0.0,0.0,37.78,-87.18,0.0,0.0,0,0,0,0,0,59,0,0,0,
127,1961,04,23,1961-04-23,21:45:00,3,MO,29,9,50.0,0,0,0.0,0.0,37.78,-89.5,0.0,0.0,0,0,0,0,0,0,0,0,0,
128,1961,04,24,1961-04-24,15:30:00,3,MO,29,10,0.0,0,0,0.0,0.0,39.7,-93.58,0.0,0.0,0,0,0,0,0,117,0,0,0,
129,1961,04,24,1961-04-24,17:00:00,3,OH,39,2,50.0,0,0,0.0,0.0,41.5,-82.68,0.0,0.0,0,0,0,0,0,123,0,0,0,
130,1961,04,24,1961-04-24,17:00:00,3,KS,20,6,0.0,0,0,0.0,0.0,37.5,-95.78,0.0,0.0,0,0,0,0,0,205,0,0,0,
131,1961,04,24,1961-04-24,17:15:00,3,KS,20,7,65.0,0,0,0.0,0.0,37.7,-95.5,0.0,0.0,0,0,0,0,0,133,0,0,0,
132,1961,04,24,1961-04-24,19:00:00,3,MO,29,11,53.0,0,0,0.0,0.0,39.7,-91.4,0.0,0.0,0,0,0,0,0,127,0,0,0,
133,1961,04,24,1961-04-24,20:00:00,3,OH,39,3,0.0,0,0,0.0,0.0,40.88,-81.4,0.0,0.0,0,0,0,0,0,151,0,0,0,
134,1961,04,24,1961-04-24,21:50:00,3,KS,20,8,87.0,0,0,0.0,0.0,37.0,-95.58,0.0,0.0,0,0,0,0,0,125,0,0,0,
135,1961,04,24,1961-04-24,23:00:00,3,KS,20,9,0.0,0,0,0.0,0.0,37.28,-94.58,0.0,0.0,0,0,0,0,0,0,0,0,0,
136,1961,04,25,1961-04-25,02:20:00,3,MO,29,12,0.0,0,0,0.0,0.0,38.0,-92.78,0.0,0.0,0,0,0,0,0,29,0,0,0,
137,1961,04,25,1961-04-25,14:00:00,3,AR,5,4,55.0,0,0,0.0,0.0,36.08,-90.9,0.0,0.0,0,0,0,0,0,75,0,0,0,
138,1961,04,25,1961-04-25,14:00:00,3,MO,29,13,0.0,0,0,0.0,0.0,36.78,-90.08,0.0,0.0,0,0,0,0,0,207,0,0,0,
139,1961,04,25,1961-04-25,14:30:00,3,AR,5,5,0.0,0,0,0.0,0.0,34.78,-91.78,0.0,0.0,0,0,0,0,0,85,0,0,0,
140,1961,04,25,1961-04-25,15:00:00,3,AR,5,6,60.0,0,0,0.0,0.0,34.7,-92.18,0.0,0.0,0,0,0,0,0,119,0,0,0,
141,1961,04,25,1961-04-25,15:00:00,3,AR,5,7,0.0,0,0,0.0,0.0,35.78,-90.68,0.0,0.0,0,0,0,0,0,31,0,0,0,
142,1961,04,25,1961-04-25,15:15:00,3,OH,39,4,70.0,0,0,0.0,0.0,39.08,-84.4,0.0,0.0,0,0,0,0,0,61,0,0,0,
143,1961,04,25,1961-04-25,15:30:00,3,IN,18,5,0.0,0,0,0.0,0.0,38.7,-85.4,0.0,0.0,0,0,0,0,0,77,0,0,0,
144,1961,04,25,1961-04-25,15:38:00,3,OH,39,5,100.0,0,0,0.0,0.0,39.38,-83.78,0.0,0.0,0,0,0,0,0,27,0,0,0,
145,1961,04,25,1961-04-25,15:45:00,3,AR,5,8,0.0,0,0,0.0,0.0,35.2,-90.78,0.0,0.0,0,0,0,0,0,37,0,0,0,
146,1961,04,25,1961-04-25,16:00:00,3,KY,21,8,0.0,0,0,0.0,0.0,38.58,-83.78,0.0,0.0,0,0,0,0,0,161,0,0,0,
147,1961,04,25,1961-04-25,16:30:00,3,NJ,34,1,0.0,0,0,0.0,0.0,40.2,-74.68,0.0,0.0,0,0,0,0,0,21,0,0,0,
148,1961,04,25,1961-04-25,16:30:00,3,AR,5,9,0.0,0,0,0.0,0.0,34.2,-92.0,0.0,0.0,0,0,0,0,0,69,0,0,0,
149,1961,04,25,1961-04-25,17:00:00,3,WV,54,2,60.0,0,0,0.0,0.0,39.28,-81.4,0.0,0.0,0,0,0,0,0,107,0,0,0,
150,1961,04,25,1961-04-25,18:00:00,3,MS,28,8,0.0,0,0,0.0,0.0,34.78,-90.0,0.0,0.0,0,0,0,0,0,33,0,0,0,
151,1961,04,25,1961-04-25,20:00:00,3,KY,21,9,54.0,0,0,0.0,0.0,38.0,-84.58,0.0,0.0,0,0,0,0,0,67,0,0,0,
152,1961,04,26,1961-04-26,10:00:00,3,MA,25,1,0.0,0,0,0.0,0.0,41.88,-70.9,0.0,0.0,0,0,0,0,0,23,0,0,0,
153,1961,04,26,1961-04-26,10:30:00,3,RI,44,1,54.0,0,0,0.0,0.0,41.78,-71.5,0.0,0.0,0,0,0,0,0,7,0,0,0,
154,1961,04,26,1961-04-26,22:25:00,3,TX,48,19,56.0,0,0,0.0,0.0,33.7,-96.9,0.0,0.0,0,0,0,0,0,181,0,0,0,
155,1961,04,27,1961-04-27,12:15:00,3,FL,12,12,0.0,0,0,0.0,0.0,30.5,-87.18,0.0,0.0,0,0,0,0,0,113,0,0,0,
156,1961,04,28,1961-04-28,15:00:00,3,PA,42,1,0.0,0,0,0.0,0.0,39.88,-75.5,0.0,0.0,0,0,0,0,0,45,0,0,0,
157,1961,04,30,1961-04-30,19:20:00,3,OK,40,10,75.0,0,0,0.0,0.0,36.2,-95.9,0.0,0.0,0,0,0,0,0,143,0,0,0,
158,1961,04,30,1961-04-30,20:15:00,3,TX,48,20,60.0,0,0,0.0,0.0,34.0,-98.5,0.0,0.0,0,0,0,0,0,485,0,0,0,
159,1961,04,30,1961-04-30,20:30:00,3,AR,5,10,0.0,0,0,0.0,0.0,36.2,-94.08,0.0,0.0,0,0,0,0,0,143,0,0,0,
160,1961,04,30,1961-04-30,22:20:00,3,TX,48,21,0.0,0,0,0.0,0.0,33.28,-97.58,0.0,0.0,0,0,0,0,0,497,0,0,0,
161,1961,04,30,1961-04-30,22:30:00,3,TX,48,22,80.0,0,0,0.0,0.0,33.2,-96.9,0.0,0.0,0,0,0,0,0,121,0,0,0,
162,1961,04,30,1961-04-30,23:01:00,3,TX,48,23,69.0,0,0,0.0,0.0,33.0,-96.9,0.0,0.0,0,0,0,0,0,113,0,0,0,
163,1961,04,30,1961-04-30,23:05:00,3,TX,48,24,57.0,0,0,0.0,0.0,32.78,-96.78,0.0,0.0,0,0,0,0,0,113,0,0,0,
164,1961,04,30,1961-04-30,23:30:00,3,TX,48,25,0.0,0,0,0.0,0.0,32.88,-97.28,0.0,0.0,0,0,0,0,0,439,0,0,0,
165,1961,05,01,1961-05-01,01:17:00,3,TX,48,26,55.0,0,0,0.0,0.0,32.38,-95.28,0.0,0.0,0,0,0,0,0,423,0,0,0,
166,1961,05,01,1961-05-01,02:00:00,3,TX,48,27,55.0,0,0,0.0,0.0,32.5,-94.68,0.0,0.0,0,0,0,0,0,203,0,0,0,
167,1961,05,01,1961-05-01,17:00:00,3,TX,48,28,57.0,0,0,0.0,0.0,31.6,-94.68,0.0,0.0,0,0,0,0,0,347,0,0,0,
168,1961,05,03,1961-05-03,19:40:00,3,TX,48,29,0.0,0,0,0.0,0.0,33.58,-99.78,0.0,0.0,0,0,0,0,0,275,0,0,0,
169,1961,05,03,1961-05-03,20:00:00,3,TX,48,30,0.0,0,0,0.0,0.0,33.38,-99.78,0.0,0.0,0,0,0,0,0,207,0,0,0,
170,1961,05,04,1961-05-04,21:00:00,3,OK,40,11,60.0,0,0,0.0,0.0,36.0,-96.78,0.0,0.0,0,0,0,0,0,119,0,0,0,
171,1961,05,05,1961-05-05,13:15:00,3,NE,31,1,0.0,0,0,0.0,0.0,40.7,-95.78,0.0,0.0,0,0,0,0,0,0,0,0,0,
172,1961,05,05,1961-05-05,14:30:00,3,KS,20,10,68.0,0,0,0.0,0.0,39.08,-95.58,0.0,0.0,0,0,0,0,0,177,0,0,0,
173,1961,05,05,1961-05-05,16:43:00,3,MO,29,14,0.0,0,0,0.0,0.0,39.38,-94.78,0.0,0.0,0,0,0,0,0,165,0,0,0,
174,1961,05,05,1961-05-05,17:15:00,3,MO,29,15,70.0,0,0,0.0,0.0,38.38,-93.68,0.0,0.0,0,0,0,0,0,83,0,0,0,
175,1961,05,05,1961-05-05,18:30:00,3,MO,29,16,62.0,0,0,0.0,0.0,38.08,-92.58,0.0,0.0,0,0,0,0,0,29,0,0,0,
176,1961,05,05,1961-05-05,18:40:00,3,MO,29,17,50.0,0,0,0.0,0.0,39.0,-92.4,0.0,0.0,0,0,0,0,0,19,0,0,0,
177,1961,05,05,1961-05-05,19:10:00,3,MO,29,18,0.0,0,0,0.0,0.0,38.5,-91.9,0.0,0.0,0,0,0,0,0,151,0,0,0,
178,1961,05,05,1961-05-05,19:45:00,3,IA,19,4,0.0,0,0,0.0,0.0,42.08,-92.9,0.0,0.0,0,0,0,0,0,127,0,0,0,
179,1961,05,05,1961-05-05,20:00:00,3,MO,29,19,50.0,0,0,0.0,0.0,40.08,-92.58,0.0,0.0,0,0,0,0,0,1,0,0,0,
180,1961,05,05,1961-05-05,20:30:00,3,MO,29,20,0.0,0,0,0.0,0.0,36.88,-91.9,0.0,0.0,0,0,0,0,0,91,0,0,0,
181,1961,05,05,1961-05-05,23:00:00,3,AR,5,11,0.0,0,0,0.0,0.0,34.58,-92.58,0.0,0.0,0,0,0,0,0,125,0,0,0,
182,1961,05,06,1961-05-06,00:12:00,3,AR,5,12,51.0,0,0,0.0,0.0,34.88,-92.18,0.0,0.0,0,0,0,0,0,119,0,0,0,
183,1961,05,06,1961-05-06,01:00:00,3,AR,5,13,0.0,0,0,0.0,0.0,35.78,-90.68,0.0,0.0,0,0,0,0,0,31,0,0,0,
184,1961,05,06,1961-05-06,10:00:00,3,MS,28,9,90.0,0,0,0.0,0.0,34.28,-88.68,0.0,0.0,0,0,0,0,0,81,0,0,0,
185,1961,05,06,1961-05-06,17:00:00,3,IL,17,9,0.0,0,0,0.0,0.0,39.78,-89.0,0.0,0.0,0,0,0,0,0,115,0,0,0,
186,1961,05,07,1961-05-07,01:35:00,3,OK,40,12,70.0,0,0,0.0,0.0,36.2,-95.9,0.0,0.0,0,0,0,0,0,143,0,0,0,
187,1961,05,07,1961-05-07,08:30:00,3,NE,31,2,0.0,0,0,0.0,0.0,40.08,-96.08,0.0,0.0,0,0,0,0,0,133,0,0,0,
188,1961,05,07,1961-05-07,08:30:00,3,KS,20,11,0.0,0,0,0.0,0.0,39.5,-96.4,0.0,0.0,0,0,0,0,0,149,0,0,0,
189,1961,05,07,1961-05-07,09:00:00,3,KS,20,12,60.0,0,0,0.0,0.0,37.7,-95.5,0.0,0.0,0,0,0,0,0,133,0,0,0,
190,1961,05,07,1961-05-07,10:00:00,3,MO,29,21,50.0,0,0,0.0,0.0,39.08,-94.58,0.0,0.0,0,0,0,0,0,95,0,0,0,
191,1961,05,07,1961-05-07,10:00:00,3,MO,29,22,50.0,0,0,0.0,0.0,39.78,-94.9,0.0,0.0,0,0,0,0,0,21,0,0,0,
192,1961,05,07,1961-05-07,12:00:00,3,KY,21,10,0.0,0,0,0.0,0.0,37.7,-85.9,0.0,0.0,0,0,0,0,0,93,0,0,0,
193,1961,05,07,1961-05-07,12:30:00,3,KY,21,11,56.0,0,0,0.0,0.0,38.0,-84.58,0.0,0.0,0,0,0,0,0,67,0,0,0,
194,1961,05,07,1961-05-07,18:00:00,3,IN,18,6,50.0,0,0,0.0,0.0,38.0,-87.5,0.0,0.0,0,0,0,0,0,163,0,0,0,
195,1961,05,07,1961-05-07,19:00:00,3,IN,18,7,0.0,0,0,0.0,0.0,38.0,-87.5,0.0,0.0,0,0,0,0,0,163,0,0,0,
196,1961,05,07,1961-05-07,22:10:00,3,OK,40,13,52.0,0,0,0.0,0.0,36.88,-94.9,0.0,0.0,0,0,0,0,0,115,0,0,0,
197,1961,05,07,1961-05-07,22:10:00,3,OK,40,14,75.0,0,0,0.0,0.0,36.88,-94.9,0.0,0.0,0,0,0,0,0,115,0,0,0,
198,1961,05,07,1961-05-07,23:27:00,3,KS,20,13,0.0,0,0,0.0,0.0,37.0,-95.68,0.0,0.0,0,0,0,0,0,125,0,0,0,
199,1961,05,08,1961-05-08,01:30:00,3,OK,40,15,52.0,0,0,0.0,0.0,35.2,-96.68,0.0,0.0,0,0,0,0,0,133,0,0,0,
200,1961,05,08,1961-05-08,03:27:00,3,TX,48,31,0.0,0,0,0.0,0.0,33.0,-96.68,0.0,0.0,0,0,0,0,0,85,0,0,0,
201,1961,05,08,1961-05-08,09:30:00,3,OK,40,16,80.0,0,0,0.0,0.0,34.08,-96.78,0.0,0.0,0,0,0,0,0,95,0,0,0,
202,1961,05,08,1961-05-08,11:50:00,3,MO,29,23,0.0,0,0,0.0,0.0,36.88,-94.4,0.0,0.0,0,0,0,0,0,145,0,0,0,
203,1961,05,08,1961-05-08,12:00:00,3,KY,21,12,66.0,0,0,0.0,0.0,38.2,-86.08,0.0,0.0,0,0,0,0,0,0,0,0,0,
204,1961,05,08,1961-05-08,13:00:00,3,KY,21,13,0.0,0,0,0.0,0.0,38.0,-85.68,0.0,0.0,0,0,0,0,0,29,0,0,0,
205,1961,05,08,1961-05-08,14:55:00,3,AR,5,14,0.0,0,0,0.0,0.0,34.58,-90.9,0.0,0.0,0,0,0,0,0,107,0,0,0,
206,1961,05,08,1961-05-08,15:00:00,3,AR,5,15,0.0,0,0,0.0,0.0,35.7,-90.0,0.0,0.0,0,0,0,0,0,93,0,0,0,
207,1961,05,08,1961-05-08,16:00:00,3,TN,47,5,0.0,0,0,0.0,0.0,35.0,-89.9,0.0,0.0,0,0,0,0,0,157,0,0,0,
208,1961,05,08,1961-05-08,16:00:00,3,OH,39,6,54.0,0,0,0.0,0.0,40.0,-81.9,0.0,0.0,0,0,0,0,0,119,0,0,0,
209,1961,05,08,1961-05-08,18:00:00,3,TN,47,6,0.0,0,0,0.0,0.0,35.2,-88.28,0.0,0.0,0,0,0,0,0,71,0,0,0,
210,1961,05,08,1961-05-08,19:33:00,3,TN,47,7,50.0,0,0,0.0,0.0,36.08,-86.68,0.0,0.0,0,0,0,0,0,37,0,0,0,
211,1961,05,08,1961-05-08,21:00:00,3,MS,28,10,0.0,0,0,0.0,0.0,31.7,-89.08,0.0,0.0,0,0,0,0,0,67,0,0,0,
212,1961,05,08,1961-05-08,21:45:00,3,MS,28,11,0.0,0,0,0.0,0.0,32.5,-88.78,0.0,0.0,0,0,0,0,0,75,0,0,0,
213,1961,05,08,1961-05-08,22:00:00,3,AL,1,13,0.0,0,0,0.0,0.0,34.7,-86.58,0.0,0.0,0,0,0,0,0,89,0,0,0,
214,1961,05,08,1961-05-08,22:30:00,3,AL,1,14,0.0,0,0,0.0,0.0,34.88,-88.08,0.0,0.0,0,0,0,0,0,77,0,0,0,
215,1961,05,08,1961-05-08,23:32:00,3,LA,22,4,0.0,0,0,0.0,0.0,29.78,-90.28,0.0,0.0,0,0,0,0,0,89,0,0,0,
216,1961,05,08,1961-05-08,23:55:00,3,AL,1,15,61.0,0,0,0.0,0.0,33.58,-86.78,0.0,0.0,0,0,0,0,0,73,0,0,0,
217,1961,05,09,1961-05-09,01:00:00,3,AL,1,16,56.0,0,0,0.0,0.0,32.38,-86.28,0.0,0.0,0,0,0,0,0,101,0,0,0,
218,1961,05,09,1961-05-09,13:00:00,3,VA,51,2,50.0,0,0,0.0,0.0,37.28,-80.0,0.0,0.0,0,0,0,0,0,161,0,0,0,
219,1961,05,09,1961-05-09,13:00:00,3,NC,37,7,0.0,0,0,0.0,0.0,34.7,-79.08,0.0,0.0,0,0,0,0,0,155,0,0,0,
220,1961,05,09,1961-05-09,13:00:00,3,NC,37,8,50.0,0,0,0.0,0.0,35.08,-78.9,0.0,0.0,0,0,0,0,0,51,0,0,0,
221,1961,05,09,1961-05-09,14:30:00,3,VA,51,3,0.0,0,0,0.0,0.0,36.78,-78.9,0.0,0.0,0,0,0,0,0,83,0,0,0,
222,1961,05,09,1961-05-09,14:40:00,3,NY,36,1,65.0,0,0,0.0,0.0,42.08,-76.78,0.0,0.0,0,0,0,0,0,15,0,0,0,
223,1961,05,09,1961-05-09,15:17:00,3,VA,51,4,50.0,0,0,0.0,0.0,36.58,-79.4,0.0,0.0,0,0,0,0,0,143,0,0,0,
224,1961,05,09,1961-05-09,19:00:00,3,MD,24,1,65.0,0,0,0.0,0.0,38.78,-76.78,0.0,0.0,0,0,0,0,0,33,0,0,0,
225,1961,05,09,1961-05-09,20:00:00,3,PA,42,2,0.0,0,0,0.0,0.0,40.08,-75.58,0.0,0.0,0,0,0,0,0,29,0,0,0,
226,1961,05,09,1961-05-09,21:00:00,3,PA,42,3,0.0,0,0,0.0,0.0,41.08,-76.18,0.0,0.0,0,0,0,0,0,79,0,0,0,
227,1961,05,09,1961-05-09,21:00:00,3,PA,42,4,0.0,0,0,0.0,0.0,41.28,-75.68,0.0,0.0,0,0,0,0,0,0,0,0,0,
228,1961,05,10,1961-05-10,13:00:00,3,SC,45,4,0.0,0,0,0.0,0.0,34.2,-79.28,0.0,0.0,0,0,0,0,0,67,0,0,0,
229,1961,05,10,1961-05-10,15:26:00,3,MT,30,1,50.0,0,0,0.0,0.0,47.0,-109.4,0.0,0.0,0,0,0,0,0,27,0,0,0,
230,1961,05,13,1961-05-13,01:00:00,3,NE,31,3,0.0,0,0,0.0,0.0,40.58,-100.58,0.0,0.0,0,0,0,0,0,63,0,0,0,
231,1961,05,13,1961-05-13,19:30:00,3,KS,20,14,65.0,0,0,0.0,0.0,37.7,-97.4,0.0,0.0,0,0,0,0,0,173,0,0,0,
232,1961,05,13,1961-05-13,20:00:00,3,NE,31,4,0.0,0,0,0.0,0.0,40.88,-98.18,0.0,0.0,0,0,0,0,0,81,0,0,0,
233,1961,05,13,1961-05-13,22:17:00,3,KS,20,15,0.0,0,0,0.0,0.0,39.38,-101.78,0.0,0.0,0,0,0,0,0,181,0,0,0,
234,1961,05,14,1961-05-14,11:15:00,3,IA,19,5,0.0,0,0,0.0,0.0,42.5,-92.0,0.0,0.0,0,0,0,0,0,19,0,0,0,
235,1961,05,14,1961-05-14,11:30:00,3,MN,27,1,0.0,0,0,0.0,0.0,44.88,-93.18,0.0,0.0,0,0,0,0,0,53,0,0,0,
236,1961,05,14,1961-05-14,13:00:00,3,WI,55,1,50.0,0,0,0.0,0.0,43.88,-91.28,0.0,0.0,0,0,0,0,0,63,0,0,0,
237,1961,05,14,1961-05-14,13:20:00,3,IL,17,10,0.0,0,0,0.0,0.0,41.28,-90.4,0.0,0.0,0,0,0,0,0,131,0,0,0,
238,1961,05,14,1961-05-14,13:23:00,3,IL,17,11,54.0,0,0,0.0,0.0,41.5,-90.5,0.0,0.0,0,0,0,0,0,161,0,0,0,
239,1961,05,14,1961-05-14,14:30:00,3,WI,55,2,0.0,0,0,0.0,0.0,44.0,-90.5,0.0,0.0,0,0,0,0,0,81,0,0,0,
240,1961,05,14,1961-05-14,16:00:00,3,WI,55,3,53.0,0,0,0.0,0.0,43.0,-88.78,0.0,0.0,0,0,0,0,0,55,0,0,0,
241,1961,05,14,1961-05-14,16:00:00,3,WI,55,4,52.0,0,0,0.0,0.0,43.08,-88.68,0.0,0.0,0,0,0,0,0,55,0,0,0,
242,1961,05,14,1961-05-14,16:00:00,3,WI,55,5,0.0,0,0,0.0,0.0,44.5,-88.68,0.0,0.0,0,0,0,0,0,87,0,0,0,
243,1961,05,14,1961-05-14,16:47:00,3,IL,17,12,70.0,0,0,0.0,0.0,39.7,-91.4,0.0,0.0,0,0,0,0,0,0,0,0,0,
244,1961,05,14,1961-05-14,17:03:00,3,WI,55,6,52.0,0,0,0.0,0.0,44.5,-88.08,0.0,0.0,0,0,0,0,0,9,0,0,0,
245,1961,05,14,1961-05-14,17:30:00,3,IA,19,6,0.0,0,0,0.0,0.0,42.78,-92.08,0.0,0.0,0,0,0,0,0,17,0,0,0,
246,1961,05,14,1961-05-14,18:27:00,3,KY,21,14,63.0,0,0,0.0,0.0,37.5,-88.08,0.0,0.0,0,0,0,0,0,225,0,0,0,
247,1961,05,14,1961-05-14,19:19:00,3,IL,17,13,64.0,0,0,0.0,0.0,40.58,-90.0,0.0,0.0,0,0,0,0,0,57,0,0,0,
248,1961,05,15,1961-05-15,13:10:00,3,OH,39,7,65.0,0,0,0.0,0.0,39.08,-83.9,0.0,0.0,0,0,0,0,0,15,0,0,0,
249,1961,05,15,1961-05-15,14:25:00,3,OH,39,8,60.0,0,0,0.0,0.0,40.0,-81.9,0.0,0.0,0,0,0,0,0,119,0,0,0,
250,1961,05,15,1961-05-15,17:00:00,3,WV,54,3,60.0,0,0,0.0,0.0,39.28,-81.4,0.0,0.0,0,0,0,0,0,107,0,0,0,
251,1961,05,15,1961-05-15,17:30:00,3,NY,36,2,0.0,0,0,0.0,0.0,42.88,-78.28,0.0,0.0,0,0,0,0,0,37,0,0,0,
252,1961,05,15,1961-05-15,18:00:00,3,NY,36,3,0.0,0,0,0.0,0.0,42.5,-79.28,0.0,0.0,0,0,0,0,0,13,0,0,0,
253,1961,05,15,1961-05-15,18:00:00,3,NY,36,4,0.0,0,0,0.0,0.0,43.28,-78.18,0.0,0.0,0,0,0,0,0,73,0,0,0,
254,1961,05,16,1961-05-16,23:00:00,3,KS,20,16,0.0,0,0,0.0,0.0,39.08,-97.58,0.0,0.0,0,0,0,0,0,143,0,0,0,
255,1961,05,17,1961-05-17,01:00:00,3,OK,40,17,0.0,0,0,0.0,0.0,34.58,-98.18,0.0,0.0,0,0,0,0,0,31,0,0,0,
256,1961,05,17,1961-05-17,01:15:00,3,KS,20,17,0.0,0,0,0.0,0.0,39.5,-98.08,0.0,0.0,0,0,0,0,0,123,0,0,0,
257,1961,05,17,1961-05-17,01:30:00,3,KS,20,18,0.0,0,0,0.0,0.0,39.5,-98.08,0.0,0.0,0,0,0,0,0,123,0,0,0,
258,1961,05,17,1961-05-17,03:00:00,3,KS,20,19,0.0,0,0,0.0,0.0,39.0,-97.28,0.0,0.0,0,0,0,0,0,41,0,0,0,
259,1961,05,18,1961-05-18,19:45:00,3,TX,48,32,59.0,0,0,0.0,0.0,32.38,-100.9,0.0,0.0,0,0,0,0,0,335,0,0,0,
260,1961,05,21,1961-05-21,00:00:00,3,KS,20,20,50.0,0,0,0.0,0.0,39.38,-101.68,0.0,0.0,0,0,0,0,0,181,0,0,0,
261,1961,05,21,1961-05-21,17:15:00,3,OK,40,18,0.0,0,0,0.0,0.0,35.2,-96.18,0.0,0.0,0,0,0,0,0,63,0,0,0,
262,1961,05,21,1961-05-21,18:00:00,3,OK,40,19,0.0,0,0,0.0,0.0,35.78,-95.78,0.0,0.0,0,0,0,0,0,111,0,0,0,
263,1961,05,21,1961-05-21,19:00:00,3,OK,40,20,65.0,0,0,0.0,0.0,34.78,-97.18,0.0,0.0,0,0,0,0,0,49,0,0,0,
264,1961,05,21,1961-05-21,19:00:00,3,OK,40,21,70.0,0,0,0.0,0.0,35.2,-97.4,0.0,0.0,0,0,0,0,0,27,0,0,0,
265,1961,05,21,1961-05-21,19:50:00,3,OK,40,22,50.0,0,0,0.0,0.0,36.58,-95.18,0.0,0.0,0,0,0,0,0,35,0,0,0,
266,1961,05,21,1961-05-21,20:00:00,3,OK,40,23,66.0,0,0,0.0,0.0,34.78,-97.18,0.0,0.0,0,0,0,0,0,49,0,0,0,
267,1961,05,21,1961-05-21,22:20:00,3,TX,48,33,62.0,0,0,0.0,0.0,33.58,-97.08,0.0,0.0,0,0,0,0,0,97,0,0,0,
268,1961,05,22,1961-05-22,23:00:00,3,AR,5,16,0.0,0,0,0.0,0.0,34.08,-91.68,0.0,0.0,0,0,0,0,0,69,0,0,0,
269,1961,05,23,1961-05-23,01:45:00,3,AR,5,17,50.0,0,0,0.0,0.0,33.2,-92.78,0.0,0.0,0,0,0,0,0,139,0,0,0,
270,1961,05,23,1961-05-23,03:25:00,3,LA,22,5,62.0,0,0,0.0,0.0,32.78,-92.4,0.0,0.0,0,0,0,0,0,111,0,0,0,
271,1961,05,23,1961-05-23,11:57:00,3,GA,13,12,0.0,0,0,0.0,0.0,31.5,-82.5,0.0,0.0,0,0,0,0,0,5,0,0,0,
272,1961,05,25,1961-05-25,11:30:00,3,TX,48,34,58.0,0,0,0.0,0.0,28.7,-96.9,0.0,0.0,0,0,0,0,0,469,0,0,0,
273,1961,05,25,1961-05-25,14:11:00,3,TX,48,35,52.0,0,0,0.0,0.0,30.18,-97.68,0.0,0.0,0,0,0,0,0,453,0,0,0,
274,1961,05,25,1961-05-25,15:35:00,3,TX,48,36,65.0,0,0,0.0,0.0,32.7,-97.5,0.0,0.0,0,0,0,0,0,439,0,0,0,
275,1961,05,25,1961-05-25,16:00:00,3,WA,53,1,57.0,0,0,0.0,0.0,46.58,-120.5,0.0,0.0,0,0,0,0,0,77,0,0,0,
276,1961,05,25,1961-05-25,16:15:00,3,WA,53,2,70.0,0,0,0.0,0.0,46.28,-119.98,0.0,0.0,0,0,0,0,0,77,0,0,0,
277,1961,05,25,1961-05-25,19:00:00,3,TX,48,37,60.0,0,0,0.0,0.0,28.78,-96.9,0.0,0.0,0,0,0,0,0,469,0,0,0,
278,1961,05,26,1961-05-26,10:07:00,3,PA,42,5,62.0,0,0,0.0,0.0,40.7,-75.4,0.0,0.0,0,0,0,0,0,95,0,0,0,
279,1961,05,26,1961-05-26,22:00:00,3,MT,30,2,0.0,0,0,0.0,0.0,47.88,-114.0,0.0,0.0,0,0,0,0,0,47,0,0,0,
280,1961,05,28,1961-05-28,18:00:00,3,FL,12,13,52.0,0,0,0.0,0.0,24.88,-80.78,0.0,0.0,0,0,0,0,0,87,0,0,0,
281,1961,05,29,1961-05-29,17:40:00,3,TX,48,38,50.0,0,0,0.0,0.0,31.28,-103.5,0.0,0.0,0,0,0,0,0,389,0,0,0,
282,1961,05,30,1961-05-30,18:50:00,3,TX,48,39,55.0,0,0,0.0,0.0,35.2,-101.68,0.0,0.0,0,0,0,0,0,375,0,0,0,
283,1961,05,30,1961-05-30,20:14:00,3,NE,31,5,60.0,0,0,0.0,0.0,42.0,-97.4,0.0,0.0,0,0,0,0,0,119,0,0,0,
284,1961,05,31,1961-05-31,17:00:00,3,KS,20,21,83.0,0,0,0.0,0.0,39.28,-101.78,0.0,0.0,0,0,0,0,0,181,0,0,0,
285,1961,05,31,1961-05-31,20:55:00,3,NE,31,6,0.0,0,0,0.0,0.0,40.0,-98.08,0.0,0.0,0,0,0,0,0,129,0,0,0,
286,1961,05,31,1961-05-31,21:00:00,3,NV,32,1,76.0,0,0,0.0,0.0,39.28,-114.8,0.0,0.0,0,0,0,0,0,33,0,0,0,
287,1961,05,31,1961-05-31,21:30:00,3,KS,20,22,0.0,0,0,0.0,0.0,39.38,-99.78,0.0,0.0,0,0,0,0,0,65,0,0,0,
288,1961,05,31,1961-05-31,22:00:00,3,NE,31,7,0.0,0,0,0.0,0.0,40.28,-96.78,0.0,0.0,0,0,0,0,0,67,0,0,0,
289,1961,05,31,1961-05-31,23:25:00,3,NE,31,8,52.0,0,0,0.0,0.0,41.0,-98.28,0.0,0.0,0,0,0,0,0,121,0,0,0,
290,1961,06,01,1961-06-01,02:00:00,3,NE,31,9,0.0,0,0,0.0,0.0,42.08,-96.68,0.0,0.0,0,0,0,0,0,39,0,0,0,
291,1961,06,01,1961-06-01,10:50:00,3,MI,26,1,50.0,0,0,0.0,0.0,47.2,-88.5,0.0,0.0,0,0,0,0,0,61,0,0,0,
292,1961,06,01,1961-06-01,13:29:00,3,MI,26,2,50.0,0,0,0.0,0.0,42.28,-84.5,0.0,0.0,0,0,0,0,0,75,0,0,0,
293,1961,06,01,1961-06-01,14:00:00,3,IN,18,8,0.0,0,0,0.0,0.0,41.0,-85.08,0.0,0.0,0,0,0,0,0,3,0,0,0,
294,1961,06,01,1961-06-01,15:00:00,3,MI,26,3,0.0,0,0,0.0,0.0,46.5,-84.4,0.0,0.0,0,0,0,0,0,33,0,0,0,
295,1961,06,01,1961-06-01,16:38:00,3,OH,39,9,65.0,0,0,0.0,0.0,41.58,-83.78,0.0,0.0,0,0,0,0,0,95,0,0,0,
296,1961,06,01,1961-06-01,17:40:00,3,OH,39,10,0.0,0,0,0.0,0.0,40.5,-82.78,0.0,0.0,0,0,0,0,0,117,0,0,0,
297,1961,06,01,1961-06-01,19:45:00,3,OH,39,11,61.0,0,0,0.0,0.0,40.28,-81.9,0.0,0.0,0,0,0,0,0,31,0,0,0,
298,1961,06,01,1961-06-01,21:00:00,3,PA,42,6,52.0,0,0,0.0,0.0,40.38,-79.9,0.0,0.0,0,0,0,0,0,3,0,0,0,
299,1961,06,01,1961-06-01,21:55:00,3,WV,54,4,78.0,0,0,0.0,0.0,40.2,-80.58,0.0,0.0,0,0,0,0,0,9,0,0,0,
300,1961,06,01,1961-06-01,22:00:00,3,PA,42,7,0.0,0,0,0.0,0.0,40.08,-80.0,0.0,0.0,0,0,0,0,0,125,0,0,0,
301,1961,06,02,1961-06-02,07:00:00,3,KS,20,23,0.0,0,0,0.0,0.0,38.7,-99.18,0.0,0.0,0,0,0,0,0,51,0,0,0,
302,1961,06,02,1961-06-02,15:00:00,3,IL,17,14,0.0,0,0,0.0,0.0,39.08,-87.9,0.0,0.0,0,0,0,0,0,33,0,0,0,
303,1961,06,02,1961-06-02,18:00:00,3,TX,48,40,0.0,0,0,0.0,0.0,35.2,-101.08,0.0,0.0,0,0,0,0,0,65,0,0,0,
304,1961,06,02,1961-06-02,19:00:00,3,OK,40,24,62.0,0,0,0.0,0.0,35.38,-99.5,0.0,0.0,0,0,0,0,0,9,0,0,0,
305,1961,06,02,1961-06-02,21:00:00,3,TX,48,41,70.0,0,0,0.0,0.0,34.0,-100.28,0.0,0.0,0,0,0,0,0,101,0,0,0,
306,1961,06,02,1961-06-02,23:05:00,3,OK,40,25,0.0,0,0,0.0,0.0,34.58,-98.4,0.0,0.0,0,0,0,0,0,31,0,0,0,
307,1961,06,03,1961-06-03,14:00:00,3,VA,51,5,0.0,0,0,0.0,0.0,37.7,-76.58,0.0,0.0,0,0,0,0,0,193,0,0,0,
308,1961,06,03,1961-06-03,16:00:00,3,NC,37,9,0.0,0,0,0.0,0.0,36.38,-78.4,0.0,0.0,0,0,0,0,0,181,0,0,0,
309,1961,06,03,1961-06-03,16:00:00,3,TX,48,42,55.0,0,0,0.0,0.0,34.2,-102.9,0.0,0.0,0,0,0,0,0,17,0,0,0,
310,1961,06,03,1961-06-03,18:05:00,3,TX,48,43,70.0,0,0,0.0,0.0,32.38,-99.68,0.0,0.0,0,0,0,0,0,441,0,0,0,
311,1961,06,04,1961-06-04,18:08:00,3,TX,48,44,0.0,0,0,0.0,0.0,32.78,-99.68,0.0,0.0,0,0,0,0,0,253,0,0,0,
312,1961,06,04,1961-06-04,19:15:00,3,TX,48,45,0.0,0,0,0.0,0.0,32.5,-99.78,0.0,0.0,0,0,0,0,0,441,0,0,0,
313,1961,06,04,1961-06-04,20:50:00,3,TX,48,46,52.0,0,0,0.0,0.0,32.28,-100.4,0.0,0.0,0,0,0,0,0,353,0,0,0,
314,1961,06,04,1961-06-04,23:50:00,3,TX,48,47,0.0,0,0,0.0,0.0,33.0,-99.78,0.0,0.0,0,0,0,0,0,207,0,0,0,
315,1961,06,05,1961-06-05,11:25:00,3,NC,37,10,0.0,0,0,0.0,0.0,35.2,-80.9,0.0,0.0,0,0,0,0,0,119,0,0,0,
316,1961,06,05,1961-06-05,16:00:00,3,TX,48,48,0.0,0,0,0.0,0.0,31.4,-97.08,0.0,0.0,0,0,0,0,0,309,0,0,0,
317,1961,06,05,1961-06-05,16:10:00,3,TX,48,49,71.0,0,0,0.0,0.0,31.6,-97.18,0.0,0.0,0,0,0,0,0,309,0,0,0,
318,1961,06,05,1961-06-05,16:45:00,3,KS,20,24,0.0,0,0,0.0,0.0,39.38,-100.28,0.0,0.0,0,0,0,0,0,179,0,0,0,
319,1961,06,05,1961-06-05,17:00:00,3,KS,20,25,76.0,0,0,0.0,0.0,39.38,-99.78,0.0,0.0,0,0,0,0,0,65,0,0,0,
320,1961,06,05,1961-06-05,19:30:00,3,TX,48,50,0.0,0,0,0.0,0.0,33.2,-101.4,0.0,0.0,0,0,0,0,0,169,0,0,0,
321,1961,06,05,1961-06-05,19:45:00,3,KS,20,26,0.0,0,0,0.0,0.0,37.5,-100.78,0.0,0.0,0,0,0,0,0,81,0,0,0,
322,1961,06,05,1961-06-05,23:00:00,3,KS,20,27,0.0,0,0,0.0,0.0,38.7,-97.28,0.0,0.0,0,0,0,0,0,41,0,0,0,
323,1961,06,05,1961-06-05,23:50:00,3,TX,48,51,0.0,0,0,0.0,0.0,32.78,-99.9,0.0,0.0,0,0,0,0,0,253,0,0,0,
324,1961,06,06,1961-06-06,12:25:00,3,NE,31,10,52.0,0,0,0.0,0.0,41.38,-99.68,0.0,0.0,0,0,0,0,0,41,0,0,0,
325,1961,06,06,1961-06-06,14:50:00,3,MO,29,24,50.0,0,0,0.0,0.0,39.0,-92.28,0.0,0.0,0,0,0,0,0,19,0,0,0,
326,1961,06,06,1961-06-06,15:08:00,3,IL,17,15,53.0,0,0,0.0,0.0,39.78,-89.68,0.0,0.0,0,0,0,0,0,167,0,0,0,
327,1961,06,06,1961-06-06,18:30:00,3,MO,29,25,0.0,0,0,0.0,0.0,37.0,-89.5,0.0,0.0,0,0,0,0,0,201,0,0,0,
328,1961,06,06,1961-06-06,19:00:00,3,VA,51,6,0.0,0,0,0.0,0.0,37.0,-76.4,0.0,0.0,0,0,0,0,0,700,0,0,0,
329,1961,06,06,1961-06-06,20:00:00,3,IL,17,16,0.0,0,0,0.0,0.0,38.7,-88.18,0.0,0.0,0,0,0,0,0,159,0,0,0,
330,1961,06,07,1961-06-07,01:00:00,3,OK,40,26,65.0,0,0,0.0,0.0,36.28,-99.78,0.0,0.0,0,0,0,0,0,45,0,0,0,
331,1961,06,07,1961-06-07,14:00:00,3,WI,55,7,0.0,0,0,0.0,0.0,43.58,-88.68,0.0,0.0,0,0,0,0,0,27,0,0,0,
332,1961,06,07,1961-06-07,14:00:00,3,IL,17,17,0.0,0,0,0.0,0.0,41.7,-91.0,0.0,0.0,0,0,0,0,0,0,0,0,0,
333,1961,06,07,1961-06-07,14:30:00,3,IL,17,18,55.0,0,0,0.0,0.0,41.2,-90.68,0.0,0.0,0,0,0,0,0,131,0,0,0,
334,1961,06,07,1961-06-07,15:30:00,3,MI,26,4,0.0,0,0,0.0,0.0,42.58,-85.4,0.0,0.0,0,0,0,0,0,15,0,0,0,
335,1961,06,07,1961-06-07,18:00:00,3,TN,47,8,0.0,0,0,0.0,0.0,36.28,-87.28,0.0,0.0,0,0,0,0,0,43,0,0,0,
336,1961,06,07,1961-06-07,19:00:00,3,IL,17,19,64.0,0,0,0.0,0.0,41.5,-88.08,0.0,0.0,0,0,0,0,0,197,0,0,0,
337,1961,06,07,1961-06-07,21:15:00,3,MO,29,26,0.0,0,0,0.0,0.0,40.08,-93.58,0.0,0.0,0,0,0,0,0,79,0,0,0,
338,1961,06,07,1961-06-07,21:45:00,3,TX,48,52,0.0,0,0,0.0,0.0,32.5,-100.58,0.0,0.0,0,0,0,0,0,353,0,0,0,
339,1961,06,07,1961-06-07,23:00:00,3,TX,48,53,54.0,0,0,0.0,0.0,32.38,-99.78,0.0,0.0,0,0,0,0,0,441,0,0,0,
340,1961,06,08,1961-06-08,12:45:00,3,KY,21,15,0.0,0,0,0.0,0.0,36.7,-88.78,0.0,0.0,0,0,0,0,0,83,0,0,0,
341,1961,06,08,1961-06-08,14:05:00,3,IL,17,20,52.0,0,0,0.0,0.0,39.7,-90.28,0.0,0.0,0,0,0,0,0,137,0,0,0,
342,1961,06,08,1961-06-08,14:35:00,3,SC,45,5,0.0,0,0,0.0,0.0,33.5,-80.68,0.0,0.0,0,0,0,0,0,75,0,0,0,
343,1961,06,08,1961-06-08,14:50:00,3,NY,36,5,0.0,0,0,0.0,0.0,42.78,-73.78,0.0,0.0,0,0,0,0,0,1,0,0,0,
344,1961,06,08,1961-06-08,15:00:00,3,KY,21,16,58.0,0,0,0.0,0.0,37.0,-86.4,0.0,0.0,0,0,0,0,0,227,0,0,0,
345,1961,06,08,1961-06-08,16:45:00,3,IN,18,9,0.0,0,0,0.0,0.0,39.78,-86.08,0.0,0.0,0,0,0,0,0,97,0,0,0,
346,1961,06,08,1961-06-08,17:00:00,3,VA,51,7,0.0,0,0,0.0,0.0,38.0,-76.68,0.0,0.0,0,0,0,0,0,193,0,0,0,
347,1961,06,08,1961-06-08,19:15:00,3,OH,39,12,0.0,0,0,0.0,0.0,40.38,-83.78,0.0,0.0,0,0,0,0,0,91,0,0,0,
348,1961,06,08,1961-06-08,19:30:00,3,TX,48,54,0.0,0,0,0.0,0.0,30.58,-98.0,0.0,0.0,0,0,0,0,0,453,0,0,0,
349,1961,06,08,1961-06-08,20:00:00,3,TX,48,55,50.0,0,0,0.0,0.0,31.6,-97.18,0.0,0.0,0,0,0,0,0,309,0,0,0,
350,1961,06,08,1961-06-08,22:40:00,3,AR,5,18,66.0,0,0,0.0,0.0,34.2,-91.9,0.0,0.0,0,0,0,0,0,69,0,0,0,
351,1961,06,09,1961-06-09,14:00:00,3,KY,21,17,0.0,0,0,0.0,0.0,37.28,-84.58,0.0,0.0,0,0,0,0,0,199,0,0,0,
352,1961,06,09,1961-06-09,14:30:00,3,NC,37,11,0.0,0,0,0.0,0.0,35.78,-79.58,0.0,0.0,0,0,0,0,0,151,0,0,0,
353,1961,06,10,1961-06-10,01:12:00,3,MN,27,2,0.0,0,0,0.0,0.0,43.88,-92.0,0.0,0.0,0,0,0,0,0,169,0,0,0,
354,1961,06,10,1961-06-10,02:35:00,3,WI,55,8,0.0,0,0,0.0,0.0,43.08,-88.28,0.0,0.0,0,0,0,0,0,133,0,0,0,
355,1961,06,10,1961-06-10,11:30:00,3,NH,33,1,0.0,0,0,0.0,0.0,42.78,-71.5,0.0,0.0,0,0,0,0,0,11,0,0,0,
356,1961,06,10,1961-06-10,13:24:00,3,NY,36,6,55.0,0,0,0.0,0.0,43.08,-76.08,0.0,0.0,0,0,0,0,0,67,0,0,0,
357,1961,06,10,1961-06-10,13:40:00,3,LA,22,6,50.0,0,0,0.0,0.0,29.98,-90.08,0.0,0.0,0,0,0,0,0,71,0,0,0,
358,1961,06,10,1961-06-10,14:06:00,3,MN,27,3,52.0,0,0,0.0,0.0,43.88,-92.5,0.0,0.0,0,0,0,0,0,109,0,0,0,
359,1961,06,10,1961-06-10,17:00:00,3,WI,55,9,58.0,0,0,0.0,0.0,43.88,-91.28,0.0,0.0,0,0,0,0,0,63,0,0,0,
360,1961,06,10,1961-06-10,19:42:00,3,CT,9,1,50.0,0,0,0.0,0.0,41.88,-72.68,0.0,0.0,0,0,0,0,0,3,0,0,0,
361,1961,06,11,1961-06-11,16:58:00,3,IA,19,7,50.0,0,0,0.0,0.0,43.5,-91.28,0.0,0.0,0,0,0,0,0,5,0,0,0,
362,1961,06,11,1961-06-11,17:00:00,3,GA,13,13,65.0,0,0,0.0,0.0,33.38,-82.0,0.0,0.0,0,0,0,0,0,245,0,0,0,
363,1961,06,11,1961-06-11,19:00:00,3,GA,13,14,0.0,0,0,0.0,0.0,32.08,-82.18,0.0,0.0,0,0,0,0,0,267,0,0,0,
364,1961,06,11,1961-06-11,22:30:00,3,NE,31,11,52.0,0,0,0.0,0.0,41.88,-103.58,0.0,0.0,0,0,0,0,0,157,0,0,0,
365,1961,06,12,1961-06-12,13:30:00,3,MI,26,5,0.0,0,0,0.0,0.0,43.7,-84.68,0.0,0.0,0,0,0,0,0,73,0,0,0,
366,1961,06,12,1961-06-12,14:00:00,3,VA,51,8,0.0,0,0,0.0,0.0,37.28,-79.5,0.0,0.0,0,0,0,0,0,19,0,0,0,
367,1961,06,12,1961-06-12,15:20:00,3,MN,27,4,0.0,0,0,0.0,0.0,44.08,-92.78,0.0,0.0,0,0,0,0,0,39,0,0,0,
368,1961,06,12,1961-06-12,16:35:00,3,MN,27,5,52.0,0,0,0.0,0.0,43.88,-92.5,0.0,0.0,0,0,0,0,0,109,0,0,0,
369,1961,06,12,1961-06-12,17:00:00,3,NE,31,12,53.0,0,0,0.0,0.0,41.88,-103.58,0.0,0.0,0,0,0,0,0,157,0,0,0,
370,1961,06,12,1961-06-12,17:00:00,3,TX,48,56,0.0,0,0,0.0,0.0,34.38,-100.9,0.0,0.0,0,0,0,0,0,191,0,0,0,
371,1961,06,12,1961-06-12,22:00:00,3,NE,31,13,64.0,0,0,0.0,0.0,40.5,-101.58,0.0,0.0,0,0,0,0,0,29,0,0,0,
372,1961,06,12,1961-06-12,22:00:00,3,NE,31,14,62.0,0,0,0.0,0.0,42.88,-100.58,0.0,0.0,0,0,0,0,0,31,0,0,0,
373,1961,06,13,1961-06-13,11:20:00,3,IL,17,21,0.0,0,0,0.0,0.0,41.58,-87.58,0.0,0.0,0,0,0,0,0,31,0,0,0,
374,1961,06,13,1961-06-13,11:23:00,3,MI,26,6,50.0,0,0,0.0,0.0,42.78,-84.58,0.0,0.0,0,0,0,0,0,37,0,0,0,
375,1961,06,13,1961-06-13,12:00:00,3,IL,17,22,0.0,0,0,0.0,0.0,40.7,-88.28,0.0,0.0,0,0,0,0,0,105,0,0,0,
376,1961,06,13,1961-06-13,14:05:00,3,NY,36,7,50.0,0,0,0.0,0.0,42.7,-73.9,0.0,0.0,0,0,0,0,0,1,0,0,0,
377,1961,06,13,1961-06-13,16:00:00,3,NH,33,2,0.0,0,0,0.0,0.0,44.28,-71.68,0.0,0.0,0,0,0,0,0,9,0,0,0,
378,1961,06,13,1961-06-13,16:00:00,3,NY,36,8,0.0,0,0,0.0,0.0,44.88,-74.08,0.0,0.0,0,0,0,0,0,33,0,0,0,
379,1961,06,13,1961-06-13,16:00:00,3,IN,18,10,60.0,0,0,0.0,0.0,41.0,-85.18,0.0,0.0,0,0,0,0,0,3,0,0,0,
380,1961,06,13,1961-06-13,17:00:00,3,NY,36,9,0.0,0,0,0.0,0.0,41.7,-73.5,0.0,0.0,0,0,0,0,0,0,0,0,0,
381,1961,06,13,1961-06-13,20:00:00,3,KS,20,28,0.0,0,0,0.0,0.0,37.5,-95.78,0.0,0.0,0,0,0,0,0,205,0,0,0,
382,1961,06,14,1961-06-14,11:40:00,3,GA,13,15,60.0,0,0,0.0,0.0,31.1,-81.4,0.0,0.0,0,0,0,0,0,127,0,0,0,
383,1961,06,14,1961-06-14,17:25:00,3,FL,12,14,0.0,0,0,0.0,0.0,28.1,-82.4,0.0,0.0,0,0,0,0,0,57,0,0,0,
384,1961,06,14,1961-06-14,22:00:00,3,NC,37,12,0.0,0,0,0.0,0.0,35.78,-79.58,0.0,0.0,0,0,0,0,0,151,0,0,0,
385,1961,06,18,1961-06-18,18:15:00,3,TX,48,57,0.0,0,0,0.0,0.0,33.88,-102.28,0.0,0.0,0,0,0,0,0,279,0,0,0,
386,1961,06,18,1961-06-18,20:15:00,3,NM,35,1,70.0,0,0,0.0,0.0,32.58,-108.18,0.0,0.0,0,0,0,0,0,17,0,0,0,
387,1961,06,18,1961-06-18,20:30:00,3,TX,48,58,0.0,0,0,0.0,0.0,32.28,-102.5,0.0,0.0,0,0,0,0,0,3,0,0,0,
388,1961,06,19,1961-06-19,14:10:00,3,MI,26,7,50.0,0,0,0.0,0.0,42.78,-84.58,0.0,0.0,0,0,0,0,0,37,0,0,0,
389,1961,06,19,1961-06-19,22:50:00,3,NM,35,2,0.0,0,0,0.0,0.0,34.38,-103.58,0.0,0.0,0,0,0,0,0,9,0,0,0,
390,1961,06,20,1961-06-20,10:15:00,3,FL,12,15,65.0,0,0,0.0,0.0,30.08,-85.9,0.0,0.0,0,0,0,0,0,0,0,0,0,
391,1961,06,20,1961-06-20,14:25:00,3,FL,12,16,61.0,0,0,0.0,0.0,30.38,-86.5,0.0,0.0,0,0,0,0,0,91,0,0,0,
392,1961,06,20,1961-06-20,20:00:00,3,FL,12,17,0.0,0,0,0.0,0.0,30.58,-84.4,0.0,0.0,0,0,0,0,0,39,0,0,0,
393,1961,06,21,1961-06-21,10:45:00,3,NC,37,13,0.0,0,0,0.0,0.0,35.2,-78.08,0.0,0.0,0,0,0,0,0,191,0,0,0,
394,1961,06,21,1961-06-21,15:55:00,3,MN,27,6,53.0,0,0,0.0,0.0,44.5,-95.08,0.0,0.0,0,0,0,0,0,127,0,0,0,
395,1961,06,21,1961-06-21,19:00:00,3,SD,46,1,0.0,0,0,0.0,0.0,43.58,-96.68,0.0,0.0,0,0,0,0,0,99,0,0,0,
396,1961,06,21,1961-06-21,21:00:00,3,GA,13,16,0.0,0,0,0.0,0.0,30.9,-83.28,0.0,0.0,0,0,0,0,0,185,0,0,0,
397,1961,06,22,1961-06-22,15:15:00,3,WI,55,10,0.0,0,0,0.0,0.0,43.28,-87.9,0.0,0.0,0,0,0,0,0,89,0,0,0,
398,1961,06,22,1961-06-22,15:45:00,3,IL,17,23,0.0,0,0,0.0,0.0,42.38,-87.9,0.0,0.0,0,0,0,0,0,97,0,0,0,
399,1961,06,23,1961-06-23,11:30:00,3,FL,12,18,52.0,0,0,0.0,0.0,28.5,-81.28,0.0,0.0,0,0,0,0,0,95,0,0,0,
400,1961,06,23,1961-06-23,14:00:00,3,FL,12,19,52.0,0,0,0.0,0.0,28.5,-81.58,0.0,0.0,0,0,0,0,0,95,0,0,0,
401,1961,06,23,1961-06-23,15:00:00,3,NM,35,3,50.0,0,0,0.0,0.0,35.7,-105.9,0.0,0.0,0,0,0,0,0,49,0,0,0,
402,1961,06,23,1961-06-23,18:00:00,3,VA,51,9,0.0,0,0,0.0,0.0,36.58,-79.4,0.0,0.0,0,0,0,0,0,143,0,0,0,
403,1961,06,23,1961-06-23,18:30:00,3,PA,42,8,50.0,0,0,0.0,0.0,41.2,-75.28,0.0,0.0,0,0,0,0,0,89,0,0,0,
404,1961,06,23,1961-06-23,21:58:00,3,AZ,4,2,58.0,0,0,0.0,0.0,32.08,-110.9,0.0,0.0,0,0,0,0,0,19,0,0,0,
405,1961,06,24,1961-06-24,16:30:00,3,IL,17,24,0.0,0,0,0.0,0.0,41.78,-87.68,0.0,0.0,0,0,0,0,0,31,0,0,0,
406,1961,06,24,1961-06-24,19:45:00,3,TX,48,59,54.0,0,0,0.0,0.0,33.7,-101.78,0.0,0.0,0,0,0,0,0,303,0,0,0,
407,1961,06,24,1961-06-24,21:00:00,3,TX,48,60,50.0,0,0,0.0,0.0,34.2,-101.68,0.0,0.0,0,0,0,0,0,189,0,0,0,
408,1961,06,24,1961-06-24,21:00:00,3,TX,48,61,0.0,0,0,0.0,0.0,35.2,-101.68,0.0,0.0,0,0,0,0,0,375,0,0,0,
409,1961,06,24,1961-06-24,21:30:00,3,TX,48,62,52.0,0,0,0.0,0.0,32.7,-100.9,0.0,0.0,0,0,0,0,0,415,0,0,0,
410,1961,06,25,1961-06-25,15:00:00,3,PA,42,9,0.0,0,0,0.0,0.0,40.7,-76.18,0.0,0.0,0,0,0,0,0,107,0,0,0,
411,1961,06,25,1961-06-25,16:30:00,3,KS,20,29,0.0,0,0,0.0,0.0,39.0,-99.18,0.0,0.0,0,0,0,0,0,51,0,0,0,
412,1961,06,25,1961-06-25,21:15:00,3,OK,40,27,0.0,0,0,0.0,0.0,35.08,-98.58,0.0,0.0,0,0,0,0,0,15,0,0,0,
413,1961,06,25,1961-06-25,23:20:00,3,OK,40,28,65.0,0,0,0.0,0.0,34.58,-98.9,0.0,0.0,0,0,0,0,0,141,0,0,0,
414,1961,06,26,1961-06-26,05:15:00,3,SC,45,6,0.0,0,0,0.0,0.0,34.0,-81.08,0.0,0.0,0,0,0,0,0,79,0,0,0,
415,1961,06,26,1961-06-26,15:30:00,3,NC,37,14,0.0,0,0,0.0,0.0,35.08,-77.28,0.0,0.0,0,0,0,0,0,49,0,0,0,
416,1961,06,26,1961-06-26,18:00:00,3,NM,35,4,50.0,0,0,0.0,0.0,33.38,-104.5,0.0,0.0,0,0,0,0,0,5,0,0,0,
417,1961,06,27,1961-06-27,05:00:00,3,MO,29,27,52.0,0,0,0.0,0.0,40.5,-95.4,0.0,0.0,0,0,0,0,0,5,0,0,0,
418,1961,06,27,1961-06-27,21:00:00,3,NM,35,5,55.0,0,0,0.0,0.0,32.78,-106.08,0.0,0.0,0,0,0,0,0,35,0,0,0,
419,1961,06,28,1961-06-28,15:30:00,3,MI,26,8,52.0,0,0,0.0,0.0,46.58,-87.4,0.0,0.0,0,0,0,0,0,103,0,0,0,
420,1961,06,28,1961-06-28,19:00:00,3,WY,56,1,52.0,0,0,0.0,0.0,42.88,-106.5,0.0,0.0,0,0,0,0,0,25,0,0,0,
421,1961,06,28,1961-06-28,19:40:00,3,SD,46,2,60.0,0,0,0.0,0.0,45.5,-98.4,0.0,0.0,0,0,0,0,0,13,0,0,0,
422,1961,06,28,1961-06-28,20:00:00,3,WY,56,2,52.0,0,0,0.0,0.0,42.88,-106.5,0.0,0.0,0,0,0,0,0,25,0,0,0,
423,1961,06,28,1961-06-28,21:09:00,3,SD,46,3,0.0,0,0,0.0,0.0,44.88,-97.18,0.0,0.0,0,0,0,0,0,29,0,0,0,
424,1961,06,29,1961-06-29,15:36:00,3,MT,30,3,62.0,0,0,0.0,0.0,47.5,-111.3,0.0,0.0,0,0,0,0,0,13,0,0,0,
425,1961,06,29,1961-06-29,16:00:00,3,MT,30,4,88.0,0,0,0.0,0.0,48.5,-109.8,0.0,0.0,0,0,0,0,0,41,0,0,0,
426,1961,06,30,1961-06-30,21:45:00,3,MN,27,7,0.0,0,0,0.0,0.0,44.58,-92.58,0.0,0.0,0,0,0,0,0,0,0,0,0,
427,1961,07,01,1961-07-01,16:45:00,3,NE,31,15,50.0,0,0,0.0,0.0,40.88,-97.58,0.0,0.0,0,0,0,0,0,185,0,0,0,
428,1961,07,01,1961-07-01,17:32:00,3,KS,20,30,50.0,0,0,0.0,0.0,39.38,-101.68,0.0,0.0,0,0,0,0,0,181,0,0,0,
429,1961,07,01,1961-07-01,18:01:00,3,MS,28,12,71.0,0,0,0.0,0.0,33.58,-88.4,0.0,0.0,0,0,0,0,0,87,0,0,0,
430,1961,07,01,1961-07-01,19:30:00,3,IA,19,8,75.0,0,0,0.0,0.0,41.88,-91.68,0.0,0.0,0,0,0,0,0,113,0,0,0,
431,1961,07,01,1961-07-01,21:05:00,3,KS,20,31,50.0,0,0,0.0,0.0,39.08,-95.58,0.0,0.0,0,0,0,0,0,177,0,0,0,
432,1961,07,02,1961-07-02,14:00:00,3,OH,39,13,0.0,0,0,0.0,0.0,41.08,-81.5,0.0,0.0,0,0,0,0,0,153,0,0,0,
433,1961,07,02,1961-07-02,14:24:00,3,VA,51,10,53.0,0,0,0.0,0.0,38.38,-77.28,0.0,0.0,0,0,0,0,0,0,0,0,0,
434,1961,07,02,1961-07-02,16:00:00,3,MA,25,2,0.0,0,0,0.0,0.0,42.38,-73.28,0.0,0.0,0,0,0,0,0,3,0,0,0,
435,1961,07,02,1961-07-02,16:00:00,3,MA,25,3,0.0,0,0,0.0,0.0,42.7,-70.9,0.0,0.0,0,0,0,0,0,9,0,0,0,
436,1961,07,02,1961-07-02,16:00:00,3,MA,25,4,0.0,0,0,0.0,0.0,42.7,-71.68,0.0,0.0,0,0,0,0,0,17,0,0,0,
437,1961,07,02,1961-07-02,17:00:00,3,NY,36,10,0.0,0,0,0.0,0.0,43.28,-73.58,0.0,0.0,0,0,0,0,0,91,0,0,0,
438,1961,07,02,1961-07-02,20:00:00,3,PA,42,10,50.0,0,0,0.0,0.0,40.7,-75.4,0.0,0.0,0,0,0,0,0,95,0,0,0,
439,1961,07,04,1961-07-04,00:45:00,3,IL,17,25,50.0,0,0,0.0,0.0,41.5,-90.5,0.0,0.0,0,0,0,0,0,161,0,0,0,
440,1961,07,04,1961-07-04,04:00:00,3,IL,17,26,0.0,0,0,0.0,0.0,41.5,-88.08,0.0,0.0,0,0,0,0,0,197,0,0,0,
441,1961,07,04,1961-07-04,17:00:00,3,IN,18,11,0.0,0,0,0.0,0.0,38.88,-85.08,0.0,0.0,0,0,0,0,0,115,0,0,0,
442,1961,07,05,1961-07-05,06:30:00,3,KY,21,18,0.0,0,0,0.0,0.0,38.38,-82.9,0.0,0.0,0,0,0,0,0,43,0,0,0,
443,1961,07,05,1961-07-05,16:55:00,3,IA,19,9,65.0,0,0,0.0,0.0,40.58,-93.9,0.0,0.0,0,0,0,0,0,53,0,0,0,
444,1961,07,05,1961-07-05,17:45:00,3,MO,29,28,0.0,0,0,0.0,0.0,40.28,-94.0,0.0,0.0,0,0,0,0,0,81,0,0,0,
445,1961,07,05,1961-07-05,19:00:00,3,VA,51,11,0.0,0,0,0.0,0.0,37.78,-78.78,0.0,0.0,0,0,0,0,0,125,0,0,0,
446,1961,07,05,1961-07-05,22:30:00,3,KS,20,32,0.0,0,0,0.0,0.0,39.08,-94.68,0.0,0.0,0,0,0,0,0,209,0,0,0,
447,1961,07,06,1961-07-06,01:15:00,3,KS,20,33,0.0,0,0,0.0,0.0,39.78,-95.68,0.0,0.0,0,0,0,0,0,13,0,0,0,
448,1961,07,06,1961-07-06,02:00:00,3,KS,20,34,0.0,0,0,0.0,0.0,39.28,-94.9,0.0,0.0,0,0,0,0,0,103,0,0,0,
449,1961,07,06,1961-07-06,19:10:00,3,OK,40,29,0.0,0,0,0.0,0.0,36.78,-97.28,0.0,0.0,0,0,0,0,0,71,0,0,0,
450,1961,07,06,1961-07-06,20:00:00,3,OK,40,30,65.0,0,0,0.0,0.0,36.7,-97.08,0.0,0.0,0,0,0,0,0,71,0,0,0,
451,1961,07,07,1961-07-07,19:25:00,3,TX,48,63,0.0,0,0,0.0,0.0,33.08,-97.0,0.0,0.0,0,0,0,0,0,121,0,0,0,
452,1961,07,07,1961-07-07,19:38:00,3,TX,48,64,62.0,0,0,0.0,0.0,32.78,-97.08,0.0,0.0,0,0,0,0,0,439,0,0,0,
453,1961,07,08,1961-07-08,15:00:00,3,TX,48,65,50.0,0,0,0.0,0.0,32.38,-99.68,0.0,0.0,0,0,0,0,0,441,0,0,0,
454,1961,07,09,1961-07-09,17:00:00,3,WY,56,3,52.0,0,0,0.0,0.0,44.78,-107.0,0.0,0.0,0,0,0,0,0,33,0,0,0,
455,1961,07,09,1961-07-09,22:00:00,3,NE,31,16,50.0,0,0,0.0,0.0,42.78,-103.08,0.0,0.0,0,0,0,0,0,45,0,0,0,
456,1961,07,10,1961-07-10,00:45:00,3,CO,8,1,0.0,0,0,0.0,0.0,40.28,-104.8,0.0,0.0,0,0,0,0,0,123,0,0,0,
457,1961,07,10,1961-07-10,17:00:00,3,SD,46,4,0.0,0,0,0.0,0.0,42.88,-97.4,0.0,0.0,0,0,0,0,0,135,0,0,0,
458,1961,07,10,1961-07-10,18:20:00,3,NE,31,17,60.0,0,0,0.0,0.0,42.0,-97.4,0.0,0.0,0,0,0,0,0,119,0,0,0,
459,1961,07,10,1961-07-10,19:00:00,3,TX,48,66,50.0,0,0,0.0,0.0,36.38,-100.78,0.0,0.0,0,0,0,0,0,357,0,0,0,
460,1961,07,10,1961-07-10,19:17:00,3,NE,31,18,71.0,0,0,0.0,0.0,41.88,-103.58,0.0,0.0,0,0,0,0,0,157,0,0,0,
461,1961,07,11,1961-07-11,19:00:00,3,KS,20,35,55.0,0,0,0.0,0.0,39.38,-101.68,0.0,0.0,0,0,0,0,0,181,0,0,0,
462,1961,07,11,1961-07-11,21:45:00,3,NM,35,6,58.0,0,0,0.0,0.0,34.38,-103.18,0.0,0.0,0,0,0,0,0,9,0,0,0,
463,1961,07,11,1961-07-11,23:08:00,3,NM,35,7,60.0,0,0,0.0,0.0,32.7,-103.08,0.0,0.0,0,0,0,0,0,25,0,0,0,
464,1961,07,12,1961-07-12,14:45:00,3,IA,19,10,60.0,0,0,0.0,0.0,41.5,-93.68,0.0,0.0,0,0,0,0,0,153,0,0,0,
465,1961,07,12,1961-07-12,15:00:00,3,GA,13,17,0.0,0,0,0.0,0.0,32.08,-84.18,0.0,0.0,0,0,0,0,0,261,0,0,0,
466,1961,07,12,1961-07-12,16:15:00,3,TX,48,67,65.0,0,0,0.0,0.0,31.6,-97.18,0.0,0.0,0,0,0,0,0,309,0,0,0,
467,1961,07,13,1961-07-13,14:30:00,3,KS,20,36,0.0,0,0,0.0,0.0,37.88,-98.0,0.0,0.0,0,0,0,0,0,155,0,0,0,
468,1961,07,13,1961-07-13,15:00:00,3,MD,24,2,0.0,0,0,0.0,0.0,39.0,-76.68,0.0,0.0,0,0,0,0,0,3,0,0,0,
469,1961,07,13,1961-07-13,18:00:00,3,GA,13,18,0.0,0,0,0.0,0.0,32.5,-82.9,0.0,0.0,0,0,0,0,0,175,0,0,0,
470,1961,07,13,1961-07-13,21:12:00,3,MO,29,29,58.0,0,0,0.0,0.0,37.2,-93.4,0.0,0.0,0,0,0,0,0,77,0,0,0,
471,1961,07,14,1961-07-14,16:00:00,3,SD,46,5,60.0,0,0,0.0,0.0,43.7,-98.0,0.0,0.0,0,0,0,0,0,35,0,0,0,
472,1961,07,14,1961-07-14,17:00:00,3,NY,36,11,77.0,0,0,0.0,0.0,41.08,-73.68,0.0,0.0,0,0,0,0,0,0,0,0,0,
473,1961,07,14,1961-07-14,20:00:00,3,AR,5,19,0.0,0,0,0.0,0.0,33.58,-93.58,0.0,0.0,0,0,0,0,0,57,0,0,0,
474,1961,07,14,1961-07-14,21:19:00,3,TX,48,68,60.0,0,0,0.0,0.0,35.2,-101.68,0.0,0.0,0,0,0,0,0,375,0,0,0,
475,1961,07,14,1961-07-14,21:30:00,3,TN,47,9,0.0,0,0,0.0,0.0,35.08,-90.0,0.0,0.0,0,0,0,0,0,157,0,0,0,
476,1961,07,14,1961-07-14,23:20:00,3,OK,40,31,0.0,0,0,0.0,0.0,36.38,-96.0,0.0,0.0,0,0,0,0,0,113,0,0,0,
477,1961,07,15,1961-07-15,00:30:00,3,OK,40,32,61.0,0,0,0.0,0.0,36.38,-95.9,0.0,0.0,0,0,0,0,0,143,0,0,0,
478,1961,07,15,1961-07-15,16:00:00,3,KS,20,37,0.0,0,0,0.0,0.0,37.78,-100.28,0.0,0.0,0,0,0,0,0,69,0,0,0,
479,1961,07,15,1961-07-15,16:15:00,3,NE,31,19,65.0,0,0,0.0,0.0,42.78,-103.08,0.0,0.0,0,0,0,0,0,45,0,0,0,
480,1961,07,15,1961-07-15,16:39:00,3,NC,37,15,60.0,0,0,0.0,0.0,36.08,-80.28,0.0,0.0,0,0,0,0,0,67,0,0,0,
481,1961,07,15,1961-07-15,18:00:00,3,KS,20,38,0.0,0,0,0.0,0.0,39.0,-98.08,0.0,0.0,0,0,0,0,0,105,0,0,0,
482,1961,07,16,1961-07-16,14:00:00,3,LA,22,7,50.0,0,0,0.0,0.0,30.18,-92.0,0.0,0.0,0,0,0,0,0,55,0,0,0,
483,1961,07,16,1961-07-16,15:00:00,3,DE,10,1,0.0,0,0,0.0,0.0,39.2,-75.5,0.0,0.0,0,0,0,0,0,1,0,0,0,
484,1961,07,16,1961-07-16,17:15:00,3,AR,5,20,0.0,0,0,0.0,0.0,35.5,-93.5,0.0,0.0,0,0,0,0,0,71,0,0,0,
485,1961,07,16,1961-07-16,17:50:00,3,TX,48,69,54.0,0,0,0.0,0.0,31.2,-94.78,0.0,0.0,0,0,0,0,0,5,0,0,0,
486,1961,07,16,1961-07-16,19:25:00,3,OK,40,33,65.0,0,0,0.0,0.0,36.2,-95.9,0.0,0.0,0,0,0,0,0,143,0,0,0,
487,1961,07,16,1961-07-16,20:00:00,3,AZ,4,3,0.0,0,0,0.0,0.0,32.08,-110.9,0.0,0.0,0,0,0,0,0,19,0,0,0,
488,1961,07,16,1961-07-16,20:45:00,3,TX,48,70,50.0,0,0,0.0,0.0,31.6,-97.18,0.0,0.0,0,0,0,0,0,309,0,0,0,
489,1961,07,16,1961-07-16,22:00:00,3,MD,24,3,0.0,0,0,0.0,0.0,39.38,-77.5,0.0,0.0,0,0,0,0,0,21,0,0,0,
490,1961,07,17,1961-07-17,11:30:00,3,NY,36,12,0.0,0,0,0.0,0.0,43.08,-74.9,0.0,0.0,0,0,0,0,0,43,0,0,0,
491,1961,07,17,1961-07-17,14:40:00,3,TN,47,10,0.0,0,0,0.0,0.0,35.78,-84.08,0.0,0.0,0,0,0,0,0,9,0,0,0,
492,1961,07,17,1961-07-17,15:15:00,3,WY,56,4,0.0,0,0,0.0,0.0,41.2,-104.8,0.0,0.0,0,0,0,0,0,21,0,0,0,
493,1961,07,17,1961-07-17,22:00:00,3,ND,38,1,0.0,0,0,0.0,0.0,48.0,-99.0,0.0,0.0,0,0,0,0,0,5,0,0,0,
494,1961,07,17,1961-07-17,23:00:00,3,IL,17,27,0.0,0,0,0.0,0.0,41.08,-87.9,0.0,0.0,0,0,0,0,0,91,0,0,0,
495,1961,07,18,1961-07-18,13:40:00,3,MO,29,30,54.0,0,0,0.0,0.0,37.2,-89.58,0.0,0.0,0,0,0,0,0,201,0,0,0,
496,1961,07,18,1961-07-18,13:40:00,3,MO,29,31,0.0,0,0,0.0,0.0,38.58,-92.58,0.0,0.0,0,0,0,0,0,135,0,0,0,
497,1961,07,18,1961-07-18,15:30:00,3,MO,29,32,70.0,0,0,0.0,0.0,38.08,-91.78,0.0,0.0,0,0,0,0,0,125,0,0,0,
498,1961,07,18,1961-07-18,17:45:00,3,MO,29,33,0.0,0,0,0.0,0.0,36.78,-89.58,0.0,0.0,0,0,0,0,0,143,0,0,0,
499,1961,07,18,1961-07-18,19:20:00,3,KS,20,39,0.0,0,0,0.0,0.0,38.7,-99.28,0.0,0.0,0,0,0,0,0,51,0,0,0,
500,1961,07,18,1961-07-18,20:00:00,3,NE,31,20,0.0,0,0,0.0,0.0,41.0,-98.28,0.0,0.0,0,0,0,0,0,121,0,0,0,
501,1961,07,19,1961-07-19,12:01:00,3,KS,20,40,0.0,0,0,0.0,0.0,38.5,-98.58,0.0,0.0,0,0,0,0,0,9,0,0,0,
502,1961,07,19,1961-07-19,13:00:00,3,KS,20,41,0.0,0,0,0.0,0.0,39.88,-100.08,0.0,0.0,0,0,0,0,0,137,0,0,0,
503,1961,07,19,1961-07-19,14:30:00,3,KS,20,42,0.0,0,0,0.0,0.0,39.78,-99.78,0.0,0.0,0,0,0,0,0,137,0,0,0,
504,1961,07,19,1961-07-19,14:30:00,3,KS,20,43,0.0,0,0,0.0,0.0,39.78,-99.9,0.0,0.0,0,0,0,0,0,137,0,0,0,
505,1961,07,19,1961-07-19,14:50:00,3,KS,20,44,0.0,0,0,0.0,0.0,39.5,-99.78,0.0,0.0,0,0,0,0,0,65,0,0,0,
506,1961,07,19,1961-07-19,15:40:00,3,MI,26,9,50.0,0,0,0.0,0.0,42.7,-82.58,0.0,0.0,0,0,0,0,0,147,0,0,0,
507,1961,07,19,1961-07-19,15:40:00,3,KS,20,45,0.0,0,0,0.0,0.0,39.0,-100.28,0.0,0.0,0,0,0,0,0,63,0,0,0,
508,1961,07,19,1961-07-19,15:45:00,3,KS,20,46,0.0,0,0,0.0,0.0,39.0,-99.18,0.0,0.0,0,0,0,0,0,51,0,0,0,
509,1961,07,19,1961-07-19,16:00:00,3,MI,26,10,78.0,0,0,0.0,0.0,42.2,-83.28,0.0,0.0,0,0,0,0,0,163,0,0,0,
510,1961,07,19,1961-07-19,16:00:00,3,KS,20,47,87.0,0,0,0.0,0.0,38.88,-99.28,0.0,0.0,0,0,0,0,0,51,0,0,0,
511,1961,07,19,1961-07-19,17:45:00,3,KS,20,48,0.0,0,0,0.0,0.0,37.78,-98.4,0.0,0.0,0,0,0,0,0,155,0,0,0,
512,1961,07,19,1961-07-19,17:45:00,3,KS,20,49,0.0,0,0,0.0,0.0,38.2,-98.18,0.0,0.0,0,0,0,0,0,159,0,0,0,
513,1961,07,19,1961-07-19,19:09:00,3,KS,20,50,53.0,0,0,0.0,0.0,37.7,-97.4,0.0,0.0,0,0,0,0,0,173,0,0,0,
514,1961,07,19,1961-07-19,21:30:00,3,AZ,4,4,53.0,0,0,0.0,0.0,32.08,-110.9,0.0,0.0,0,0,0,0,0,19,0,0,0,
515,1961,07,19,1961-07-19,21:30:00,3,OK,40,34,60.0,0,0,0.0,0.0,36.78,-96.0,0.0,0.0,0,0,0,0,0,113,0,0,0,
516,1961,07,20,1961-07-20,01:00:00,3,MO,29,34,58.0,0,0,0.0,0.0,37.2,-93.4,0.0,0.0,0,0,0,0,0,77,0,0,0,
517,1961,07,20,1961-07-20,18:00:00,3,TX,48,71,0.0,0,0,0.0,0.0,35.88,-102.0,0.0,0.0,0,0,0,0,0,341,0,0,0,
518,1961,07,20,1961-07-20,20:45:00,3,OK,40,35,50.0,0,0,0.0,0.0,36.28,-99.78,0.0,0.0,0,0,0,0,0,45,0,0,0,
519,1961,07,21,1961-07-21,13:47:00,3,TN,47,11,80.0,0,0,0.0,0.0,36.08,-86.68,0.0,0.0,0,0,0,0,0,37,0,0,0,
520,1961,07,21,1961-07-21,15:00:00,3,ME,23,1,52.0,0,0,0.0,0.0,43.7,-70.28,0.0,0.0,0,0,0,0,0,5,0,0,0,
521,1961,07,21,1961-07-21,16:40:00,3,IL,17,28,0.0,0,0,0.0,0.0,40.58,-89.58,0.0,0.0,0,0,0,0,0,179,0,0,0,
522,1961,07,21,1961-07-21,17:00:00,3,NM,35,8,55.0,0,0,0.0,0.0,35.58,-106.08,0.0,0.0,0,0,0,0,0,49,0,0,0,
523,1961,07,21,1961-07-21,20:00:00,3,AZ,4,5,0.0,0,0,0.0,0.0,32.08,-110.9,0.0,0.0,0,0,0,0,0,19,0,0,0,
524,1961,07,22,1961-07-22,12:50:00,3,AL,1,17,50.0,0,0,0.0,0.0,33.58,-86.78,0.0,0.0,0,0,0,0,0,73,0,0,0,
525,1961,07,22,1961-07-22,13:20:00,3,VA,51,12,60.0,0,0,0.0,0.0,36.58,-79.4,0.0,0.0,0,0,0,0,0,143,0,0,0,
526,1961,07,22,1961-07-22,13:45:00,3,MO,29,35,0.0,0,0,0.0,0.0,39.0,-92.78,0.0,0.0,0,0,0,0,0,89,0,0,0,
527,1961,07,22,1961-07-22,16:00:00,3,AZ,4,6,0.0,0,0,0.0,0.0,32.08,-110.9,0.0,0.0,0,0,0,0,0,19,0,0,0,
528,1961,07,22,1961-07-22,16:16:00,3,IL,17,29,58.0,0,0,0.0,0.0,39.78,-89.68,0.0,0.0,0,0,0,0,0,167,0,0,0,
529,1961,07,22,1961-07-22,17:00:00,3,MT,30,5,0.0,0,0,0.0,0.0,48.58,-111.58,0.0,0.0,0,0,0,0,0,101,0,0,0,
530,1961,07,22,1961-07-22,17:00:00,3,AZ,4,7,0.0,0,0,0.0,0.0,33.38,-112.0,0.0,0.0,0,0,0,0,0,13,0,0,0,
531,1961,07,22,1961-07-22,19:00:00,3,AZ,4,8,0.0,0,0,0.0,0.0,33.0,-111.5,0.0,0.0,0,0,0,0,0,21,0,0,0,
532,1961,07,22,1961-07-22,19:00:00,3,IL,17,30,0.0,0,0,0.0,0.0,40.2,-91.0,0.0,0.0,0,0,0,0,0,1,0,0,0,
533,1961,07,23,1961-07-23,12:20:00,3,IN,18,12,0.0,0,0,0.0,0.0,41.2,-85.9,0.0,0.0,0,0,0,0,0,85,0,0,0,
534,1961,07,23,1961-07-23,13:45:00,3,IN,18,13,0.0,0,0,0.0,0.0,41.38,-85.78,0.0,0.0,0,0,0,0,0,85,0,0,0,
535,1961,07,23,1961-07-23,15:00:00,3,MO,29,36,0.0,0,0,0.0,0.0,36.78,-89.58,0.0,0.0,0,0,0,0,0,143,0,0,0,
536,1961,07,23,1961-07-23,15:13:00,3,MI,26,11,0.0,0,0,0.0,0.0,42.28,-83.18,0.0,0.0,0,0,0,0,0,163,0,0,0,
537,1961,07,23,1961-07-23,16:00:00,3,IN,18,14,0.0,0,0,0.0,0.0,38.7,-87.5,0.0,0.0,0,0,0,0,0,83,0,0,0,
538,1961,07,23,1961-07-23,20:45:00,3,MO,29,37,0.0,0,0,0.0,0.0,40.0,-94.78,0.0,0.0,0,0,0,0,0,3,0,0,0,
539,1961,07,23,1961-07-23,20:45:00,3,MO,29,38,0.0,0,0,0.0,0.0,40.0,-95.0,0.0,0.0,0,0,0,0,0,3,0,0,0,
540,1961,07,23,1961-07-23,21:00:00,3,MO,29,39,0.0,0,0,0.0,0.0,39.88,-94.58,0.0,0.0,0,0,0,0,0,63,0,0,0,
541,1961,07,24,1961-07-24,14:00:00,3,MI,26,12,0.0,0,0,0.0,0.0,44.0,-84.0,0.0,0.0,0,0,0,0,0,11,0,0,0,
542,1961,07,24,1961-07-24,18:00:00,3,PA,42,11,0.0,0,0,0.0,0.0,40.28,-78.78,0.0,0.0,0,0,0,0,0,9,0,0,0,
543,1961,07,24,1961-07-24,18:20:00,3,KY,21,19,56.0,0,0,0.0,0.0,38.2,-85.68,0.0,0.0,0,0,0,0,0,111,0,0,0,
544,1961,07,24,1961-07-24,19:09:00,3,FL,12,20,50.0,0,0,0.0,0.0,27.78,-82.58,0.0,0.0,0,0,0,0,0,57,0,0,0,
545,1961,07,25,1961-07-25,16:00:00,3,ND,38,2,0.0,0,0,0.0,0.0,46.2,-98.5,0.0,0.0,0,0,0,0,0,21,0,0,0,
546,1961,07,25,1961-07-25,17:10:00,3,FL,12,21,0.0,0,0,0.0,0.0,28.0,-82.5,0.0,0.0,0,0,0,0,0,57,0,0,0,
547,1961,07,25,1961-07-25,18:00:00,3,GA,13,19,0.0,0,0,0.0,0.0,31.28,-82.78,0.0,0.0,0,0,0,0,0,3,0,0,0,
548,1961,07,25,1961-07-25,19:00:00,3,SD,46,6,55.0,0,0,0.0,0.0,44.38,-100.28,0.0,0.0,0,0,0,0,0,65,0,0,0,
549,1961,07,25,1961-07-25,22:00:00,3,NE,31,21,50.0,0,0,0.0,0.0,40.5,-101.58,0.0,0.0,0,0,0,0,0,29,0,0,0,
550,1961,07,25,1961-07-25,23:00:00,3,SD,46,7,70.0,0,0,0.0,0.0,44.38,-98.18,0.0,0.0,0,0,0,0,0,5,0,0,0,
551,1961,07,26,1961-07-26,03:55:00,3,SD,46,8,60.0,0,0,0.0,0.0,44.38,-100.28,0.0,0.0,0,0,0,0,0,65,0,0,0,
552,1961,07,26,1961-07-26,14:34:00,3,FL,12,22,62.0,0,0,0.0,0.0,28.5,-81.28,0.0,0.0,0,0,0,0,0,95,0,0,0,
553,1961,07,26,1961-07-26,15:00:00,3,GA,13,20,0.0,0,0,0.0,0.0,30.9,-83.28,0.0,0.0,0,0,0,0,0,185,0,0,0,
554,1961,07,26,1961-07-26,16:45:00,3,FL,12,23,52.0,0,0,0.0,0.0,28.2,-82.78,0.0,0.0,0,0,0,0,0,101,0,0,0,
555,1961,07,27,1961-07-27,20:18:00,3,NE,31,22,60.0,0,0,0.0,0.0,42.0,-97.4,0.0,0.0,0,0,0,0,0,119,0,0,0,
556,1961,07,27,1961-07-27,20:45:00,3,NE,31,23,50.0,0,0,0.0,0.0,41.0,-98.28,0.0,0.0,0,0,0,0,0,121,0,0,0,
557,1961,07,28,1961-07-28,16:00:00,3,MT,30,6,0.0,0,0,0.0,0.0,48.38,-109.8,0.0,0.0,0,0,0,0,0,41,0,0,0,
558,1961,07,28,1961-07-28,18:40:00,3,NE,31,24,56.0,0,0,0.0,0.0,41.88,-103.58,0.0,0.0,0,0,0,0,0,157,0,0,0,
559,1961,07,28,1961-07-28,21:00:00,3,AZ,4,9,0.0,0,0,0.0,0.0,32.78,-113.18,0.0,0.0,0,0,0,0,0,13,0,0,0,
560,1961,07,29,1961-07-29,17:00:00,3,MT,30,7,50.0,0,0,0.0,0.0,45.28,-112.5,0.0,0.0,0,0,0,0,0,1,0,0,0,
561,1961,07,29,1961-07-29,17:30:00,3,MN,27,8,50.0,0,0,0.0,0.0,45.88,-95.4,0.0,0.0,0,0,0,0,0,41,0,0,0,
562,1961,07,29,1961-07-29,18:00:00,3,MI,26,13,0.0,0,0,0.0,0.0,45.78,-88.0,0.0,0.0,0,0,0,0,0,43,0,0,0,
563,1961,07,29,1961-07-29,23:00:00,3,SD,46,9,0.0,0,0,0.0,0.0,45.7,-97.08,0.0,0.0,0,0,0,0,0,109,0,0,0,
564,1961,07,30,1961-07-30,01:00:00,3,MN,27,9,0.0,0,0,0.0,0.0,43.88,-92.5,0.0,0.0,0,0,0,0,0,109,0,0,0,
565,1961,07,30,1961-07-30,05:00:00,3,IL,17,31,0.0,0,0,0.0,0.0,41.88,-87.58,0.0,0.0,0,0,0,0,0,0,0,0,0,
566,1961,07,30,1961-07-30,16:05:00,3,OH,39,14,0.0,0,0,0.0,0.0,40.58,-82.9,0.0,0.0,0,0,0,0,0,117,0,0,0,
567,1961,07,30,1961-07-30,16:10:00,3,WI,55,11,60.0,0,0,0.0,0.0,43.88,-91.28,0.0,0.0,0,0,0,0,0,63,0,0,0,
568,1961,07,30,1961-07-30,17:30:00,3,MN,27,10,0.0,0,0,0.0,0.0,44.08,-92.08,0.0,0.0,0,0,0,0,0,109,0,0,0,
569,1961,07,30,1961-07-30,18:00:00,3,MT,30,8,72.0,0,0,0.0,0.0,48.2,-106.58,0.0,0.0,0,0,0,0,0,105,0,0,0,
570,1961,07,30,1961-07-30,18:30:00,3,OH,39,15,0.0,0,0,0.0,0.0,40.58,-83.9,0.0,0.0,0,0,0,0,0,11,0,0,0,
571,1961,07,30,1961-07-30,19:00:00,3,NY,36,13,0.0,0,0,0.0,0.0,43.0,-77.0,0.0,0.0,0,0,0,0,0,69,0,0,0,
572,1961,07,30,1961-07-30,20:00:00,3,WI,55,12,0.0,0,0,0.0,0.0,42.7,-90.28,0.0,0.0,0,0,0,0,0,65,0,0,0,
573,1961,07,31,1961-07-31,10:30:00,3,OH,39,16,0.0,0,0,0.0,0.0,41.0,-80.5,0.0,0.0,0,0,0,0,0,0,0,0,0,
574,1961,07,31,1961-07-31,16:00:00,3,NY,36,14,0.0,0,0,0.0,0.0,40.7,-73.9,0.0,0.0,0,0,0,0,0,47,0,0,0,
575,1961,07,31,1961-07-31,16:05:00,3,SC,45,7,0.0,0,0,0.0,0.0,32.88,-80.9,0.0,0.0,0,0,0,0,0,29,0,0,0,
576,1961,07,31,1961-07-31,16:10:00,3,IN,18,15,0.0,0,0,0.0,0.0,40.2,-85.9,0.0,0.0,0,0,0,0,0,57,0,0,0,
577,1961,07,31,1961-07-31,16:55:00,3,OH,39,17,0.0,0,0,0.0,0.0,39.88,-84.68,0.0,0.0,0,0,0,0,0,135,0,0,0,
578,1961,07,31,1961-07-31,17:30:00,3,IA,19,11,52.0,0,0,0.0,0.0,41.88,-91.68,0.0,0.0,0,0,0,0,0,113,0,0,0,
579,1961,08,01,1961-08-01,11:45:00,3,IL,17,32,50.0,0,0,0.0,0.0,40.28,-88.18,0.0,0.0,0,0,0,0,0,19,0,0,0,
580,1961,08,01,1961-08-01,13:00:00,3,IL,17,33,0.0,0,0,0.0,0.0,40.08,-88.18,0.0,0.0,0,0,0,0,0,19,0,0,0,
581,1961,08,01,1961-08-01,16:20:00,3,NC,37,16,0.0,0,0,0.0,0.0,34.28,-78.68,0.0,0.0,0,0,0,0,0,47,0,0,0,
582,1961,08,01,1961-08-01,16:30:00,3,IN,18,16,0.0,0,0,0.0,0.0,40.5,-85.9,0.0,0.0,0,0,0,0,0,67,0,0,0,
583,1961,08,01,1961-08-01,16:45:00,3,IL,17,34,52.0,0,0,0.0,0.0,39.7,-90.18,0.0,0.0,0,0,0,0,0,137,0,0,0,
584,1961,08,01,1961-08-01,18:00:00,3,GA,13,21,0.0,0,0,0.0,0.0,34.0,-83.4,0.0,0.0,0,0,0,0,0,59,0,0,0,
585,1961,08,02,1961-08-02,17:47:00,3,MN,27,11,50.0,0,0,0.0,0.0,46.78,-92.18,0.0,0.0,0,0,0,0,0,137,0,0,0,
586,1961,08,03,1961-08-03,15:49:00,3,GA,13,22,63.0,0,0,0.0,0.0,31.6,-84.08,0.0,0.0,0,0,0,0,0,95,0,0,0,
587,1961,08,03,1961-08-03,18:25:00,3,IA,19,12,0.0,0,0,0.0,0.0,42.0,-93.0,0.0,0.0,0,0,0,0,0,127,0,0,0,
588,1961,08,03,1961-08-03,19:00:00,3,OK,40,36,0.0,0,0,0.0,0.0,36.28,-97.28,0.0,0.0,0,0,0,0,0,103,0,0,0,
589,1961,08,03,1961-08-03,20:05:00,3,WI,55,13,0.0,0,0,0.0,0.0,44.88,-89.58,0.0,0.0,0,0,0,0,0,73,0,0,0,
590,1961,08,03,1961-08-03,21:30:00,3,IA,19,13,50.0,0,0,0.0,0.0,41.5,-93.68,0.0,0.0,0,0,0,0,0,153,0,0,0,
591,1961,08,04,1961-08-04,13:00:00,3,KY,21,20,0.0,0,0,0.0,0.0,37.88,-87.58,0.0,0.0,0,0,0,0,0,101,0,0,0,
592,1961,08,04,1961-08-04,13:15:00,3,TX,48,72,0.0,0,0,0.0,0.0,30.28,-97.78,0.0,0.0,0,0,0,0,0,453,0,0,0,
593,1961,08,04,1961-08-04,16:30:00,3,TX,48,73,87.0,0,0,0.0,0.0,30.7,-94.9,0.0,0.0,0,0,0,0,0,373,0,0,0,
594,1961,08,04,1961-08-04,16:39:00,3,AZ,4,10,54.0,0,0,0.0,0.0,33.2,-111.08,0.0,0.0,0,0,0,0,0,7,0,0,0,
595,1961,08,04,1961-08-04,17:00:00,3,TX,48,74,0.0,0,0,0.0,0.0,29.38,-98.5,0.0,0.0,0,0,0,0,0,29,0,0,0,
596,1961,08,04,1961-08-04,17:00:00,3,TX,48,75,0.0,0,0,0.0,0.0,29.48,-98.5,0.0,0.0,0,0,0,0,0,29,0,0,0,
597,1961,08,04,1961-08-04,17:45:00,3,AZ,4,11,0.0,0,0,0.0,0.0,33.0,-112.68,0.0,0.0,0,0,0,0,0,13,0,0,0,
598,1961,08,04,1961-08-04,18:00:00,3,MI,26,14,0.0,0,0,0.0,0.0,42.2,-83.0,0.0,0.0,0,0,0,0,0,0,0,0,0,
599,1961,08,04,1961-08-04,18:03:00,3,IA,19,14,52.0,0,0,0.0,0.0,43.5,-91.28,0.0,0.0,0,0,0,0,0,5,0,0,0,
600,1961,08,04,1961-08-04,19:00:00,3,AZ,4,12,71.0,0,0,0.0,0.0,34.88,-114.08,0.0,0.0,0,0,0,0,0,15,0,0,0,
601,1961,08,04,1961-08-04,19:35:00,3,WI,55,14,0.0,0,0,0.0,0.0,43.0,-91.18,0.0,0.0,0,0,0,0,0,0,0,0,0,
602,1961,08,04,1961-08-04,19:50:00,3,AZ,4,13,62.0,0,0,0.0,0.0,33.2,-111.08,0.0,0.0,0,0,0,0,0,7,0,0,0,
603,1961,08,04,1961-08-04,20:30:00,3,IA,19,15,70.0,0,0,0.0,0.0,42.2,-92.0,0.0,0.0,0,0,0,0,0,11,0,0,0,
604,1961,08,04,1961-08-04,21:00:00,3,NE,31,25,50.0,0,0,0.0,0.0,41.08,-100.68,0.0,0.0,0,0,0,0,0,111,0,0,0,
605,1961,08,04,1961-08-04,21:00:00,3,TX,48,76,55.0,0,0,0.0,0.0,31.6,-97.18,0.0,0.0,0,0,0,0,0,309,0,0,0,
606,1961,08,04,1961-08-04,21:19:00,3,IA,19,16,60.0,0,0,0.0,0.0,41.88,-91.68,0.0,0.0,0,0,0,0,0,113,0,0,0,
607,1961,08,04,1961-08-04,23:00:00,3,IA,19,17,52.0,0,0,0.0,0.0,40.78,-91.08,0.0,0.0,0,0,0,0,0,0,0,0,0,
608,1961,08,05,1961-08-05,15:00:00,3,OH,39,18,50.0,0,0,0.0,0.0,41.0,-83.68,0.0,0.0,0,0,0,0,0,63,0,0,0,
609,1961,08,05,1961-08-05,18:26:00,3,NV,32,2,50.0,0,0,0.0,0.0,40.08,-118.58,0.0,0.0,0,0,0,0,0,27,0,0,0,
610,1961,08,06,1961-08-06,00:10:00,3,OK,40,37,78.0,0,0,0.0,0.0,35.38,-97.58,0.0,0.0,0,0,0,0,0,109,0,0,0,
611,1961,08,06,1961-08-06,01:30:00,3,OK,40,38,60.0,0,0,0.0,0.0,35.0,-99.08,0.0,0.0,0,0,0,0,0,75,0,0,0,
612,1961,08,06,1961-08-06,02:00:00,3,OK,40,39,0.0,0,0,0.0,0.0,33.88,-96.78,0.0,0.0,0,0,0,0,0,95,0,0,0,
613,1961,08,06,1961-08-06,20:00:00,3,UT,49,1,61.0,0,0,0.0,0.0,40.78,-112.0,0.0,0.0,0,0,0,0,0,35,0,0,0,
614,1961,08,08,1961-08-08,12:00:00,3,TX,48,77,0.0,0,0,0.0,0.0,29.58,-95.28,0.0,0.0,0,0,0,0,0,201,0,0,0,
615,1961,08,08,1961-08-08,14:40:00,3,GA,13,23,65.0,0,0,0.0,0.0,32.7,-83.68,0.0,0.0,0,0,0,0,0,0,0,0,0,
616,1961,08,08,1961-08-08,18:30:00,3,CO,8,2,0.0,0,0,0.0,0.0,38.28,-104.4,0.0,0.0,0,0,0,0,0,101,0,0,0,
617,1961,08,08,1961-08-08,19:15:00,3,WY,56,5,50.0,0,0,0.0,0.0,41.2,-104.8,0.0,0.0,0,0,0,0,0,21,0,0,0,
618,1961,08,08,1961-08-08,21:00:00,3,AZ,4,14,70.0,0,0,0.0,0.0,32.08,-110.9,0.0,0.0,0,0,0,0,0,19,0,0,0,
619,1961,08,08,1961-08-08,21:30:00,3,AZ,4,15,52.0,0,0,0.0,0.0,31.6,-110.3,0.0,0.0,0,0,0,0,0,3,0,0,0,
620,1961,08,08,1961-08-08,22:00:00,3,NE,31,26,50.0,0,0,0.0,0.0,42.78,-103.08,0.0,0.0,0,0,0,0,0,45,0,0,0,
621,1961,08,09,1961-08-09,02:00:00,3,IA,19,18,0.0,0,0,0.0,0.0,42.58,-95.58,0.0,0.0,0,0,0,0,0,35,0,0,0,
622,1961,08,09,1961-08-09,14:40:00,3,ND,38,3,70.0,0,0,0.0,0.0,48.0,-97.18,0.0,0.0,0,0,0,0,0,35,0,0,0,
623,1961,08,09,1961-08-09,15:00:00,3,SD,46,10,0.0,0,0,0.0,0.0,43.2,-99.4,0.0,0.0,0,0,0,0,0,53,0,0,0,
624,1961,08,09,1961-08-09,16:00:00,3,NE,31,27,0.0,0,0,0.0,0.0,42.88,-98.78,0.0,0.0,0,0,0,0,0,15,0,0,0,
625,1961,08,09,1961-08-09,18:00:00,3,NE,31,28,0.0,0,0,0.0,0.0,41.78,-98.08,0.0,0.0,0,0,0,0,0,11,0,0,0,
626,1961,08,09,1961-08-09,18:30:00,3,IA,19,19,0.0,0,0,0.0,0.0,42.38,-90.68,0.0,0.0,0,0,0,0,0,61,0,0,0,
627,1961,08,09,1961-08-09,18:30:00,3,MO,29,40,52.0,0,0,0.0,0.0,38.58,-92.18,0.0,0.0,0,0,0,0,0,51,0,0,0,
628,1961,08,09,1961-08-09,20:35:00,3,UT,49,2,51.0,0,0,0.0,0.0,40.2,-112.9,0.0,0.0,0,0,0,0,0,45,0,0,0,
629,1961,08,09,1961-08-09,20:40:00,3,NE,31,29,0.0,0,0,0.0,0.0,42.2,-97.18,0.0,0.0,0,0,0,0,0,179,0,0,0,
630,1961,08,09,1961-08-09,23:00:00,3,IA,19,20,0.0,0,0,0.0,0.0,40.7,-95.0,0.0,0.0,0,0,0,0,0,145,0,0,0,
631,1961,08,10,1961-08-10,05:30:00,3,IA,19,21,50.0,0,0,0.0,0.0,42.38,-90.68,0.0,0.0,0,0,0,0,0,61,0,0,0,
632,1961,08,10,1961-08-10,14:00:00,3,MI,26,15,0.0,0,0,0.0,0.0,42.2,-83.28,0.0,0.0,0,0,0,0,0,163,0,0,0,
633,1961,08,10,1961-08-10,19:30:00,3,IN,18,17,0.0,0,0,0.0,0.0,40.0,-86.28,0.0,0.0,0,0,0,0,0,11,0,0,0,
634,1961,08,10,1961-08-10,23:00:00,3,NE,31,30,0.0,0,0,0.0,0.0,40.7,-99.08,0.0,0.0,0,0,0,0,0,99,0,0,0,
635,1961,08,10,1961-08-10,23:45:00,3,IA,19,22,0.0,0,0,0.0,0.0,42.28,-96.18,0.0,0.0,0,0,0,0,0,193,0,0,0,
636,1961,08,11,1961-08-11,10:45:00,3,MI,26,16,0.0,0,0,0.0,0.0,43.78,-83.0,0.0,0.0,0,0,0,0,0,63,0,0,0,
637,1961,08,11,1961-08-11,16:30:00,3,TX,48,78,0.0,0,0,0.0,0.0,30.5,-104.08,0.0,0.0,0,0,0,0,0,243,0,0,0,
638,1961,08,12,1961-08-12,14:00:00,3,NE,31,31,0.0,0,0,0.0,0.0,40.7,-99.78,0.0,0.0,0,0,0,0,0,73,0,0,0,
639,1961,08,12,1961-08-12,15:30:00,3,NE,31,32,0.0,0,0,0.0,0.0,40.0,-99.9,0.0,0.0,0,0,0,0,0,65,0,0,0,
640,1961,08,12,1961-08-12,17:20:00,3,OK,40,40,57.0,0,0,0.0,0.0,35.38,-97.58,0.0,0.0,0,0,0,0,0,109,0,0,0,
641,1961,08,12,1961-08-12,18:18:00,3,KS,20,51,65.0,0,0,0.0,0.0,39.38,-99.78,0.0,0.0,0,0,0,0,0,65,0,0,0,
642,1961,08,13,1961-08-13,16:00:00,3,FL,12,24,51.0,0,0,0.0,0.0,30.38,-81.68,0.0,0.0,0,0,0,0,0,31,0,0,0,
643,1961,08,13,1961-08-13,18:36:00,3,WI,55,15,65.0,0,0,0.0,0.0,43.08,-88.68,0.0,0.0,0,0,0,0,0,55,0,0,0,
644,1961,08,14,1961-08-14,14:52:00,3,FL,12,25,66.0,0,0,0.0,0.0,27.28,-82.58,0.0,0.0,0,0,0,0,0,0,0,0,0,
645,1961,08,16,1961-08-16,21:00:00,3,NY,36,15,0.0,0,0,0.0,0.0,42.58,-75.28,0.0,0.0,0,0,0,0,0,77,0,0,0,
646,1961,08,17,1961-08-17,15:00:00,3,ND,38,4,50.0,0,0,0.0,0.0,48.0,-97.18,0.0,0.0,0,0,0,0,0,35,0,0,0,
647,1961,08,18,1961-08-18,20:00:00,3,AZ,4,16,0.0,0,0,0.0,0.0,33.38,-111.9,0.0,0.0,0,0,0,0,0,13,0,0,0,
648,1961,08,18,1961-08-18,20:16:00,3,AZ,4,17,51.0,0,0,0.0,0.0,33.2,-111.08,0.0,0.0,0,0,0,0,0,7,0,0,0,
649,1961,08,20,1961-08-20,14:00:00,3,AZ,4,18,0.0,0,0,0.0,0.0,32.38,-112.9,0.0,0.0,0,0,0,0,0,19,0,0,0,
650,1961,08,21,1961-08-21,16:00:00,3,GA,13,24,0.0,0,0,0.0,0.0,33.28,-84.28,0.0,0.0,0,0,0,0,0,255,0,0,0,
651,1961,08,22,1961-08-22,22:00:00,3,AZ,4,19,0.0,0,0,0.0,0.0,32.28,-110.9,0.0,0.0,0,0,0,0,0,19,0,0,0,
652,1961,08,23,1961-08-23,15:00:00,3,KY,21,21,0.0,0,0,0.0,0.0,38.0,-84.28,0.0,0.0,0,0,0,0,0,49,0,0,0,
653,1961,08,24,1961-08-24,19:40:00,3,MN,27,12,51.0,0,0,0.0,0.0,48.08,-96.18,0.0,0.0,0,0,0,0,0,113,0,0,0,
654,1961,08,24,1961-08-24,21:00:00,3,ID,16,1,0.0,0,0,0.0,0.0,48.7,-116.28,0.0,0.0,0,0,0,0,0,21,0,0,0,
655,1961,08,25,1961-08-25,15:30:00,3,ID,16,2,0.0,0,0,0.0,0.0,43.58,-116.18,0.0,0.0,0,0,0,0,0,1,0,0,0,
656,1961,08,25,1961-08-25,19:00:00,3,NY,36,16,0.0,0,0,0.0,0.0,43.28,-73.58,0.0,0.0,0,0,0,0,0,91,0,0,0,
657,1961,08,25,1961-08-25,20:00:00,3,NY,36,17,0.0,0,0,0.0,0.0,42.5,-76.5,0.0,0.0,0,0,0,0,0,109,0,0,0,
658,1961,08,26,1961-08-26,14:45:00,3,SD,46,11,55.0,0,0,0.0,0.0,44.38,-100.28,0.0,0.0,0,0,0,0,0,65,0,0,0,
659,1961,08,26,1961-08-26,15:00:00,3,CO,8,3,0.0,0,0,0.0,0.0,39.78,-104.9,0.0,0.0,0,0,0,0,0,31,0,0,0,
660,1961,08,27,1961-08-27,02:30:00,3,MI,26,17,50.0,0,0,0.0,0.0,42.38,-86.28,0.0,0.0,0,0,0,0,0,159,0,0,0,
661,1961,08,27,1961-08-27,14:30:00,3,NM,35,9,50.0,0,0,0.0,0.0,32.58,-108.18,0.0,0.0,0,0,0,0,0,17,0,0,0,
662,1961,08,27,1961-08-27,17:41:00,3,MI,26,18,0.0,0,0,0.0,0.0,42.28,-85.18,0.0,0.0,0,0,0,0,0,25,0,0,0,
663,1961,08,28,1961-08-28,19:00:00,3,VA,51,13,0.0,0,0,0.0,0.0,38.5,-79.18,0.0,0.0,0,0,0,0,0,165,0,0,0,
664,1961,08,29,1961-08-29,16:05:00,3,NY,36,18,50.0,0,0,0.0,0.0,41.58,-73.9,0.0,0.0,0,0,0,0,0,27,0,0,0,
665,1961,08,29,1961-08-29,17:00:00,3,NY,36,19,0.0,0,0,0.0,0.0,41.08,-73.68,0.0,0.0,0,0,0,0,0,0,0,0,0,
666,1961,08,29,1961-08-29,18:00:00,3,CT,9,2,66.0,0,0,0.0,0.0,41.08,-73.58,0.0,0.0,0,0,0,0,0,1,0,0,0,
667,1961,08,29,1961-08-29,18:00:00,3,MA,25,5,0.0,0,0,0.0,0.0,41.78,-70.0,0.0,0.0,0,0,0,0,0,1,0,0,0,
668,1961,08,29,1961-08-29,23:00:00,3,NV,32,3,0.0,0,0,0.0,0.0,36.08,-115.18,0.0,0.0,0,0,0,0,0,3,0,0,0,
669,1961,08,30,1961-08-30,01:00:00,3,ND,38,5,55.0,0,0,0.0,0.0,46.88,-98.68,0.0,0.0,0,0,0,0,0,93,0,0,0,
670,1961,08,30,1961-08-30,04:00:00,3,MI,26,19,66.0,0,0,0.0,0.0,46.88,-88.0,0.0,0.0,0,0,0,0,0,103,0,0,0,
671,1961,08,30,1961-08-30,19:10:00,3,MO,29,41,55.0,0,0,0.0,0.0,37.2,-94.5,0.0,0.0,0,0,0,0,0,97,0,0,0,
672,1961,08,31,1961-08-31,19:00:00,3,NM,35,10,55.0,0,0,0.0,0.0,33.38,-104.5,0.0,0.0,0,0,0,0,0,5,0,0,0,
673,1961,09,01,1961-09-01,22:00:00,3,IL,17,35,52.0,0,0,0.0,0.0,42.2,-89.08,0.0,0.0,0,0,0,0,0,201,0,0,0,
674,1961,09,02,1961-09-02,16:00:00,3,NY,36,20,0.0,0,0,0.0,0.0,42.7,-73.78,0.0,0.0,0,0,0,0,0,1,0,0,0,
675,1961,09,02,1961-09-02,19:00:00,3,IA,19,23,0.0,0,0,0.0,0.0,42.5,-94.18,0.0,0.0,0,0,0,0,0,187,0,0,0,
676,1961,09,02,1961-09-02,19:00:00,3,NE,31,33,0.0,0,0,0.0,0.0,40.38,-96.28,0.0,0.0,0,0,0,0,0,97,0,0,0,
677,1961,09,02,1961-09-02,21:00:00,3,MN,27,13,0.0,0,0,0.0,0.0,43.28,-92.9,0.0,0.0,0,0,0,0,0,0,0,0,0,
678,1961,09,02,1961-09-02,21:00:00,3,MN,27,14,0.0,0,0,0.0,0.0,43.5,-92.9,0.0,0.0,0,0,0,0,0,99,0,0,0,
679,1961,09,02,1961-09-02,21:50:00,3,WI,55,16,0.0,0,0,0.0,0.0,44.88,-91.4,0.0,0.0,0,0,0,0,0,17,0,0,0,
680,1961,09,02,1961-09-02,23:25:00,3,WI,55,17,51.0,0,0,0.0,0.0,43.88,-91.28,0.0,0.0,0,0,0,0,0,63,0,0,0,
681,1961,09,03,1961-09-03,14:00:00,3,MD,24,4,52.0,0,0,0.0,0.0,39.2,-76.68,0.0,0.0,0,0,0,0,0,0,0,0,0,
682,1961,09,03,1961-09-03,17:00:00,3,OK,40,41,0.0,0,0,0.0,0.0,34.88,-98.18,0.0,0.0,0,0,0,0,0,15,0,0,0,
683,1961,09,03,1961-09-03,18:30:00,3,OK,40,42,0.0,0,0,0.0,0.0,34.5,-97.58,0.0,0.0,0,0,0,0,0,19,0,0,0,
684,1961,09,03,1961-09-03,19:00:00,3,TX,48,79,0.0,0,0,0.0,0.0,34.0,-98.5,0.0,0.0,0,0,0,0,0,485,0,0,0,
685,1961,09,03,1961-09-03,19:30:00,3,KS,20,52,0.0,0,0,0.0,0.0,38.78,-95.4,0.0,0.0,0,0,0,0,0,45,0,0,0,
686,1961,09,03,1961-09-03,20:00:00,3,OK,40,43,0.0,0,0,0.0,0.0,34.7,-97.08,0.0,0.0,0,0,0,0,0,49,0,0,0,
687,1961,09,03,1961-09-03,23:15:00,3,TX,48,80,50.0,0,0,0.0,0.0,34.0,-98.5,0.0,0.0,0,0,0,0,0,485,0,0,0,
688,1961,09,04,1961-09-04,11:00:00,3,VA,51,14,0.0,0,0,0.0,0.0,38.0,-79.18,0.0,0.0,0,0,0,0,0,15,0,0,0,
689,1961,09,05,1961-09-05,13:35:00,3,SC,45,8,0.0,0,0,0.0,0.0,32.78,-79.9,0.0,0.0,0,0,0,0,0,19,0,0,0,
690,1961,09,05,1961-09-05,15:15:00,3,GA,13,25,0.0,0,0,0.0,0.0,32.28,-85.0,0.0,0.0,0,0,0,0,0,0,0,0,0,
691,1961,09,06,1961-09-06,13:40:00,3,MI,26,20,0.0,0,0,0.0,0.0,42.58,-83.58,0.0,0.0,0,0,0,0,0,125,0,0,0,
692,1961,09,06,1961-09-06,16:00:00,3,OH,39,19,0.0,0,0,0.0,0.0,41.2,-82.08,0.0,0.0,0,0,0,0,0,93,0,0,0,
693,1961,09,07,1961-09-07,12:19:00,3,NE,31,34,50.0,0,0,0.0,0.0,40.5,-101.58,0.0,0.0,0,0,0,0,0,29,0,0,0,
694,1961,09,08,1961-09-08,18:00:00,3,TX,48,81,0.0,0,0,0.0,0.0,31.78,-106.4,0.0,0.0,0,0,0,0,0,141,0,0,0,
695,1961,09,09,1961-09-09,22:00:00,3,SD,46,12,50.0,0,0,0.0,0.0,45.5,-98.4,0.0,0.0,0,0,0,0,0,13,0,0,0,
696,1961,09,12,1961-09-12,09:30:00,3,TX,48,82,0.0,0,0,0.0,0.0,31.4,-94.9,0.0,0.0,0,0,0,0,0,5,0,0,0,
697,1961,09,13,1961-09-13,11:30:00,3,MO,29,42,0.0,0,0,0.0,0.0,37.28,-93.78,0.0,0.0,0,0,0,0,0,109,0,0,0,
698,1961,09,13,1961-09-13,14:45:00,3,TX,48,83,0.0,0,0,0.0,0.0,26.38,-98.9,0.0,0.0,0,0,0,0,0,427,0,0,0,
699,1961,09,13,1961-09-13,15:00:00,3,TX,48,84,0.0,0,0,0.0,0.0,26.28,-98.58,0.0,0.0,0,0,0,0,0,427,0,0,0,
700,1961,09,13,1961-09-13,16:00:00,3,TX,48,85,0.0,0,0,0.0,0.0,26.28,-98.18,0.0,0.0,0,0,0,0,0,215,0,0,0,
701,1961,09,13,1961-09-13,16:30:00,3,TX,48,86,0.0,0,0,0.0,0.0,26.2,-97.78,0.0,0.0,0,0,0,0,0,61,0,0,0,
702,1961,09,15,1961-09-15,11:45:00,3,FL,12,26,0.0,0,0,0.0,0.0,27.2,-80.28,0.0,0.0,0,0,0,0,0,85,0,0,0,
703,1961,09,21,1961-09-21,18:15:00,3,IL,17,36,0.0,0,0,0.0,0.0,41.88,-89.08,0.0,0.0,0,0,0,0,0,103,0,0,0,
704,1961,09,22,1961-09-22,12:00:00,3,WI,55,18,0.0,0,0,0.0,0.0,42.78,-88.28,0.0,0.0,0,0,0,0,0,101,0,0,0,
705,1961,09,22,1961-09-22,16:30:00,3,IA,19,24,0.0,0,0,0.0,0.0,41.5,-90.58,0.0,0.0,0,0,0,0,0,163,0,0,0,
706,1961,09,22,1961-09-22,20:39:00,3,IL,17,37,53.0,0,0,0.0,0.0,39.88,-91.18,0.0,0.0,0,0,0,0,0,1,0,0,0,
707,1961,09,22,1961-09-22,21:30:00,3,OK,40,44,50.0,0,0,0.0,0.0,35.0,-99.08,0.0,0.0,0,0,0,0,0,75,0,0,0,
708,1961,09,24,1961-09-24,14:09:00,3,MI,26,21,58.0,0,0,0.0,0.0,42.2,-83.28,0.0,0.0,0,0,0,0,0,163,0,0,0,
709,1961,09,24,1961-09-24,14:10:00,3,OH,39,20,70.0,0,0,0.0,0.0,41.78,-83.78,0.0,0.0,0,0,0,0,0,0,0,0,0,
710,1961,09,24,1961-09-24,18:00:00,3,TX,48,87,52.0,0,0,0.0,0.0,32.28,-101.5,0.0,0.0,0,0,0,0,0,227,0,0,0,
711,1961,09,25,1961-09-25,15:30:00,3,OH,39,21,0.0,0,0,0.0,0.0,39.7,-81.78,0.0,0.0,0,0,0,0,0,115,0,0,0,
712,1961,09,25,1961-09-25,17:00:00,3,WV,54,5,51.0,0,0,0.0,0.0,40.2,-80.58,0.0,0.0,0,0,0,0,0,9,0,0,0,
713,1961,09,25,1961-09-25,17:00:00,3,MI,26,22,0.0,0,0,0.0,0.0,41.7,-86.78,0.0,0.0,0,0,0,0,0,0,0,0,0,
714,1961,09,25,1961-09-25,18:00:00,3,PA,42,12,0.0,0,0,0.0,0.0,40.28,-79.5,0.0,0.0,0,0,0,0,0,129,0,0,0,
715,1961,09,25,1961-09-25,19:00:00,3,PA,42,13,0.0,0,0,0.0,0.0,40.7,-80.0,0.0,0.0,0,0,0,0,0,19,0,0,0,
716,1961,09,27,1961-09-27,04:30:00,3,OK,40,45,0.0,0,0,0.0,0.0,35.38,-97.58,0.0,0.0,0,0,0,0,0,109,0,0,0,
717,1961,09,27,1961-09-27,19:00:00,3,OK,40,46,58.0,0,0,0.0,0.0,34.28,-97.0,0.0,0.0,0,0,0,0,0,19,0,0,0,
718,1961,09,27,1961-09-27,20:00:00,3,LA,22,8,50.0,0,0,0.0,0.0,32.5,-92.08,0.0,0.0,0,0,0,0,0,73,0,0,0,
719,1961,09,27,1961-09-27,23:50:00,3,OK,40,47,0.0,0,0,0.0,0.0,34.38,-97.0,0.0,0.0,0,0,0,0,0,99,0,0,0,
720,1961,09,30,1961-09-30,11:30:00,3,IL,17,38,56.0,0,0,0.0,0.0,39.78,-90.28,0.0,0.0,0,0,0,0,0,137,0,0,0,
721,1961,09,30,1961-09-30,13:46:00,3,IL,17,39,52.0,0,0,0.0,0.0,39.5,-89.68,0.0,0.0,0,0,0,0,0,135,0,0,0,
722,1961,09,30,1961-09-30,14:10:00,3,IL,17,40,0.0,0,0,0.0,0.0,39.5,-89.28,0.0,0.0,0,0,0,0,0,21,0,0,0,
723,1961,09,30,1961-09-30,14:33:00,3,IL,17,41,61.0,0,0,0.0,0.0,39.78,-89.0,0.0,0.0,0,0,0,0,0,115,0,0,0,
724,1961,09,30,1961-09-30,15:00:00,3,MI,26,23,0.0,0,0,0.0,0.0,43.28,-86.4,0.0,0.0,0,0,0,0,0,121,0,0,0,
725,1961,09,30,1961-09-30,16:22:00,3,IN,18,18,52.0,0,0,0.0,0.0,41.7,-86.28,0.0,0.0,0,0,0,0,0,141,0,0,0,
726,1961,09,30,1961-09-30,17:00:00,3,IN,18,19,50.0,0,0,0.0,0.0,41.58,-85.78,0.0,0.0,0,0,0,0,0,39,0,0,0,
727,1961,09,30,1961-09-30,17:00:00,3,MI,26,24,50.0,0,0,0.0,0.0,42.28,-85.18,0.0,0.0,0,0,0,0,0,25,0,0,0,
728,1961,09,30,1961-09-30,19:20:00,3,MI,26,25,70.0,0,0,0.0,0.0,42.28,-84.5,0.0,0.0,0,0,0,0,0,75,0,0,0,
729,1961,10,02,1961-10-02,01:30:00,3,TX,48,88,50.0,0,0,0.0,0.0,32.38,-100.4,0.0,0.0,0,0,0,0,0,353,0,0,0,
730,1961,10,02,1961-10-02,02:45:00,3,TX,48,89,0.0,0,0,0.0,0.0,33.08,-97.0,0.0,0.0,0,0,0,0,0,121,0,0,0,
731,1961,10,12,1961-10-12,16:12:00,3,IA,19,25,0.0,0,0,0.0,0.0,43.28,-93.58,0.0,0.0,0,0,0,0,0,189,0,0,0,
732,1961,10,12,1961-10-12,18:00:00,3,IA,19,26,0.0,0,0,0.0,0.0,42.88,-93.18,0.0,0.0,0,0,0,0,0,69,0,0,0,
733,1961,10,12,1961-10-12,21:00:00,3,KS,20,53,0.0,0,0,0.0,0.0,38.38,-95.58,0.0,0.0,0,0,0,0,0,31,0,0,0,
734,1961,10,13,1961-10-13,17:10:00,3,PA,42,14,0.0,0,0,0.0,0.0,40.5,-80.18,0.0,0.0,0,0,0,0,0,3,0,0,0,
735,1961,10,20,1961-10-20,10:00:00,3,VA,51,15,0.0,0,0,0.0,0.0,37.28,-77.28,0.0,0.0,0,0,0,0,0,149,0,0,0,
736,1961,10,29,1961-10-29,10:30:00,3,KS,20,54,0.0,0,0,0.0,0.0,39.7,-97.28,0.0,0.0,0,0,0,0,0,201,0,0,0,
737,1961,10,29,1961-10-29,17:25:00,3,MO,29,43,70.0,0,0,0.0,0.0,39.78,-94.9,0.0,0.0,0,0,0,0,0,21,0,0,0,
738,1961,10,30,1961-10-30,17:25:00,3,MO,29,44,73.0,0,0,0.0,0.0,39.78,-94.78,0.0,0.0,0,0,0,0,0,21,0,0,0,
739,1961,11,01,1961-11-01,02:15:00,3,TN,47,12,80.0,0,0,0.0,0.0,35.78,-84.28,0.0,0.0,0,0,0,0,0,105,0,0,0,
740,1961,11,02,1961-11-02,14:30:00,3,MO,29,45,0.0,0,0,0.0,0.0,38.58,-90.4,0.0,0.0,0,0,0,0,0,189,0,0,0,
741,1961,11,11,1961-11-11,16:35:00,3,LA,22,9,0.0,0,0,0.0,0.0,31.6,-92.78,0.0,0.0,0,0,0,0,0,43,0,0,0,
742,1961,11,15,1961-11-15,22:30:00,3,MO,29,46,0.0,0,0,0.0,0.0,36.5,-89.5,0.0,0.0,0,0,0,0,0,143,0,0,0,
743,1961,11,22,1961-11-22,03:00:00,3,TX,48,90,53.0,0,0,0.0,0.0,31.9,-96.78,0.0,0.0,0,0,0,0,0,349,0,0,0,
744,1961,11,22,1961-11-22,12:50:00,3,TX,48,91,0.0,0,0,0.0,0.0,30.28,-94.5,0.0,0.0,0,0,0,0,0,199,0,0,0,
745,1961,11,22,1961-11-22,13:20:00,3,LA,22,10,52.0,0,0,0.0,0.0,32.5,-92.08,0.0,0.0,0,0,0,0,0,73,0,0,0,
746,1961,11,22,1961-11-22,23:00:00,3,FL,12,27,0.0,0,0,0.0,0.0,30.7,-87.18,0.0,0.0,0,0,0,0,0,113,0,0,0,
747,1961,11,23,1961-11-23,03:15:00,3,AL,1,18,0.0,0,0,0.0,0.0,31.28,-85.68,0.0,0.0,0,0,0,0,0,45,0,0,0,
748,1961,11,23,1961-11-23,03:50:00,3,AL,1,19,0.0,0,0,0.0,0.0,31.1,-85.68,0.0,0.0,0,0,0,0,0,61,0,0,0,
749,1961,12,11,1961-12-11,20:00:00,3,AL,1,20,0.0,0,0,0.0,0.0,33.58,-85.78,0.0,0.0,0,0,0,0,0,0,0,0,0,
750,1961,12,11,1961-12-11,22:00:00,3,AL,1,21,0.0,0,0,0.0,0.0,32.88,-86.0,0.0,0.0,0,0,0,0,0,123,0,0,0,
751,1961,12,12,1961-12-12,18:00:00,3,FL,12,28,0.0,0,0,0.0,0.0,30.38,-84.4,0.0,0.0,0,0,0,0,0,73,0,0,0,
752,1961,12,19,1961-12-19,14:00:00,3,WV,54,6,52.0,0,0,0.0,0.0,39.28,-81.4,0.0,0.0,0,0,0,0,0,107,0,0,0,
