om,yr,mo,dy,date,time,tz,st,stf,stn,mag,inj,fat,loss,closs,slat,slon,elat,elon,len,wid,ns,sn,sg,f1,f2,f3,f4,fc
1,1986,02,02,1986-02-02,21:40:00,3,TX,48,1,2,2,0,5.0,0.0,32.65,-97.93,32.73,-97.87,10.0,100,1,1,1,367,0,0,0,0
2,1986,02,03,1986-02-03,15:00:00,3,CA,6,1,0,0,0,3.0,0.0,36.97,-121.9,0.0,0.0,0.2,50,1,1,1,87,0,0,0,0
3,1986,02,05,1986-02-05,15:15:00,3,TX,48,2,1,0,0,0.0,0.0,33.1,-95.6,0.0,0.0,0.5,30,1,1,1,223,0,0,0,0
4,1986,02,05,1986-02-05,15:40:00,3,TX,48,3,1,0,0,0.0,0.0,33.15,-95.33,0.0,0.0,0.7,30,1,1,1,223,0,0,0,0
5,1986,02,05,1986-02-05,15:45:00,3,TX,48,4,2,5,0,5.0,0.0,29.83,-95.85,29.87,-95.77,8.0,170,1,1,1,473,201,0,0,0
6,1986,02,05,1986-02-05,16:00:00,3,TX,48,5,1,0,0,0.0,0.0,33.13,-95.23,0.0,0.0,0.5,30,1,1,1,159,0,0,0,0
7,1986,02,05,1986-02-05,16:15:00,3,TX,48,6,1,0,0,0.0,0.0,33.27,-95.22,0.0,0.0,0.5,30,1,1,1,159,0,0,0,0
8,1986,02,05,1986-02-05,16:15:00,3,TX,48,7,2,0,0,6.0,0.0,30.02,-95.62,0.0,0.0,2.5,70,1,1,1,201,0,0,0,0
10,1986,02,05,1986-02-05,16:30:00,3,TX,48,9,3,0,2,7.0,0.0,30.03,-95.55,29.98,-95.48,5.0,70,1,1,1,201,0,0,0,0
9,1986,02,05,1986-02-05,16:30:00,3,TX,48,8,1,0,0,6.0,0.0,30.08,-95.58,0.0,0.0,1.0,30,1,1,1,201,0,0,0,0
11,1986,02,05,1986-02-05,16:35:00,3,TX,48,10,0,0,0,0.0,0.0,32.55,-102.1,0.0,0.0,0.1,10,1,1,1,115,0,0,0,0
12,1986,02,05,1986-02-05,16:50:00,3,TX,48,11,1,0,0,0.0,0.0,33.35,-94.98,0.0,0.0,0.5,30,1,1,1,449,0,0,0,0
13,1986,02,05,1986-02-05,17:40:00,3,TX,48,12,0,0,0,0.0,0.0,33.45,-94.45,0.0,0.0,0.5,30,1,1,1,37,0,0,0,0
14,1986,02,05,1986-02-05,18:24:00,3,AR,5,1,0,0,0,0.0,0.0,33.62,-94.4,0.0,0.0,0.2,10,1,1,1,81,0,0,0,0
15,1986,02,06,1986-02-06,15:18:00,3,TN,47,1,3,5,0,6.0,0.0,35.23,-84.82,35.28,-84.6,10.0,270,1,1,1,11,139,107,0,0
16,1986,02,07,1986-02-07,13:35:00,3,FL,12,1,0,0,0,0.0,0.0,25.7,-80.3,0.0,0.0,0.5,10,1,1,1,25,0,0,0,0
17,1986,02,08,1986-02-08,06:35:00,3,FL,12,2,0,0,0,3.0,0.0,28.37,-82.7,0.0,0.0,0.5,10,1,1,1,101,0,0,0,0
18,1986,02,08,1986-02-08,09:00:00,3,FL,12,3,0,1,0,4.0,0.0,29.17,-81.53,29.23,-81.47,5.0,10,1,1,1,127,0,0,0,0
19,1986,02,08,1986-02-08,11:00:00,3,FL,12,4,0,4,0,4.0,0.0,27.48,-82.57,0.0,0.0,0.5,10,1,1,1,81,0,0,0,0
20,1986,02,08,1986-02-08,11:45:00,3,FL,12,5,2,0,0,5.0,0.0,27.88,-81.83,0.0,0.0,2.0,10,1,1,1,105,0,0,0,0
21,1986,02,10,1986-02-10,09:20:00,3,FL,12,6,1,0,0,5.0,0.0,30.7,-85.02,0.0,0.0,1.0,10,1,1,1,63,0,0,0,0
22,1986,02,10,1986-02-10,21:05:00,3,GA,13,1,1,2,0,5.0,0.0,31.23,-82.43,31.27,-82.37,3.8,33,1,1,1,299,0,0,0,0
23,1986,02,10,1986-02-10,21:10:00,3,GA,13,2,1,12,0,6.0,0.0,31.23,-82.4,31.3,-82.32,7.0,33,1,1,1,299,229,0,0,0
24,1986,02,10,1986-02-10,21:30:00,3,GA,13,3,1,7,0,5.0,0.0,31.27,-82.28,31.3,-82.22,4.8,33,1,1,1,229,0,0,0,0
25,1986,02,11,1986-02-11,09:45:00,3,FL,12,7,1,4,0,4.0,0.0,28.18,-81.82,0.0,0.0,0.5,10,1,1,1,105,0,0,0,0
26,1986,02,15,1986-02-15,16:50:00,3,CA,6,2,0,0,0,5.0,0.0,36.53,-119.38,0.0,0.0,0.5,100,1,1,1,107,0,0,0,0
27,1986,02,17,1986-02-17,14:40:00,3,TN,47,2,0,0,0,5.0,0.0,35.98,-87.12,0.0,0.0,0.7,13,1,1,1,187,0,0,0,0
28,1986,02,17,1986-02-17,16:20:00,3,MS,28,1,1,0,0,4.0,0.0,34.62,-90.3,0.0,0.0,1.0,50,1,1,1,143,0,0,0,0
29,1986,02,17,1986-02-17,16:25:00,3,MS,28,2,1,0,0,4.0,0.0,34.57,-90.23,0.0,0.0,1.5,50,1,1,1,143,0,0,0,0
30,1986,02,19,1986-02-19,16:30:00,3,CA,6,3,0,0,0,4.0,0.0,37.23,-120.25,0.0,0.0,0.2,10,1,1,1,47,0,0,0,0
31,1986,03,08,1986-03-08,22:35:00,3,CA,6,4,1,0,0,3.0,0.0,36.55,-119.65,36.58,-119.57,4.0,50,1,1,1,19,0,0,0,0
32,1986,03,10,1986-03-10,12:28:00,3,IN,18,1,3,22,0,6.0,0.0,39.37,-86.52,39.67,-85.83,35.0,440,1,1,1,109,81,97,145,0
34,1986,03,10,1986-03-10,12:55:00,3,IN,18,2,1,0,0,5.0,0.0,39.73,-86.23,0.0,0.0,2.5,220,1,1,1,97,0,0,0,0
35,1986,03,10,1986-03-10,13:10:00,3,IN,18,3,2,0,0,6.0,0.0,39.57,-85.93,39.72,-85.83,10.0,300,1,1,1,145,0,0,0,0
36,1986,03,10,1986-03-10,13:10:00,3,IN,18,4,2,1,1,6.0,0.0,39.57,-85.93,39.78,-85.67,17.8,150,1,1,1,145,59,0,0,0
37,1986,03,10,1986-03-10,13:10:00,3,IN,18,5,2,0,0,5.0,0.0,39.8,-85.78,39.85,-85.68,5.0,220,1,1,1,59,0,0,0,0
38,1986,03,10,1986-03-10,14:10:00,3,IN,18,6,2,25,0,6.0,0.0,38.68,-85.93,38.78,-85.75,12.0,300,1,1,1,175,143,0,0,0
41,1986,03,10,1986-03-10,14:20:00,3,OH,39,1,2,0,0,6.0,0.0,39.35,-84.38,0.0,0.0,1.0,200,1,1,1,17,0,0,0,0
42,1986,03,10,1986-03-10,14:20:00,3,OH,39,2,1,0,0,5.0,0.0,40.42,-84.63,40.62,-84.45,14.0,73,1,1,1,107,0,0,0,0
39,1986,03,10,1986-03-10,14:40:00,3,IN,18,7,2,0,0,5.0,0.0,39.82,-85.43,39.88,-85.37,4.0,300,1,1,1,65,0,0,0,0
40,1986,03,10,1986-03-10,14:55:00,3,IN,18,8,3,0,0,7.0,0.0,40.03,-84.98,40.1,-84.87,7.6,440,1,1,1,135,0,0,0,0
43,1986,03,10,1986-03-10,15:00:00,3,KY,21,1,1,0,0,4.0,0.0,37.77,-85.38,0.0,0.0,0.1,10,1,1,1,179,0,0,0,0
44,1986,03,10,1986-03-10,15:08:00,3,OH,39,3,2,10,0,6.0,0.0,39.45,-83.83,39.52,-83.75,6.0,73,1,1,1,27,0,0,0,0
45,1986,03,10,1986-03-10,15:20:00,3,OH,39,4,1,0,0,5.0,0.0,40.63,-83.6,40.73,-83.48,6.0,73,1,1,1,65,0,0,0,0
46,1986,03,10,1986-03-10,15:25:00,3,OH,39,5,2,10,1,6.0,0.0,39.48,-83.57,39.75,-83.22,28.0,100,1,1,1,47,97,129,0,0
47,1986,03,10,1986-03-10,15:42:00,3,OH,39,6,1,0,0,5.0,0.0,40.75,-83.13,40.8,-83.07,5.0,73,1,1,1,175,33,0,0,0
33,1986,03,10,1986-03-10,15:45:00,3,CA,6,5,0,0,0,1.0,0.0,37.52,-122.52,0.0,0.0,0.2,50,1,1,1,81,0,0,0,0
48,1986,03,10,1986-03-10,15:50:00,3,KY,21,2,2,20,0,7.0,0.0,38.03,-84.5,38.05,-84.45,3.5,100,1,1,1,67,0,0,0,0
49,1986,03,10,1986-03-10,15:54:00,3,OH,39,7,2,0,0,6.0,0.0,38.73,-83.83,38.8,-83.75,6.0,143,1,1,1,15,0,0,0,0
50,1986,03,10,1986-03-10,16:03:00,3,OH,39,8,2,10,1,6.0,0.0,41.05,-82.68,41.17,-82.58,8.0,200,1,1,1,77,0,0,0,0
51,1986,03,10,1986-03-10,17:45:00,3,OH,39,9,2,3,1,5.0,0.0,39.97,-81.83,40.0,-81.73,5.0,100,1,1,1,119,0,0,0,0
52,1986,03,11,1986-03-11,15:20:00,3,TX,48,13,0,0,0,0.0,0.0,32.45,-98.82,0.0,0.0,0.5,30,1,1,1,133,0,0,0,0
53,1986,03,11,1986-03-11,15:30:00,3,TX,48,14,0,0,0,0.0,0.0,32.8,-98.9,0.0,0.0,1.0,30,1,1,1,429,0,0,0,0
54,1986,03,11,1986-03-11,16:55:00,3,OK,40,1,1,0,0,3.0,0.0,33.93,-97.5,0.0,0.0,0.1,10,1,1,1,85,0,0,0,0
55,1986,03,11,1986-03-11,17:08:00,3,TX,48,15,2,0,0,0.0,0.0,32.77,-97.87,32.87,-97.8,9.0,40,1,1,1,367,0,0,0,0
56,1986,03,12,1986-03-12,00:05:00,3,TX,48,16,1,0,0,0.0,0.0,31.25,-93.98,0.0,0.0,1.0,200,1,1,1,403,0,0,0,0
57,1986,03,12,1986-03-12,00:10:00,3,TN,47,3,0,0,0,4.0,0.0,36.32,-88.48,0.0,0.0,0.3,17,1,1,1,79,0,0,0,0
58,1986,03,12,1986-03-12,01:30:00,3,MS,28,3,1,0,0,5.0,0.0,34.82,-90.2,0.0,0.0,1.0,30,1,1,1,33,0,0,0,0
59,1986,03,12,1986-03-12,01:30:00,3,MS,28,4,0,0,0,4.0,0.0,33.83,-90.92,0.0,0.0,0.4,30,1,1,1,11,0,0,0,0
60,1986,03,12,1986-03-12,02:20:00,3,MS,28,5,1,1,0,6.0,0.0,34.0,-90.05,0.0,0.0,1.2,100,1,1,1,135,0,0,0,0
61,1986,03,12,1986-03-12,03:40:00,3,KY,21,3,1,0,0,5.0,0.0,37.58,-86.05,0.0,0.0,0.1,10,1,1,1,93,0,0,0,0
62,1986,03,12,1986-03-12,04:10:00,3,KY,21,4,1,2,0,4.0,0.0,37.87,-85.47,0.0,0.0,0.5,1500,1,1,1,179,0,0,0,0
63,1986,03,12,1986-03-12,05:15:00,3,KY,21,5,1,3,0,4.0,0.0,38.45,-84.03,0.0,0.0,0.1,10,1,1,1,181,0,0,0,0
64,1986,03,12,1986-03-12,05:35:00,3,KY,21,6,0,0,0,0.0,0.0,38.43,-83.87,0.0,0.0,0.1,10,1,1,1,69,0,0,0,0
65,1986,03,12,1986-03-12,09:25:00,3,MS,28,6,2,0,0,5.0,0.0,31.32,-90.6,31.38,-90.5,8.0,250,1,1,1,5,113,85,0,0
66,1986,03,12,1986-03-12,10:10:00,3,MS,28,7,1,0,0,4.0,0.0,31.58,-90.3,0.0,0.0,1.0,100,1,1,1,85,0,0,0,0
67,1986,03,12,1986-03-12,12:07:00,3,MS,28,8,3,2,0,6.0,0.0,31.9,-89.37,32.32,-89.1,32.0,123,1,1,1,129,61,101,0,0
68,1986,03,12,1986-03-12,12:50:00,3,MS,28,9,2,0,0,5.0,0.0,32.23,-88.82,32.35,-88.75,14.0,120,1,1,1,23,75,0,0,0
69,1986,03,12,1986-03-12,13:06:00,3,MS,28,10,4,8,0,6.0,0.0,32.42,-88.77,32.7,-88.58,23.0,440,1,1,1,75,69,0,0,0
70,1986,03,12,1986-03-12,13:30:00,3,MS,28,11,1,0,0,4.0,0.0,32.68,-88.47,0.0,0.0,1.0,70,1,1,1,69,0,0,0,0
71,1986,03,12,1986-03-12,14:15:00,3,AL,1,1,3,0,2,6.0,0.0,33.18,-88.2,33.38,-88.2,16.0,700,1,1,1,107,0,0,0,0
72,1986,03,12,1986-03-12,14:58:00,3,AL,1,2,3,0,0,5.0,0.0,33.55,-88.05,33.63,-88.0,6.0,500,1,1,1,75,0,0,0,0
73,1986,03,12,1986-03-12,15:25:00,3,AL,1,3,3,0,0,5.0,0.0,33.93,-87.83,0.0,0.0,2.5,200,1,1,1,93,0,0,0,0
74,1986,03,12,1986-03-12,15:35:00,3,AL,1,4,2,0,0,4.0,0.0,33.93,-87.82,34.12,-87.88,7.5,200,1,1,1,93,0,0,0,0
75,1986,03,12,1986-03-12,20:20:00,3,AL,1,5,2,5,0,6.0,0.0,34.3,-86.5,34.38,-86.42,7.0,200,1,1,1,43,95,0,0,0
76,1986,03,13,1986-03-13,12:45:00,3,GA,13,4,1,4,0,5.0,0.0,31.68,-82.35,0.0,0.0,0.3,100,1,1,1,1,0,0,0,0
77,1986,03,14,1986-03-14,04:17:00,3,FL,12,8,2,0,0,6.0,0.0,29.65,-82.32,0.0,0.0,2.0,10,1,1,1,1,0,0,0,0
78,1986,03,14,1986-03-14,04:30:00,3,FL,12,9,1,0,0,3.0,0.0,29.38,-82.22,0.0,0.0,1.0,10,1,1,1,83,0,0,0,0
79,1986,03,14,1986-03-14,05:30:00,3,FL,12,10,1,0,0,3.0,0.0,29.17,-81.53,0.0,0.0,2.0,10,1,1,1,69,0,0,0,0
80,1986,03,14,1986-03-14,06:15:00,3,FL,12,11,0,0,0,3.0,0.0,29.97,-81.45,0.0,0.0,1.0,10,1,1,1,109,0,0,0,0
81,1986,03,14,1986-03-14,06:22:00,3,FL,12,12,0,0,0,0.0,0.0,29.47,-81.13,0.0,0.0,0.5,10,1,1,1,35,0,0,0,0
82,1986,03,14,1986-03-14,06:40:00,3,FL,12,13,0,0,0,4.0,0.0,29.47,-81.15,0.0,0.0,1.0,10,1,1,1,35,0,0,0,0
83,1986,03,14,1986-03-14,06:54:00,3,FL,12,14,0,0,0,2.0,0.0,29.3,-81.18,0.0,0.0,1.0,10,1,1,1,127,0,0,0,0
84,1986,03,14,1986-03-14,07:30:00,3,FL,12,15,1,0,0,3.0,0.0,29.07,-82.05,0.0,0.0,2.0,10,1,1,1,83,0,0,0,0
85,1986,03,14,1986-03-14,07:50:00,3,NC,37,1,0,0,0,4.0,0.0,34.57,-77.38,0.0,0.0,0.5,100,1,1,1,133,0,0,0,0
86,1986,03,14,1986-03-14,08:45:00,3,FL,12,16,1,0,0,4.0,0.0,29.3,-81.18,0.0,0.0,1.0,10,1,1,1,127,0,0,0,0
87,1986,03,14,1986-03-14,09:40:00,3,NC,37,2,1,0,0,4.0,0.0,34.72,-77.23,0.0,0.0,1.2,100,1,1,1,133,0,0,0,0
88,1986,03,14,1986-03-14,12:45:00,3,FL,12,17,0,0,0,0.0,0.0,26.07,-80.23,0.0,0.0,1.0,10,1,1,1,11,0,0,0,0
89,1986,03,14,1986-03-14,15:55:00,3,NC,37,3,1,0,0,4.0,0.0,35.95,-78.58,0.0,0.0,0.5,50,1,1,1,183,0,0,0,0
90,1986,03,16,1986-03-16,09:30:00,3,CA,6,6,1,0,0,6.0,0.0,33.83,-117.92,0.0,0.0,1.2,40,1,1,1,59,0,0,0,0
91,1986,03,17,1986-03-17,17:55:00,3,OK,40,2,1,0,0,5.0,0.0,35.12,-99.63,35.43,-99.28,34.0,100,1,1,1,55,9,149,0,0
92,1986,03,18,1986-03-18,14:10:00,3,MS,28,12,2,0,0,5.0,0.0,32.87,-90.57,33.07,-90.33,14.0,100,1,1,1,163,53,51,0,0
93,1986,03,18,1986-03-18,14:25:00,3,LA,22,1,2,2,0,5.0,0.0,32.3,-92.45,32.33,-92.32,5.0,150,1,1,1,49,73,0,0,0
94,1986,03,18,1986-03-18,15:10:00,3,MS,28,13,1,0,0,5.0,0.0,34.83,-89.17,0.0,0.0,1.3,100,1,1,1,9,0,0,0,0
95,1986,03,18,1986-03-18,15:15:00,3,MS,28,14,1,0,0,4.0,0.0,32.75,-90.77,32.83,-90.7,5.0,40,1,1,1,125,163,0,0,0
96,1986,03,18,1986-03-18,16:03:00,3,IA,19,1,1,0,0,4.0,0.0,41.42,-94.65,0.0,0.0,0.2,20,1,1,1,1,0,0,0,0
97,1986,03,18,1986-03-18,16:30:00,3,MS,28,15,0,0,0,4.0,0.0,33.17,-89.93,0.0,0.0,0.6,40,1,1,1,51,0,0,0,0
98,1986,03,18,1986-03-18,16:35:00,3,MS,28,16,1,0,0,5.0,0.0,34.4,-88.9,34.43,-88.87,3.0,100,1,1,1,145,0,0,0,0
99,1986,03,18,1986-03-18,17:25:00,3,MS,28,17,1,0,0,5.0,0.0,32.12,-90.33,0.0,0.0,2.5,150,1,1,1,49,0,0,0,0
100,1986,03,18,1986-03-18,19:10:00,3,MS,28,18,1,0,0,4.0,0.0,31.87,-90.33,0.0,0.0,1.2,50,1,1,1,29,0,0,0,0
101,1986,03,18,1986-03-18,23:00:00,3,AL,1,6,1,0,0,4.0,0.0,33.97,-87.82,34.1,-87.77,6.8,140,1,1,1,93,0,0,0,0
102,1986,03,18,1986-03-18,23:25:00,3,MS,28,19,1,0,0,4.0,0.0,33.17,-88.4,33.23,-88.5,10.0,50,1,1,1,103,0,0,0,0
103,1986,03,19,1986-03-19,02:00:00,3,AL,1,7,2,0,0,4.0,0.0,33.82,-86.6,0.0,0.0,0.2,73,1,1,1,9,0,0,0,0
104,1986,03,19,1986-03-19,04:32:00,3,GA,13,5,2,15,0,7.0,0.0,33.97,-84.53,34.02,-84.48,5.7,300,1,1,1,67,0,0,0,0
105,1986,03,19,1986-03-19,09:15:00,3,LA,22,2,0,1,0,0.0,0.0,29.35,-89.53,0.0,0.0,0.1,17,1,1,1,75,0,0,0,0
106,1986,03,20,1986-03-20,09:45:00,3,FL,12,18,0,1,0,4.0,0.0,30.35,-81.72,0.0,0.0,2.0,10,1,1,1,31,0,0,0,0
107,1986,04,03,1986-04-03,16:10:00,3,NE,31,1,1,0,0,4.0,0.0,41.03,-100.65,41.03,-100.65,2.0,50,1,1,1,111,0,0,0,0
108,1986,04,03,1986-04-03,16:42:00,3,NE,31,2,0,0,0,1.0,0.0,41.07,-100.53,41.07,-100.53,0.1,17,1,1,1,111,0,0,0,0
109,1986,04,03,1986-04-03,17:10:00,3,NE,31,3,1,1,0,5.0,0.0,40.95,-99.45,40.95,-99.45,1.0,40,1,1,1,47,0,0,0,0
110,1986,04,03,1986-04-03,17:10:00,3,NE,31,4,1,0,0,4.0,0.0,41.02,-99.75,0.0,0.0,0.5,40,1,1,1,47,0,0,0,0
111,1986,04,03,1986-04-03,17:30:00,3,NE,31,5,2,0,0,5.0,0.0,41.15,-99.9,41.15,-99.9,1.5,40,1,1,1,41,0,0,0,0
112,1986,04,03,1986-04-03,17:53:00,3,NE,31,6,0,0,0,0.0,0.0,41.13,-100.65,41.13,-100.65,0.1,13,1,1,1,111,0,0,0,0
113,1986,04,03,1986-04-03,18:03:00,3,NE,31,7,0,0,0,0.0,0.0,40.8,-97.67,40.8,-97.67,0.1,20,1,1,1,185,0,0,0,0
114,1986,04,03,1986-04-03,18:30:00,3,HI,15,1,0,0,0,3.0,0.0,19.7,-155.1,19.7,-155.1,0.2,50,1,1,1,1,0,0,0,0
115,1986,04,04,1986-04-04,16:30:00,3,AR,5,2,1,0,0,5.0,0.0,34.27,-93.55,34.27,-93.55,1.2,73,1,1,1,109,0,0,0,0
116,1986,04,04,1986-04-04,17:10:00,3,TX,48,17,1,0,0,3.0,0.0,33.52,-94.65,0.0,0.0,0.2,10,1,1,1,37,0,0,0,0
117,1986,04,04,1986-04-04,17:20:00,3,TX,48,18,0,0,0,0.0,0.0,33.5,-94.42,0.0,0.0,0.2,10,1,1,1,37,0,0,0,0
118,1986,04,04,1986-04-04,17:30:00,3,TX,48,19,0,0,0,0.0,0.0,33.5,-94.2,0.0,0.0,0.2,10,1,1,1,37,0,0,0,0
119,1986,04,04,1986-04-04,17:30:00,3,TX,48,20,0,0,0,0.0,0.0,33.58,-95.92,0.0,0.0,0.2,10,1,1,1,147,0,0,0,0
120,1986,04,04,1986-04-04,19:50:00,3,LA,22,3,1,0,0,0.0,0.0,33.0,-93.92,33.0,-93.92,0.3,150,1,1,1,17,0,0,0,0
121,1986,04,04,1986-04-04,20:30:00,3,TX,48,21,1,2,0,5.0,0.0,32.6,-95.87,0.0,0.0,0.2,10,1,1,1,467,0,0,0,0
122,1986,04,06,1986-04-06,20:55:00,3,TX,48,22,0,0,0,0.0,0.0,33.33,-102.2,0.0,0.0,0.2,300,1,1,1,445,0,0,0,0
123,1986,04,06,1986-04-06,21:15:00,3,TX,48,23,0,0,0,0.0,0.0,33.85,-102.72,0.0,0.0,0.2,300,1,1,1,17,0,0,0,0
124,1986,04,07,1986-04-07,17:35:00,3,KS,20,1,1,0,0,5.0,0.0,38.05,-96.13,38.05,-96.13,0.1,50,1,1,1,73,0,0,0,0
125,1986,04,07,1986-04-07,17:44:00,3,OK,40,3,2,0,0,5.0,0.0,36.48,-95.33,36.45,-95.23,5.0,100,1,1,1,97,0,0,0,0
126,1986,04,07,1986-04-07,17:45:00,3,KS,20,2,2,0,0,5.0,0.0,38.05,-96.08,37.88,-95.73,22.6,100,1,1,1,73,207,0,0,0
127,1986,04,07,1986-04-07,17:55:00,3,KS,20,3,0,0,0,0.0,0.0,37.88,-95.68,37.88,-95.68,0.1,50,1,1,1,207,0,0,0,0
128,1986,04,07,1986-04-07,18:40:00,3,MO,29,1,1,0,0,0.0,0.0,37.08,-94.57,37.08,-94.57,0.5,50,1,1,1,97,0,0,0,0
129,1986,04,07,1986-04-07,18:40:00,3,KS,20,4,0,0,0,0.0,0.0,37.5,-95.02,37.5,-95.02,0.3,50,1,1,1,37,0,0,0,0
130,1986,04,07,1986-04-07,18:45:00,3,MO,29,2,1,0,0,2.0,0.0,37.08,-94.52,37.08,-94.52,0.7,50,1,1,1,97,0,0,0,0
131,1986,04,07,1986-04-07,18:46:00,3,KS,20,5,0,0,0,0.0,0.0,37.28,-94.92,37.28,-94.92,0.1,50,1,1,1,21,0,0,0,0
132,1986,04,07,1986-04-07,18:55:00,3,KS,20,6,0,0,0,0.0,0.0,37.57,-95.12,37.57,-95.12,0.3,50,1,1,1,133,0,0,0,0
133,1986,04,07,1986-04-07,18:56:00,3,KS,20,7,0,0,0,0.0,0.0,37.57,-95.08,37.57,-95.08,0.1,50,1,1,1,37,0,0,0,0
134,1986,04,07,1986-04-07,19:19:00,3,KS,20,8,1,0,0,4.0,0.0,37.35,-95.08,37.35,-95.08,0.5,50,1,1,1,37,0,0,0,0
135,1986,04,07,1986-04-07,19:25:00,3,KS,20,9,0,0,0,0.0,0.0,38.32,-96.85,38.35,-96.82,0.2,50,1,1,1,115,17,0,0,0
136,1986,04,07,1986-04-07,19:45:00,3,KS,20,10,1,0,0,3.0,0.0,37.1,-94.63,37.1,-94.63,0.5,50,1,1,1,21,0,0,0,0
137,1986,04,07,1986-04-07,22:00:00,3,MO,29,3,1,0,0,0.0,0.0,36.55,-94.3,36.55,-94.3,0.5,50,1,1,1,119,0,0,0,0
138,1986,04,08,1986-04-08,15:30:00,3,GA,13,6,1,0,0,5.0,0.0,33.95,-83.38,33.95,-83.38,2.0,27,1,1,1,59,0,0,0,0
139,1986,04,08,1986-04-08,16:00:00,3,GA,13,7,1,0,0,4.0,0.0,33.9,-83.22,33.9,-83.22,0.3,27,1,1,1,221,0,0,0,0
140,1986,04,08,1986-04-08,16:45:00,3,MS,28,20,2,1,0,6.0,0.0,31.7,-89.2,31.68,-89.17,5.0,1000,1,1,1,67,0,0,0,0
141,1986,04,12,1986-04-12,00:05:00,3,LA,22,4,1,0,0,0.0,0.0,32.45,-91.75,32.45,-91.75,0.3,100,1,1,1,83,0,0,0,0
142,1986,04,12,1986-04-12,00:09:00,3,LA,22,5,2,3,0,5.0,0.0,31.98,-91.73,31.98,-91.73,2.0,100,1,1,1,41,0,0,0,0
143,1986,04,12,1986-04-12,00:50:00,3,LA,22,6,1,0,0,0.0,0.0,32.0,-91.25,32.0,-91.25,0.3,100,1,1,1,107,0,0,0,0
144,1986,04,12,1986-04-12,03:05:00,3,MS,28,21,1,0,0,4.0,0.0,31.82,-90.95,31.7,-90.9,4.0,150,1,1,1,63,0,0,0,0
145,1986,04,12,1986-04-12,04:20:00,3,MS,28,22,2,0,0,6.0,0.0,31.52,-90.37,31.38,-90.05,21.8,100,1,1,1,85,77,0,0,0
146,1986,04,12,1986-04-12,04:32:00,3,MS,28,23,1,0,0,5.0,0.0,31.38,-90.23,31.35,-90.22,5.2,100,1,1,1,77,147,0,0,0
147,1986,04,13,1986-04-13,16:12:00,3,NE,31,8,2,0,0,5.0,0.0,40.57,-99.03,40.6,-98.95,5.0,40,1,1,1,99,0,0,0,0
148,1986,04,13,1986-04-13,16:31:00,3,NE,31,9,1,0,0,1.0,0.0,40.48,-98.95,40.48,-98.95,0.5,30,1,1,1,99,0,0,0,0
149,1986,04,13,1986-04-13,16:32:00,3,NE,31,10,0,0,0,3.0,0.0,40.92,-99.35,40.92,-99.35,0.1,20,1,1,1,19,0,0,0,0
150,1986,04,13,1986-04-13,16:35:00,3,NE,31,11,1,0,0,4.0,0.0,40.83,-98.52,40.83,-98.52,1.5,20,1,1,1,79,0,0,0,0
151,1986,04,13,1986-04-13,16:35:00,3,NE,31,12,0,0,0,1.0,0.0,40.77,-98.37,40.77,-98.37,0.1,20,1,1,1,79,0,0,0,0
152,1986,04,13,1986-04-13,18:45:00,3,KS,20,11,0,0,0,5.0,0.0,39.82,-97.63,39.82,-97.63,1.0,27,1,1,1,157,0,0,0,0
153,1986,04,13,1986-04-13,19:30:00,3,NE,31,13,1,0,0,4.0,0.0,40.87,-97.53,40.87,-97.53,0.3,20,1,1,1,185,0,0,0,0
154,1986,04,13,1986-04-13,23:20:00,3,OK,40,4,2,2,0,6.0,0.0,36.05,-95.78,36.1,-95.73,4.0,300,1,1,1,143,0,0,0,0
155,1986,04,17,1986-04-17,15:35:00,3,NE,31,14,0,0,0,1.0,0.0,41.15,-101.7,41.15,-101.7,0.1,17,1,1,1,101,0,0,0,0
156,1986,04,17,1986-04-17,17:30:00,3,NE,31,15,0,0,0,1.0,0.0,41.05,-100.72,41.05,-100.72,0.2,27,1,1,1,111,0,0,0,0
157,1986,04,18,1986-04-18,19:00:00,3,TX,48,24,0,0,0,0.0,0.0,32.18,-98.2,0.0,0.0,0.2,10,1,1,1,143,0,0,0,0
158,1986,04,19,1986-04-19,06:55:00,3,TX,48,25,1,0,0,4.0,0.0,32.33,-100.65,32.35,-100.57,3.0,250,1,1,1,353,0,0,0,0
159,1986,04,19,1986-04-19,07:15:00,3,TX,48,26,3,100,1,7.0,0.0,32.45,-100.43,32.48,-100.35,4.5,600,1,1,1,353,0,0,0,0
160,1986,04,19,1986-04-19,09:00:00,3,TX,48,27,0,0,0,0.0,0.0,32.67,-99.88,0.0,0.0,0.2,10,1,1,1,253,0,0,0,0
161,1986,04,19,1986-04-19,11:38:00,3,TX,48,28,0,0,0,0.0,0.0,32.75,-98.57,0.0,0.0,0.2,10,1,1,1,363,0,0,0,0
162,1986,04,19,1986-04-19,13:05:00,3,TX,48,29,0,0,0,0.0,0.0,31.95,-99.3,0.0,0.0,0.2,10,1,1,1,83,0,0,0,0
163,1986,04,19,1986-04-19,13:45:00,3,TX,48,30,0,0,0,0.0,0.0,32.12,-98.62,0.0,0.0,0.2,10,1,1,1,93,0,0,0,0
164,1986,04,19,1986-04-19,14:28:00,3,TX,48,31,0,0,0,0.0,0.0,32.65,-94.2,0.0,0.0,0.2,10,1,1,1,203,0,0,0,0
165,1986,04,19,1986-04-19,14:45:00,3,TX,48,32,1,0,0,4.0,0.0,32.3,-97.05,0.0,0.0,1.0,10,1,1,1,139,0,0,0,0
166,1986,04,19,1986-04-19,15:15:00,3,TX,48,33,0,0,0,0.0,0.0,32.9,-94.62,0.0,0.0,0.2,10,1,1,1,67,0,0,0,0
167,1986,04,19,1986-04-19,15:30:00,3,TX,48,34,1,0,0,5.0,0.0,31.77,-97.15,0.0,0.0,0.2,10,1,1,1,309,0,0,0,0
168,1986,04,19,1986-04-19,15:40:00,3,TX,48,35,1,2,0,5.0,0.0,31.77,-96.92,0.0,0.0,0.2,10,1,1,1,217,0,0,0,0
169,1986,04,19,1986-04-19,16:17:00,3,TX,48,36,1,2,0,5.0,0.0,31.68,-96.57,0.0,0.0,0.2,10,1,1,1,293,0,0,0,0
170,1986,04,19,1986-04-19,16:20:00,3,LA,22,7,1,0,0,0.0,0.0,32.12,-92.67,32.12,-92.67,0.3,50,1,1,1,127,0,0,0,0
171,1986,04,20,1986-04-20,16:45:00,3,KY,21,7,3,2,0,5.0,0.0,36.83,-85.37,36.88,-85.37,3.0,400,1,1,1,57,0,0,0,0
172,1986,04,20,1986-04-20,17:10:00,3,KY,21,8,1,0,0,4.0,0.0,36.85,-85.33,36.95,-85.22,8.0,150,1,1,1,57,0,0,0,0
173,1986,04,20,1986-04-20,17:45:00,3,OH,39,10,1,6,0,5.0,0.0,39.92,-83.67,39.92,-83.58,3.5,27,1,1,1,23,0,0,0,0
174,1986,04,20,1986-04-20,18:25:00,3,TN,47,4,1,6,0,5.0,0.0,35.08,-85.6,0.0,0.0,0.2,27,1,1,1,115,0,0,0,0
175,1986,04,25,1986-04-25,19:14:00,3,TX,48,37,0,0,0,0.0,0.0,32.72,-100.43,0.0,0.0,0.2,30,1,1,1,151,0,0,0,0
176,1986,04,26,1986-04-26,17:23:00,3,SD,46,1,0,0,0,0.0,0.0,43.28,-97.15,0.0,0.0,0.2,20,1,1,1,125,0,0,0,0
177,1986,04,26,1986-04-26,17:37:00,3,SD,46,2,2,0,0,6.0,0.0,43.23,-96.93,43.25,-96.85,12.0,50,1,1,1,125,83,0,0,0
178,1986,04,26,1986-04-26,17:50:00,3,SD,46,3,2,0,0,5.0,0.0,43.3,-96.67,43.4,-96.73,5.0,40,1,1,1,83,0,0,0,0
179,1986,04,26,1986-04-26,18:30:00,3,IA,19,2,2,4,1,6.0,0.0,43.4,-96.03,43.58,-95.8,18.5,120,2,0,1,0,0,0,0,0
179,1986,04,26,1986-04-26,18:30:00,3,IA,19,2,2,2,1,6.0,0.0,43.4,-96.03,43.47,-95.93,8.5,120,2,1,2,119,0,0,0,0
180,1986,04,26,1986-04-26,18:42:00,3,IA,19,3,2,0,0,6.0,0.0,43.35,-96.38,43.45,-96.32,9.5,70,1,1,1,119,0,0,0,0
179,1986,04,26,1986-04-26,18:45:00,3,MN,27,1,2,2,0,6.0,0.0,43.47,-95.93,43.58,-95.8,10.0,40,2,1,2,105,0,0,0,0
181,1986,04,26,1986-04-26,19:08:00,3,NE,31,16,2,0,0,5.0,0.0,40.17,-97.57,40.3,-97.42,10.0,40,1,1,1,169,0,0,0,0
182,1986,04,26,1986-04-26,19:10:00,3,OK,40,5,1,0,0,4.0,0.0,34.82,-98.9,34.8,-98.95,7.0,100,1,1,1,75,0,0,0,0
183,1986,04,26,1986-04-26,19:37:00,3,OK,40,6,0,0,0,0.0,0.0,35.08,-98.75,0.0,0.0,0.1,10,1,1,1,75,0,0,0,0
184,1986,04,26,1986-04-26,19:53:00,3,MN,27,2,1,0,0,4.0,0.0,43.72,-95.32,43.72,-95.32,0.1,50,1,1,1,63,0,0,0,0
185,1986,04,26,1986-04-26,19:55:00,3,NE,31,17,0,0,0,2.0,0.0,40.75,-96.97,40.75,-96.97,0.1,20,1,1,1,159,0,0,0,0
186,1986,04,26,1986-04-26,21:05:00,3,IA,19,4,0,0,0,0.0,0.0,42.02,-95.43,0.0,0.0,0.1,20,1,1,1,47,0,0,0,0
187,1986,04,27,1986-04-27,03:10:00,3,KS,20,12,0,0,0,0.0,0.0,37.97,-98.37,37.97,-98.37,0.5,50,1,1,1,155,0,0,0,0
188,1986,04,27,1986-04-27,19:25:00,3,MN,27,3,0,0,0,2.0,0.0,45.43,-94.0,45.43,-94.0,0.1,10,1,1,1,141,0,0,0,0
189,1986,04,28,1986-04-28,14:08:00,3,MI,26,1,2,0,0,6.0,0.0,42.9,-84.25,43.22,-84.23,26.5,40,1,1,1,155,145,0,0,0
190,1986,04,30,1986-04-30,17:05:00,3,IL,17,1,1,0,0,4.0,0.0,40.1,-89.08,40.1,-89.08,0.1,20,1,1,1,39,0,0,0,0
191,1986,05,01,1986-05-01,07:30:00,3,AR,5,3,0,0,0,0.0,0.0,33.88,-93.2,0.0,0.0,0.2,200,1,1,1,19,0,0,0,0
192,1986,05,04,1986-05-04,20:00:00,3,MT,30,1,2,0,0,3.0,0.0,46.35,-108.08,0.0,0.0,0.1,10,1,1,1,65,0,0,0,0
193,1986,05,04,1986-05-04,22:02:00,3,TX,48,38,0,0,0,3.0,0.0,34.1,-101.7,34.03,-101.62,4.0,40,1,1,1,189,0,0,0,0
194,1986,05,06,1986-05-06,19:45:00,3,TX,48,39,0,0,0,0.0,0.0,31.95,-99.57,0.0,0.0,0.2,10,1,1,1,83,0,0,0,0
195,1986,05,06,1986-05-06,20:03:00,3,KS,20,13,1,0,0,5.0,0.0,38.87,-96.82,38.92,-96.5,15.0,200,1,1,1,127,61,0,0,0
196,1986,05,07,1986-05-07,15:25:00,3,TX,48,40,0,0,0,0.0,0.0,31.35,-100.32,0.0,0.0,0.2,30,1,1,1,451,0,0,0,0
197,1986,05,07,1986-05-07,16:12:00,3,TX,48,41,0,0,0,0.0,0.0,35.78,-100.45,0.0,0.0,1.0,100,1,1,1,211,0,0,0,0
198,1986,05,07,1986-05-07,16:18:00,3,TX,48,42,2,0,0,0.0,0.0,35.78,-100.45,35.9,-100.48,8.0,100,1,1,1,211,0,0,0,0
202,1986,05,07,1986-05-07,16:20:00,3,IN,18,9,1,0,0,4.0,0.0,39.58,-85.58,0.0,0.0,0.2,10,1,1,1,139,0,0,0,0
199,1986,05,07,1986-05-07,16:35:00,3,TX,48,43,3,0,0,5.0,0.0,35.83,-100.45,35.93,-100.47,7.0,300,1,1,1,211,0,0,0,0
200,1986,05,07,1986-05-07,16:57:00,3,TX,48,44,0,0,0,0.0,0.0,35.92,-100.4,0.0,0.0,0.2,50,1,1,1,211,0,0,0,0
201,1986,05,07,1986-05-07,17:00:00,3,TX,48,45,0,0,0,0.0,0.0,33.32,-100.32,0.0,0.0,0.2,30,1,1,1,433,0,0,0,0
203,1986,05,07,1986-05-07,18:08:00,3,TX,48,46,0,0,0,0.0,0.0,36.14,-100.49,0.0,0.0,0.2,50,1,1,1,295,0,0,0,0
204,1986,05,07,1986-05-07,18:50:00,3,TX,48,47,0,0,0,4.0,0.0,36.28,-100.27,0.0,0.0,0.2,10,1,1,1,295,0,0,0,0
205,1986,05,08,1986-05-08,13:25:00,3,TX,48,48,0,0,0,3.0,0.0,32.08,-98.83,0.0,0.0,0.2,10,1,1,1,93,0,0,0,0
206,1986,05,08,1986-05-08,14:50:00,3,IA,19,5,0,0,0,4.0,0.0,41.0,-92.82,0.0,0.0,0.1,13,1,1,1,135,0,0,0,0
207,1986,05,08,1986-05-08,15:04:00,3,SD,46,4,0,0,0,0.0,0.0,44.18,-100.08,0.0,0.0,0.1,13,1,1,1,85,0,0,0,0
208,1986,05,08,1986-05-08,15:38:00,3,IA,19,6,0,0,0,0.0,0.0,41.63,-93.43,0.0,0.0,0.1,10,1,1,1,153,0,0,0,0
209,1986,05,08,1986-05-08,16:00:00,3,IA,19,7,1,0,0,4.0,0.0,41.58,-93.02,0.0,0.0,0.1,20,1,1,1,99,0,0,0,0
210,1986,05,08,1986-05-08,16:05:00,3,IA,19,8,0,0,0,4.0,0.0,42.92,-96.05,0.0,0.0,0.1,10,1,1,1,149,0,0,0,0
211,1986,05,08,1986-05-08,16:08:00,3,OK,40,7,0,0,0,0.0,0.0,34.23,-98.72,0.0,0.0,1.0,300,1,1,1,141,0,0,0,0
212,1986,05,08,1986-05-08,16:40:00,3,SD,46,5,0,0,0,0.0,0.0,44.25,-97.1,0.0,0.0,0.1,13,1,1,1,11,0,0,0,0
213,1986,05,08,1986-05-08,18:12:00,3,OK,40,8,3,15,0,7.0,0.0,35.48,-97.53,35.65,-97.48,4.0,200,1,1,1,109,0,0,0,0
214,1986,05,08,1986-05-08,18:21:00,3,OK,40,9,1,0,0,5.0,0.0,35.65,-97.48,35.73,-97.38,7.0,50,1,1,1,109,0,0,0,0
215,1986,05,08,1986-05-08,19:15:00,3,OK,40,10,1,0,0,5.0,0.0,35.88,-97.35,35.97,-97.33,3.0,23,1,1,1,83,0,0,0,0
216,1986,05,08,1986-05-08,19:35:00,3,KS,20,14,1,0,0,3.0,0.0,37.45,-97.85,0.0,0.0,1.0,50,1,1,1,95,0,0,0,0
217,1986,05,08,1986-05-08,19:46:00,3,KS,20,15,1,0,0,3.0,0.0,37.5,-97.92,0.0,0.0,1.5,50,1,1,1,95,0,0,0,0
218,1986,05,09,1986-05-09,13:45:00,3,FL,12,19,0,0,0,2.0,0.0,28.02,-81.68,0.0,0.0,0.5,30,1,1,1,105,0,0,0,0
219,1986,05,09,1986-05-09,16:00:00,3,FL,12,20,0,0,0,2.0,0.0,27.9,-81.98,0.0,0.0,0.5,30,1,1,1,105,0,0,0,0
220,1986,05,09,1986-05-09,18:36:00,3,IA,19,9,0,0,0,0.0,0.0,41.6,-93.83,41.58,-93.78,0.2,10,1,1,1,49,153,0,0,0
221,1986,05,09,1986-05-09,18:40:00,3,IA,19,10,0,0,0,0.0,0.0,41.58,-93.85,0.0,0.0,0.1,10,1,1,1,49,0,0,0,0
222,1986,05,09,1986-05-09,18:48:00,3,IA,19,11,0,0,0,0.0,0.0,41.57,-93.83,0.0,0.0,0.1,10,1,1,1,49,0,0,0,0
223,1986,05,09,1986-05-09,18:55:00,3,IA,19,12,0,0,0,0.0,0.0,41.62,-93.83,0.0,0.0,0.1,10,1,1,1,49,0,0,0,0
224,1986,05,09,1986-05-09,19:09:00,3,IA,19,13,0,0,0,0.0,0.0,41.62,-93.83,41.62,-93.77,0.2,10,1,1,1,49,153,0,0,0
225,1986,05,09,1986-05-09,19:12:00,3,IA,19,14,0,0,0,0.0,0.0,41.62,-93.88,0.0,0.0,0.1,10,1,1,1,49,0,0,0,0
226,1986,05,09,1986-05-09,19:40:00,3,IA,19,15,0,0,0,0.0,0.0,41.85,-93.92,0.0,0.0,0.1,10,1,1,1,49,0,0,0,0
227,1986,05,09,1986-05-09,19:49:00,3,IA,19,16,0,0,0,0.0,0.0,41.68,-93.8,41.68,-93.8,0.2,10,1,1,1,153,49,0,0,0
228,1986,05,10,1986-05-10,14:25:00,3,NE,31,18,1,0,0,2.0,0.0,40.7,-99.08,0.0,0.0,0.5,20,1,1,1,19,0,0,0,0
229,1986,05,10,1986-05-10,14:30:00,3,NE,31,19,0,0,0,1.0,0.0,40.47,-98.95,0.0,0.0,0.1,20,1,1,1,99,0,0,0,0
230,1986,05,10,1986-05-10,14:35:00,3,KS,20,16,0,0,0,0.0,0.0,37.28,-98.13,0.0,0.0,0.2,50,1,1,1,77,0,0,0,0
231,1986,05,10,1986-05-10,15:00:00,3,NE,31,20,0,0,0,1.0,0.0,41.02,-98.9,0.0,0.0,0.1,20,1,1,1,19,0,0,0,0
232,1986,05,10,1986-05-10,15:30:00,3,MS,28,24,1,0,0,4.0,0.0,33.58,-90.33,0.0,0.0,0.3,40,1,1,1,83,0,0,0,0
233,1986,05,10,1986-05-10,15:40:00,3,NE,31,21,0,0,0,1.0,0.0,40.6,-99.12,0.0,0.0,0.1,10,1,1,1,99,0,0,0,0
234,1986,05,10,1986-05-10,16:10:00,3,NE,31,22,0,0,0,1.0,0.0,40.55,-99.02,0.0,0.0,0.1,20,1,1,1,99,0,0,0,0
235,1986,05,10,1986-05-10,16:15:00,3,NE,31,23,0,0,0,1.0,0.0,42.73,-97.63,0.0,0.0,0.1,30,1,1,1,107,0,0,0,0
236,1986,05,10,1986-05-10,18:52:00,3,IA,19,17,0,0,0,3.0,0.0,40.82,-93.6,0.0,0.0,0.1,10,1,1,1,53,0,0,0,0
237,1986,05,11,1986-05-11,17:00:00,3,MT,30,2,1,0,0,3.0,0.0,45.22,-104.93,0.0,0.0,0.2,10,1,1,1,11,0,0,0,0
238,1986,05,11,1986-05-11,19:20:00,3,ND,38,1,0,0,0,0.0,0.0,45.97,-100.3,0.0,0.0,0.2,13,1,1,1,29,0,0,0,0
239,1986,05,11,1986-05-11,19:20:00,3,ND,38,2,0,0,0,0.0,0.0,45.97,-100.3,0.0,0.0,0.2,13,1,1,1,29,0,0,0,0
240,1986,05,11,1986-05-11,21:15:00,3,ND,38,3,0,0,0,0.0,0.0,46.93,-98.5,0.0,0.0,0.2,13,1,1,1,93,0,0,0,0
241,1986,05,11,1986-05-11,22:30:00,3,ND,38,4,1,0,0,4.0,0.0,47.63,-97.5,47.62,-97.45,0.2,100,1,1,1,91,97,0,0,0
242,1986,05,11,1986-05-11,23:40:00,3,ND,38,5,1,0,0,3.0,0.0,47.78,-97.1,0.0,0.0,0.2,13,1,1,1,35,0,0,0,0
244,1986,05,12,1986-05-12,13:45:00,3,MN,27,4,0,0,0,0.0,0.0,44.75,-94.37,0.0,0.0,0.2,13,1,1,1,85,0,0,0,0
243,1986,05,12,1986-05-12,15:05:00,3,CO,8,1,1,0,0,0.0,0.0,40.62,-104.6,0.0,0.0,0.5,30,1,1,1,123,0,0,0,0
245,1986,05,12,1986-05-12,16:15:00,3,MN,27,5,1,0,0,4.0,0.0,44.8,-94.15,0.0,0.0,0.2,20,1,1,1,85,0,0,0,0
246,1986,05,12,1986-05-12,23:29:00,3,CO,8,2,1,0,0,0.0,0.0,38.63,-102.58,0.0,0.0,0.5,30,1,1,1,17,0,0,0,0
247,1986,05,13,1986-05-13,13:00:00,3,WA,53,1,2,0,0,0.0,0.0,48.22,-122.05,0.0,0.0,0.3,10,1,1,1,61,0,0,0,0
248,1986,05,13,1986-05-13,17:49:00,3,TX,48,49,0,0,0,0.0,0.0,32.5,-100.6,0.0,0.0,0.2,40,1,1,1,353,0,0,0,0
249,1986,05,13,1986-05-13,17:54:00,3,TX,48,50,0,0,0,0.0,0.0,32.47,-100.58,0.0,0.0,0.2,20,1,1,1,353,0,0,0,0
250,1986,05,13,1986-05-13,17:58:00,3,TX,48,51,0,0,0,0.0,0.0,32.45,-100.57,0.0,0.0,0.2,40,1,1,1,353,0,0,0,0
251,1986,05,13,1986-05-13,18:00:00,3,TX,48,52,0,0,0,0.0,0.0,32.33,-100.4,0.0,0.0,0.2,50,1,1,1,353,0,0,0,0
252,1986,05,13,1986-05-13,19:10:00,3,TX,48,53,0,0,0,0.0,0.0,32.9,-99.78,0.0,0.0,0.2,10,1,1,1,253,0,0,0,0
253,1986,05,13,1986-05-13,20:25:00,3,MO,29,4,0,0,0,0.0,0.0,37.65,-91.48,0.0,0.0,0.2,50,1,1,1,65,0,0,0,0
254,1986,05,13,1986-05-13,20:40:00,3,TX,48,54,0,0,0,0.0,0.0,32.47,-100.72,0.0,0.0,0.2,30,1,1,1,335,0,0,0,0
255,1986,05,13,1986-05-13,21:15:00,3,TX,48,55,0,0,0,0.0,0.0,32.37,-100.62,0.0,0.0,0.2,30,1,1,1,353,0,0,0,0
256,1986,05,13,1986-05-13,21:30:00,3,HI,15,2,0,0,0,0.0,0.0,21.38,-158.05,21.38,-158.05,0.2,10,1,1,1,3,0,0,0,0
257,1986,05,14,1986-05-14,13:13:00,3,OK,40,11,0,0,0,0.0,0.0,36.93,-95.8,0.0,0.0,1.0,50,1,1,1,105,0,0,0,0
263,1986,05,14,1986-05-14,13:17:00,3,FL,12,21,0,0,0,3.0,0.0,28.3,-82.42,0.0,0.0,1.0,30,1,1,1,101,0,0,0,0
258,1986,05,14,1986-05-14,13:30:00,3,TX,48,56,0,0,0,0.0,0.0,36.3,-102.82,0.0,0.0,0.2,10,1,1,1,111,0,0,0,0
259,1986,05,14,1986-05-14,13:30:00,3,TX,48,57,0,0,0,0.0,0.0,35.07,-101.82,35.1,-101.77,3.0,50,1,1,1,381,0,0,0,0
260,1986,05,14,1986-05-14,14:00:00,3,KS,20,17,0,0,0,0.0,0.0,37.43,-101.88,0.0,0.0,0.3,100,1,1,1,187,0,0,0,0
261,1986,05,14,1986-05-14,14:05:00,3,OK,40,12,1,0,0,0.0,0.0,35.53,-97.22,0.0,0.0,0.2,50,1,1,1,109,0,0,0,0
262,1986,05,14,1986-05-14,14:08:00,3,TX,48,58,0,0,0,0.0,0.0,35.05,-101.37,0.0,0.0,0.2,30,1,1,1,11,0,0,0,0
264,1986,05,14,1986-05-14,14:29:00,3,OK,40,13,1,0,0,0.0,0.0,34.55,-99.33,34.57,-99.2,6.0,300,1,1,1,65,0,0,0,0
265,1986,05,14,1986-05-14,14:33:00,3,KS,20,18,0,0,0,0.0,0.0,37.52,-101.75,0.0,0.0,0.5,100,1,1,1,187,0,0,0,0
266,1986,05,14,1986-05-14,14:42:00,3,OK,40,14,1,0,0,5.0,0.0,34.57,-99.2,34.65,-99.12,6.0,300,1,1,1,65,0,0,0,0
267,1986,05,14,1986-05-14,15:05:00,3,OK,40,15,1,0,0,5.0,0.0,34.63,-98.98,34.65,-98.95,1.1,73,1,1,1,141,75,0,0,0
268,1986,05,14,1986-05-14,15:09:00,3,OK,40,16,2,0,0,5.0,0.0,34.63,-98.95,34.63,-98.9,3.0,500,1,1,1,75,0,0,0,0
269,1986,05,14,1986-05-14,16:30:00,3,TX,48,59,0,0,0,0.0,0.0,33.5,-99.38,0.0,0.0,1.0,10,1,1,1,23,0,0,0,0
270,1986,05,14,1986-05-14,17:26:00,3,OK,40,17,1,0,0,4.0,0.0,35.5,-96.22,0.0,0.0,2.0,150,1,1,1,107,0,0,0,0
271,1986,05,14,1986-05-14,17:49:00,3,OK,40,18,1,0,0,0.0,0.0,34.67,-97.3,0.0,0.0,0.5,23,1,1,1,49,0,0,0,0
272,1986,05,14,1986-05-14,18:30:00,3,TX,48,60,3,4,0,6.0,0.0,33.53,-98.7,33.57,-98.22,20.0,250,1,1,1,9,77,0,0,0
276,1986,05,14,1986-05-14,19:42:00,3,TX,48,61,0,0,0,0.0,0.0,33.57,-97.88,0.0,0.0,0.2,10,1,1,1,337,0,0,0,0
273,1986,05,14,1986-05-14,20:35:00,3,CO,8,3,1,0,0,0.0,0.0,39.6,-102.52,0.0,0.0,0.5,30,1,1,1,125,0,0,0,0
274,1986,05,14,1986-05-14,20:35:00,3,CO,8,4,1,0,0,0.0,0.0,39.6,-102.52,0.0,0.0,0.5,30,1,1,1,125,0,0,0,0
275,1986,05,14,1986-05-14,20:35:00,3,CO,8,5,1,0,0,0.0,0.0,39.6,-102.52,0.0,0.0,0.5,30,1,1,1,125,0,0,0,0
277,1986,05,15,1986-05-15,14:30:00,3,IL,17,2,0,0,0,3.0,0.0,42.3,-88.78,0.0,0.0,0.2,10,1,1,1,7,0,0,0,0
278,1986,05,15,1986-05-15,14:30:00,3,IL,17,3,1,1,0,4.0,0.0,41.83,-89.48,0.0,0.0,1.0,10,1,1,1,103,0,0,0,0
279,1986,05,15,1986-05-15,14:50:00,3,IN,18,10,0,0,0,0.0,0.0,37.98,-87.72,0.0,0.0,0.2,10,1,1,1,129,0,0,0,0
280,1986,05,15,1986-05-15,14:55:00,3,IN,18,11,0,0,0,0.0,0.0,38.15,-87.65,0.0,0.0,0.2,10,1,1,1,163,0,0,0,0
283,1986,05,15,1986-05-15,15:45:00,3,IN,18,12,2,0,0,5.0,0.0,37.98,-87.55,0.0,0.0,0.2,10,1,1,1,163,0,0,0,0
285,1986,05,15,1986-05-15,15:54:00,3,MI,26,2,3,0,0,6.0,0.0,41.93,-84.97,0.0,0.0,1.2,200,1,1,1,23,0,0,0,0
281,1986,05,15,1986-05-15,16:00:00,3,MO,29,5,1,0,0,6.0,0.0,36.9,-89.9,0.0,0.0,0.5,100,1,1,1,207,0,0,0,0
288,1986,05,15,1986-05-15,16:27:00,3,OH,39,11,1,0,0,5.0,0.0,40.88,-82.98,40.98,-82.88,9.0,120,1,1,1,33,0,0,0,0
290,1986,05,15,1986-05-15,16:30:00,3,IN,18,13,1,0,0,3.0,0.0,38.25,-87.03,0.0,0.0,0.2,10,1,1,1,37,0,0,0,0
284,1986,05,15,1986-05-15,16:51:00,3,MO,29,6,0,0,0,0.0,0.0,36.78,-89.85,0.0,0.0,0.2,73,1,1,1,207,0,0,0,0
286,1986,05,15,1986-05-15,17:00:00,3,MO,29,7,0,0,0,0.0,0.0,36.68,-89.8,0.0,0.0,0.2,73,1,1,1,207,0,0,0,0
292,1986,05,15,1986-05-15,17:05:00,3,OH,39,12,0,0,0,4.0,0.0,41.08,-82.82,0.0,0.0,1.0,73,1,1,1,77,0,0,0,0
282,1986,05,15,1986-05-15,17:15:00,3,CO,8,6,1,0,0,0.0,0.0,38.2,-103.67,0.0,0.0,0.5,30,1,1,1,25,0,0,0,0
287,1986,05,15,1986-05-15,17:15:00,3,MO,29,8,1,0,0,4.0,0.0,36.8,-89.75,37.08,-89.6,15.0,200,1,1,1,207,201,0,0,0
289,1986,05,15,1986-05-15,17:30:00,3,MO,29,9,2,19,0,7.0,0.0,36.87,-89.62,36.98,-89.47,9.0,500,1,1,1,143,201,0,0,0
291,1986,05,15,1986-05-15,17:35:00,3,IL,17,4,1,0,0,4.0,0.0,37.42,-88.9,37.47,-88.75,6.0,10,1,1,1,87,0,0,0,0
295,1986,05,15,1986-05-15,17:55:00,3,IN,18,14,2,0,0,4.0,0.0,38.67,-87.17,0.0,0.0,0.2,10,1,1,1,27,0,0,0,0
293,1986,05,15,1986-05-15,18:30:00,3,MO,29,10,2,15,1,6.0,0.0,36.97,-89.7,37.02,-89.65,4.0,400,1,1,1,201,0,0,0,0
294,1986,05,15,1986-05-15,18:45:00,3,IL,17,5,1,0,0,5.0,0.0,39.48,-88.18,39.53,-88.02,8.0,10,1,1,1,29,0,0,0,0
296,1986,05,15,1986-05-15,19:00:00,3,IL,17,6,0,0,0,3.0,0.0,37.42,-88.48,0.0,0.0,0.2,10,1,1,1,151,0,0,0,0
297,1986,05,15,1986-05-15,19:04:00,3,IL,17,7,1,0,0,4.0,0.0,39.67,-87.9,39.72,-87.88,3.5,100,1,1,1,45,0,0,0,0
298,1986,05,15,1986-05-15,19:30:00,3,IL,17,8,2,0,0,0.0,0.0,39.53,-87.7,39.58,-87.57,5.0,10,1,1,1,45,0,0,0,0
299,1986,05,15,1986-05-15,19:45:00,3,IN,18,15,0,0,0,4.0,0.0,40.1,-87.52,40.13,-87.4,5.0,140,1,1,1,165,45,0,0,0
300,1986,05,15,1986-05-15,20:57:00,3,OH,39,13,1,0,0,5.0,0.0,41.47,-80.88,0.0,0.0,0.8,30,1,1,1,155,0,0,0,0
301,1986,05,16,1986-05-16,04:10:00,3,KS,20,19,1,0,0,5.0,0.0,39.63,-98.87,39.8,-98.55,18.0,100,1,1,1,183,0,0,0,0
302,1986,05,16,1986-05-16,15:00:00,3,KS,20,20,1,0,0,4.0,0.0,39.37,-97.28,39.4,-97.08,9.0,100,1,1,1,27,0,0,0,0
303,1986,05,16,1986-05-16,15:55:00,3,KS,20,21,1,0,0,3.0,0.0,37.03,-99.45,0.0,0.0,0.2,100,1,1,1,33,0,0,0,0
304,1986,05,16,1986-05-16,16:20:00,3,IL,17,9,0,0,0,0.0,0.0,40.02,-88.95,0.0,0.0,0.2,10,1,1,1,115,0,0,0,0
305,1986,05,16,1986-05-16,16:20:00,3,IL,17,10,0,0,0,0.0,0.0,39.8,-89.78,0.0,0.0,0.2,10,1,1,1,167,0,0,0,0
306,1986,05,16,1986-05-16,16:25:00,3,IL,17,11,0,0,0,0.0,0.0,39.67,-89.85,0.0,0.0,0.2,10,1,1,1,167,0,0,0,0
307,1986,05,16,1986-05-16,17:00:00,3,TX,48,62,0,0,0,0.0,0.0,34.6,-101.83,0.0,0.0,0.2,30,1,1,1,437,0,0,0,0
308,1986,05,16,1986-05-16,17:04:00,3,TX,48,63,0,0,0,0.0,0.0,34.33,-101.47,34.38,-101.3,11.0,100,1,1,1,45,0,0,0,0
309,1986,05,16,1986-05-16,17:12:00,3,TX,48,64,0,0,0,0.0,0.0,34.55,-101.73,34.77,-101.33,22.0,100,1,1,1,437,45,0,0,0
310,1986,05,16,1986-05-16,17:15:00,3,IL,17,12,1,0,0,3.0,0.0,40.22,-88.57,0.0,0.0,0.5,10,1,1,1,147,0,0,0,0
311,1986,05,16,1986-05-16,17:33:00,3,TX,48,65,0,0,0,0.0,0.0,34.7,-100.88,0.0,0.0,0.2,30,1,1,1,191,0,0,0,0
312,1986,05,16,1986-05-16,17:33:00,3,TX,48,66,0,0,0,0.0,0.0,34.78,-100.9,0.0,0.0,0.2,30,1,1,1,129,0,0,0,0
313,1986,05,16,1986-05-16,18:35:00,3,TX,48,67,0,0,0,0.0,0.0,34.02,-100.17,0.0,0.0,0.1,50,1,1,1,101,0,0,0,0
314,1986,05,16,1986-05-16,18:48:00,3,TX,48,68,0,0,0,0.0,0.0,33.98,-99.98,33.98,-99.88,5.0,200,1,1,1,155,0,0,0,0
315,1986,05,16,1986-05-16,19:10:00,3,TX,48,69,0,0,0,0.0,0.0,33.98,-99.92,33.98,-99.82,5.0,150,1,1,1,155,0,0,0,0
316,1986,05,16,1986-05-16,19:18:00,3,OK,40,19,1,0,0,4.0,0.0,36.72,-98.35,36.65,-98.3,5.0,30,1,1,1,3,0,0,0,0
317,1986,05,16,1986-05-16,20:00:00,3,OK,40,20,0,0,0,0.0,0.0,35.32,-99.13,0.0,0.0,0.2,23,1,1,1,149,0,0,0,0
318,1986,05,16,1986-05-16,20:10:00,3,OK,40,21,0,0,0,0.0,0.0,35.53,-98.88,0.0,0.0,0.5,50,1,1,1,39,0,0,0,0
319,1986,05,16,1986-05-16,20:13:00,3,TX,48,70,0,0,0,0.0,0.0,34.23,-99.73,0.0,0.0,0.2,10,1,1,1,197,0,0,0,0
320,1986,05,16,1986-05-16,20:23:00,3,TX,48,71,0,0,0,0.0,0.0,34.08,-99.37,0.0,0.0,0.2,10,1,1,1,487,0,0,0,0
321,1986,05,16,1986-05-16,20:35:00,3,OK,40,22,1,0,0,4.0,0.0,35.55,-98.45,0.0,0.0,0.2,50,1,1,1,15,0,0,0,0
322,1986,05,16,1986-05-16,20:45:00,3,TX,48,72,0,0,0,0.0,0.0,34.25,-99.53,0.0,0.0,0.2,10,1,1,1,197,0,0,0,0
323,1986,05,16,1986-05-16,20:51:00,3,TX,48,73,1,0,0,4.0,0.0,34.22,-99.5,0.0,0.0,2.0,150,1,1,1,197,0,0,0,0
324,1986,05,16,1986-05-16,20:53:00,3,TX,48,74,0,0,0,0.0,0.0,34.07,-99.4,0.0,0.0,0.2,10,1,1,1,487,0,0,0,0
325,1986,05,16,1986-05-16,21:30:00,3,OK,40,23,0,0,0,0.0,0.0,35.07,-98.27,0.0,0.0,0.2,50,1,1,1,15,0,0,0,0
326,1986,05,16,1986-05-16,21:44:00,3,OK,40,24,1,0,0,6.0,0.0,35.45,-97.45,0.0,0.0,2.0,50,1,1,1,109,0,0,0,0
327,1986,05,16,1986-05-16,21:50:00,3,TX,48,75,0,0,0,0.0,0.0,34.07,-99.28,0.0,0.0,0.2,10,1,1,1,487,0,0,0,0
328,1986,05,16,1986-05-16,22:00:00,3,OK,40,25,0,0,0,4.0,0.0,34.23,-98.65,0.0,0.0,0.2,50,1,1,1,141,0,0,0,0
329,1986,05,16,1986-05-16,23:09:00,3,OK,40,26,0,0,0,0.0,0.0,35.48,-96.78,0.0,0.0,0.2,50,1,1,1,81,0,0,0,0
330,1986,05,16,1986-05-16,23:10:00,3,OK,40,27,1,0,0,5.0,0.0,34.65,-97.17,0.0,0.0,0.5,73,1,1,1,49,0,0,0,0
331,1986,05,16,1986-05-16,23:10:00,3,OK,40,28,1,0,0,4.0,0.0,35.15,-97.02,0.0,0.0,0.5,73,1,1,1,125,0,0,0,0
332,1986,05,16,1986-05-16,23:30:00,3,OK,40,29,0,0,0,3.0,0.0,35.25,-94.98,0.0,0.0,0.2,73,1,1,1,61,0,0,0,0
333,1986,05,17,1986-05-17,01:20:00,3,OK,40,30,1,0,0,4.0,0.0,34.95,-95.08,0.0,0.0,2.0,100,1,1,1,77,0,0,0,0
334,1986,05,17,1986-05-17,02:10:00,3,OK,40,31,1,0,0,5.0,0.0,35.38,-94.63,0.0,0.0,2.0,123,1,1,1,135,0,0,0,0
335,1986,05,17,1986-05-17,09:45:00,3,TX,48,76,1,0,0,3.0,0.0,31.13,-97.73,0.0,0.0,0.2,10,1,1,1,27,0,0,0,0
336,1986,05,17,1986-05-17,10:55:00,3,TX,48,77,0,0,0,0.0,0.0,31.3,-96.9,0.0,0.0,0.2,10,1,1,1,145,0,0,0,0
337,1986,05,17,1986-05-17,11:00:00,3,TX,48,78,0,0,0,0.0,0.0,31.55,-96.95,0.0,0.0,0.2,10,1,1,1,309,0,0,0,0
338,1986,05,17,1986-05-17,16:17:00,3,TX,48,79,0,0,0,0.0,0.0,28.8,-97.43,0.0,0.0,1.0,30,1,1,1,175,0,0,0,0
339,1986,05,17,1986-05-17,16:17:00,3,TX,48,80,0,0,0,0.0,0.0,28.97,-97.05,0.0,0.0,1.0,30,1,1,1,469,0,0,0,0
340,1986,05,17,1986-05-17,17:40:00,3,MI,26,3,1,0,0,4.0,0.0,41.82,-84.88,41.88,-84.82,4.9,40,1,1,1,23,0,0,0,0
342,1986,05,17,1986-05-17,18:45:00,3,MI,26,4,0,0,0,0.0,0.0,42.53,-86.08,0.0,0.0,0.2,20,1,1,1,5,0,0,0,0
341,1986,05,17,1986-05-17,19:01:00,3,TX,48,81,0,0,0,0.0,0.0,31.75,-99.95,0.0,0.0,0.2,10,1,1,1,399,0,0,0,0
343,1986,05,18,1986-05-18,10:05:00,3,LA,22,8,0,0,0,0.0,0.0,32.3,-91.07,0.0,0.0,0.1,13,1,1,1,65,0,0,0,0
344,1986,05,18,1986-05-18,12:45:00,3,MS,28,25,1,0,0,4.0,0.0,33.98,-88.37,0.0,0.0,1.0,10,1,1,1,95,0,0,0,0
345,1986,05,18,1986-05-18,14:30:00,3,MS,28,26,1,0,0,5.0,0.0,31.88,-88.83,0.0,0.0,0.8,60,1,1,1,23,0,0,0,0
346,1986,05,19,1986-05-19,14:00:00,3,NC,37,4,2,5,0,5.0,0.0,34.87,-79.22,35.05,-79.03,19.0,100,1,1,1,93,51,0,0,0
347,1986,05,19,1986-05-19,23:00:00,3,ID,16,1,1,0,0,4.0,0.0,46.75,-116.75,0.0,0.0,2.0,40,1,1,1,57,0,0,0,0
348,1986,05,20,1986-05-20,00:20:00,3,FL,12,22,0,0,0,3.0,0.0,27.77,-82.67,0.0,0.0,1.0,30,1,1,1,103,0,0,0,0
349,1986,05,20,1986-05-20,13:00:00,3,FL,12,23,0,0,0,4.0,0.0,28.68,-81.47,0.0,0.0,2.0,30,1,1,1,95,0,0,0,0
350,1986,05,20,1986-05-20,17:00:00,3,FL,12,24,0,0,0,3.0,0.0,27.52,-82.53,0.0,0.0,2.0,30,1,1,1,81,0,0,0,0
351,1986,05,21,1986-05-21,16:30:00,3,ID,16,2,1,0,0,5.0,0.0,42.12,-112.33,42.03,-112.23,5.0,200,1,1,1,71,0,0,0,0
352,1986,05,21,1986-05-21,19:15:00,3,ID,16,3,1,0,0,4.0,0.0,42.42,-111.72,0.0,0.0,0.5,30,1,1,1,41,0,0,0,0
353,1986,05,24,1986-05-24,18:23:00,3,TX,48,82,0,0,0,0.0,0.0,32.33,-101.43,0.0,0.0,0.2,10,1,1,1,227,0,0,0,0
354,1986,05,24,1986-05-24,19:40:00,3,TX,48,83,0,0,0,0.0,0.0,32.07,-101.8,0.0,0.0,0.2,10,1,1,1,329,0,0,0,0
355,1986,05,24,1986-05-24,20:30:00,3,TX,48,84,0,0,0,0.0,0.0,33.15,-100.33,0.0,0.0,0.2,30,1,1,1,433,0,0,0,0
356,1986,05,24,1986-05-24,21:25:00,3,AL,1,8,1,0,0,2.0,0.0,34.15,-87.13,34.28,-87.12,10.0,30,1,1,1,133,43,0,0,0
357,1986,05,26,1986-05-26,12:00:00,3,TN,47,5,0,0,0,4.0,0.0,36.62,-85.2,0.0,0.0,0.8,23,1,1,1,137,0,0,0,0
358,1986,05,27,1986-05-27,12:00:00,3,KS,20,22,1,0,0,4.0,0.0,37.93,-95.2,0.0,0.0,2.0,50,1,1,1,1,0,0,0,0
359,1986,05,27,1986-05-27,12:10:00,3,KS,20,23,1,0,0,4.0,0.0,37.97,-95.17,0.0,0.0,1.0,50,1,1,1,1,0,0,0,0
360,1986,05,28,1986-05-28,22:08:00,3,NV,32,1,0,0,0,0.0,0.0,36.62,-115.57,36.63,-115.52,3.0,150,1,1,1,3,0,0,0,0
361,1986,05,29,1986-05-29,13:50:00,3,TX,48,85,0,0,0,0.0,0.0,33.38,-101.92,0.0,0.0,0.2,10,1,1,1,305,0,0,0,0
362,1986,05,30,1986-05-30,18:30:00,3,UT,49,1,1,0,0,1.0,0.0,37.67,-113.65,37.57,-113.7,3.5,200,1,1,1,21,53,0,0,0
363,1986,05,31,1986-05-31,16:14:00,3,TX,48,86,0,0,0,0.0,0.0,31.4,-100.5,0.0,0.0,0.2,40,1,1,1,451,0,0,0,0
364,1986,06,02,1986-06-02,13:20:00,3,TX,48,87,0,0,0,0.0,0.0,33.87,-101.68,0.0,0.0,0.2,30,1,1,1,189,0,0,0,0
365,1986,06,02,1986-06-02,13:20:00,3,TX,48,88,0,0,0,0.0,0.0,33.87,-101.72,0.0,0.0,0.2,30,1,1,1,189,0,0,0,0
366,1986,06,02,1986-06-02,16:20:00,3,TX,48,89,0,0,0,0.0,0.0,32.0,-102.08,0.0,0.0,0.2,30,1,1,1,329,0,0,0,0
367,1986,06,03,1986-06-03,13:34:00,3,FL,12,25,0,0,0,0.0,0.0,27.73,-81.95,0.0,0.0,0.5,20,1,1,1,105,0,0,0,0
368,1986,06,03,1986-06-03,15:15:00,3,FL,12,26,0,0,0,2.0,0.0,27.87,-82.85,0.0,0.0,0.5,20,1,1,1,103,0,0,0,0
369,1986,06,03,1986-06-03,21:53:00,3,SD,46,6,0,0,0,0.0,0.0,44.28,-102.72,0.0,0.0,0.1,13,1,1,1,93,0,0,0,0
370,1986,06,04,1986-06-04,12:45:00,3,TX,48,90,0,0,0,0.0,0.0,34.22,-102.85,0.0,0.0,0.2,30,1,1,1,17,0,0,0,0
371,1986,06,04,1986-06-04,13:00:00,3,TX,48,91,0,0,0,0.0,0.0,34.22,-102.77,0.0,0.0,0.2,30,1,1,1,17,0,0,0,0
372,1986,06,04,1986-06-04,13:10:00,3,TX,48,92,0,0,0,0.0,0.0,33.88,-102.12,0.0,0.0,0.2,40,1,1,1,279,0,0,0,0
373,1986,06,04,1986-06-04,13:10:00,3,TX,48,93,0,0,0,0.0,0.0,34.18,-101.7,0.0,0.0,0.2,40,1,1,1,189,0,0,0,0
374,1986,06,04,1986-06-04,13:40:00,3,TX,48,94,0,0,0,0.0,0.0,34.03,-102.8,0.0,0.0,0.2,30,1,1,1,17,0,0,0,0
375,1986,06,04,1986-06-04,13:55:00,3,TX,48,95,0,0,0,0.0,0.0,33.17,-95.25,0.0,0.0,0.2,10,1,1,1,159,0,0,0,0
376,1986,06,04,1986-06-04,15:20:00,3,IL,17,13,0,0,0,0.0,0.0,39.88,-90.02,39.88,-89.9,3.0,100,1,1,1,17,0,0,0,0
377,1986,06,04,1986-06-04,16:30:00,3,TX,48,96,0,0,0,0.0,0.0,33.62,-101.3,0.0,0.0,0.2,40,1,1,1,107,0,0,0,0
378,1986,06,04,1986-06-04,19:20:00,3,TX,48,97,0,0,0,0.0,0.0,33.58,-96.18,0.0,0.0,0.2,10,1,1,1,147,0,0,0,0
379,1986,06,04,1986-06-04,19:25:00,3,TX,48,98,0,0,0,0.0,0.0,33.58,-96.18,0.0,0.0,0.2,10,1,1,1,147,0,0,0,0
380,1986,06,04,1986-06-04,19:45:00,3,TX,48,99,0,0,0,0.0,0.0,33.63,-96.18,0.0,0.0,0.2,10,1,1,1,147,0,0,0,0
381,1986,06,06,1986-06-06,17:30:00,3,MT,30,3,0,0,0,0.0,0.0,48.97,-109.68,0.0,0.0,0.2,10,1,1,1,41,0,0,0,0
382,1986,06,06,1986-06-06,18:00:00,3,SD,46,7,0,0,0,0.0,0.0,45.93,-99.63,0.0,0.0,0.1,13,1,1,1,89,0,0,0,0
383,1986,06,06,1986-06-06,18:05:00,3,ND,38,6,0,0,0,0.0,0.0,45.98,-99.58,0.0,0.0,0.2,10,1,1,1,51,0,0,0,0
384,1986,06,06,1986-06-06,18:25:00,3,SD,46,8,0,0,0,0.0,0.0,45.35,-99.2,0.0,0.0,0.1,13,1,1,1,45,0,0,0,0
385,1986,06,07,1986-06-07,13:05:00,3,OK,40,32,0,0,0,4.0,0.0,35.27,-94.92,0.0,0.0,0.2,73,1,1,1,61,0,0,0,0
387,1986,06,07,1986-06-07,16:30:00,3,FL,12,27,0,0,0,2.0,0.0,30.57,-81.82,0.0,0.0,0.5,20,1,1,1,89,0,0,0,0
386,1986,06,07,1986-06-07,17:30:00,3,WY,56,1,2,0,0,5.0,0.0,43.22,-108.12,0.0,0.0,2.0,50,1,1,1,13,0,0,0,0
389,1986,06,07,1986-06-07,20:30:00,3,NE,31,24,0,0,0,1.0,0.0,42.0,-104.02,0.0,0.0,0.1,10,1,1,1,157,0,0,0,0
388,1986,06,07,1986-06-07,21:10:00,3,WY,56,2,0,0,0,0.0,0.0,42.2,-104.37,0.0,0.0,2.0,23,1,1,1,15,0,0,0,0
390,1986,06,08,1986-06-08,13:14:00,3,TX,48,100,0,0,0,0.0,0.0,34.82,-101.05,0.0,0.0,0.2,40,1,1,1,129,0,0,0,0
391,1986,06,08,1986-06-08,14:00:00,3,FL,12,28,0,0,0,2.0,0.0,26.67,-80.5,0.0,0.0,0.5,20,1,1,1,99,0,0,0,0
392,1986,06,08,1986-06-08,15:10:00,3,TX,48,101,0,0,0,0.0,0.0,34.85,-100.9,0.0,0.0,0.2,30,1,1,1,129,0,0,0,0
393,1986,06,08,1986-06-08,17:10:00,3,CO,8,7,2,6,0,6.0,0.0,39.72,-104.9,39.72,-104.85,1.1,50,1,1,1,31,5,0,0,0
394,1986,06,08,1986-06-08,17:15:00,3,CO,8,8,2,0,0,0.0,0.0,39.83,-104.6,0.0,0.0,2.0,100,1,1,1,1,0,0,0,0
395,1986,06,08,1986-06-08,17:20:00,3,CO,8,9,1,0,0,0.0,0.0,39.83,-104.6,0.0,0.0,2.0,100,1,1,1,1,0,0,0,0
396,1986,06,08,1986-06-08,17:20:00,3,CO,8,10,1,0,0,0.0,0.0,39.83,-104.6,0.0,0.0,2.0,100,1,1,1,1,0,0,0,0
397,1986,06,08,1986-06-08,18:30:00,3,CO,8,11,1,0,0,0.0,0.0,38.48,-102.52,0.0,0.0,0.5,50,1,1,1,61,0,0,0,0
398,1986,06,08,1986-06-08,18:50:00,3,WY,56,3,0,0,0,0.0,0.0,41.42,-104.1,0.0,0.0,2.0,23,1,1,1,21,0,0,0,0
399,1986,06,08,1986-06-08,20:05:00,3,WY,56,4,0,0,0,0.0,0.0,42.53,-104.45,0.0,0.0,1.0,23,1,1,1,15,0,0,0,0
400,1986,06,09,1986-06-09,10:00:00,3,TX,48,102,0,0,0,0.0,0.0,31.35,-94.6,0.0,0.0,0.2,10,1,1,1,5,0,0,0,0
401,1986,06,09,1986-06-09,11:20:00,3,CO,8,12,1,0,0,0.0,0.0,40.05,-104.73,0.0,0.0,0.2,30,1,1,1,123,0,0,0,0
402,1986,06,09,1986-06-09,14:30:00,3,MO,29,11,1,0,0,3.0,0.0,36.13,-89.78,0.0,0.0,0.5,50,1,1,1,155,0,0,0,0
405,1986,06,09,1986-06-09,14:30:00,3,GA,13,8,1,0,0,4.0,0.0,32.75,-81.82,0.0,0.0,0.5,50,1,1,1,251,0,0,0,0
403,1986,06,09,1986-06-09,14:50:00,3,MO,29,12,1,0,0,0.0,0.0,36.1,-89.93,0.0,0.0,0.5,73,1,1,1,155,0,0,0,0
404,1986,06,09,1986-06-09,15:05:00,3,MO,29,13,1,0,0,0.0,0.0,36.18,-89.75,0.0,0.0,0.2,50,1,1,1,155,0,0,0,0
406,1986,06,09,1986-06-09,15:45:00,3,MO,29,14,1,0,0,0.0,0.0,36.28,-89.65,0.0,0.0,0.5,50,1,1,1,155,0,0,0,0
407,1986,06,09,1986-06-09,17:30:00,3,CO,8,13,1,0,0,0.0,0.0,39.02,-103.32,0.0,0.0,0.5,40,1,1,1,73,0,0,0,0
410,1986,06,10,1986-06-10,12:20:00,3,OH,39,14,1,0,0,5.0,0.0,39.2,-83.63,39.22,-83.58,3.5,73,1,1,1,71,0,0,0,0
408,1986,06,10,1986-06-10,13:10:00,3,SD,46,9,0,0,0,0.0,0.0,43.3,-98.38,0.0,0.0,0.1,13,1,1,1,43,0,0,0,0
409,1986,06,10,1986-06-10,13:10:00,3,SD,46,10,0,0,0,0.0,0.0,43.33,-98.32,0.0,0.0,0.1,13,1,1,1,43,0,0,0,0
412,1986,06,10,1986-06-10,16:30:00,3,OH,39,15,1,0,0,5.0,0.0,39.92,-83.45,39.92,-83.17,15.0,73,1,1,1,97,49,0,0,0
411,1986,06,10,1986-06-10,17:02:00,3,KS,20,24,0,0,0,3.0,0.0,37.07,-96.5,0.0,0.0,0.1,50,1,1,1,19,0,0,0,0
413,1986,06,10,1986-06-10,17:55:00,3,IA,19,18,0,0,0,0.0,0.0,43.1,-95.67,0.0,0.0,0.1,13,1,1,1,141,0,0,0,0
414,1986,06,10,1986-06-10,18:03:00,3,OH,39,16,1,0,0,6.0,0.0,41.52,-83.1,41.53,-82.78,18.0,73,1,1,1,123,0,0,0,0
415,1986,06,10,1986-06-10,19:30:00,3,NE,31,25,1,0,0,3.0,0.0,40.48,-98.28,40.5,-98.25,2.0,50,1,1,1,1,35,0,0,0
416,1986,06,10,1986-06-10,20:05:00,3,IA,19,19,0,0,0,2.0,0.0,40.98,-93.27,0.0,0.0,0.1,10,1,1,1,117,0,0,0,0
417,1986,06,10,1986-06-10,20:43:00,3,IA,19,20,0,0,0,3.0,0.0,41.32,-92.93,0.0,0.0,0.1,13,1,1,1,125,0,0,0,0
420,1986,06,10,1986-06-10,21:00:00,3,OH,39,17,1,0,0,4.0,0.0,41.85,-80.85,0.0,0.0,0.3,100,1,1,1,7,0,0,0,0
418,1986,06,10,1986-06-10,21:30:00,3,IA,19,21,1,0,0,5.0,0.0,41.83,-92.07,0.0,0.0,0.2,23,1,1,1,95,0,0,0,0
419,1986,06,10,1986-06-10,21:40:00,3,IA,19,22,1,0,0,5.0,0.0,41.8,-91.93,0.0,0.0,0.2,23,1,1,1,95,0,0,0,0
421,1986,06,11,1986-06-11,14:50:00,3,WI,55,1,2,0,0,5.0,0.0,43.6,-88.35,43.7,-88.25,8.0,100,1,1,1,39,0,0,0,0
422,1986,06,11,1986-06-11,17:20:00,3,AL,1,9,1,0,0,3.0,0.0,34.87,-87.58,34.88,-87.52,3.5,500,1,1,1,77,0,0,0,0
423,1986,06,12,1986-06-12,06:20:00,3,FL,12,29,0,0,0,4.0,0.0,27.77,-82.67,0.0,0.0,2.0,40,1,1,1,103,0,0,0,0
424,1986,06,12,1986-06-12,20:00:00,3,WY,56,5,1,0,0,0.0,0.0,43.02,-106.63,0.0,0.0,1.0,23,1,1,1,25,0,0,0,0
425,1986,06,13,1986-06-13,17:10:00,3,WY,56,6,0,0,0,0.0,0.0,41.85,-104.83,41.87,-104.62,15.0,23,1,1,1,31,0,0,0,0
426,1986,06,13,1986-06-13,18:58:00,3,CO,8,14,1,0,0,0.0,0.0,39.1,-102.35,0.0,0.0,0.5,40,1,1,1,63,0,0,0,0
427,1986,06,13,1986-06-13,19:20:00,3,WY,56,7,0,0,0,2.0,0.0,41.38,-104.15,0.0,0.0,1.0,23,1,1,1,21,0,0,0,0
428,1986,06,15,1986-06-15,14:47:00,3,ND,38,7,0,0,0,0.0,0.0,47.5,-99.62,0.0,0.0,0.2,10,1,1,1,103,0,0,0,0
429,1986,06,15,1986-06-15,16:46:00,3,ND,38,8,0,0,0,0.0,0.0,47.23,-98.2,0.0,0.0,0.2,10,1,1,1,3,0,0,0,0
430,1986,06,15,1986-06-15,16:50:00,3,ND,38,9,2,0,0,6.0,0.0,47.32,-98.23,0.0,0.0,2.0,100,1,1,1,39,0,0,0,0
431,1986,06,15,1986-06-15,17:00:00,3,ND,38,10,2,0,0,5.0,0.0,47.27,-98.13,0.0,0.0,0.1,30,1,1,1,39,0,0,0,0
432,1986,06,15,1986-06-15,19:30:00,3,MN,27,6,1,0,0,3.0,0.0,44.23,-94.1,44.22,-94.02,3.0,100,1,1,1,103,0,0,0,0
433,1986,06,16,1986-06-16,09:15:00,3,NY,36,1,1,2,0,5.0,0.0,41.75,-74.6,0.0,0.0,1.0,100,1,1,1,105,0,0,0,0
434,1986,06,16,1986-06-16,10:50:00,3,NH,33,1,1,0,0,5.0,0.0,42.9,-72.22,42.97,-71.97,12.0,30,1,1,1,5,11,0,0,0
435,1986,06,16,1986-06-16,16:15:00,3,TX,48,103,0,0,0,0.0,0.0,32.93,-99.78,0.0,0.0,0.2,10,1,1,1,253,0,0,0,0
436,1986,06,16,1986-06-16,16:45:00,3,TX,48,104,0,0,0,0.0,0.0,32.45,-99.65,0.0,0.0,0.2,10,1,1,1,441,0,0,0,0
437,1986,06,16,1986-06-16,16:50:00,3,TX,48,105,0,0,0,0.0,0.0,32.4,-99.5,0.0,0.0,0.2,10,1,1,1,59,0,0,0,0
438,1986,06,16,1986-06-16,20:00:00,3,NY,36,2,0,0,0,5.0,0.0,42.63,-75.03,0.0,0.0,0.5,100,1,1,1,77,0,0,0,0
439,1986,06,17,1986-06-17,14:30:00,3,NC,37,5,0,0,0,3.0,0.0,35.45,-76.17,0.0,0.0,0.2,13,1,1,1,95,0,0,0,0
440,1986,06,17,1986-06-17,14:45:00,3,NC,37,6,2,0,0,5.0,0.0,35.45,-76.17,0.0,0.0,0.5,60,1,1,1,95,0,0,0,0
441,1986,06,18,1986-06-18,11:13:00,3,TX,48,106,0,0,0,0.0,0.0,32.3,-101.8,0.0,0.0,0.2,30,1,1,1,317,0,0,0,0
442,1986,06,18,1986-06-18,11:21:00,3,TX,48,107,0,0,0,0.0,0.0,32.18,-101.87,0.0,0.0,0.2,30,1,1,1,317,0,0,0,0
443,1986,06,18,1986-06-18,11:33:00,3,TX,48,108,0,0,0,0.0,0.0,32.37,-101.8,32.18,-101.63,17.0,60,1,1,1,317,227,0,0,0
444,1986,06,18,1986-06-18,11:45:00,3,TX,48,109,0,0,0,0.0,0.0,32.52,-101.58,0.0,0.0,0.2,50,1,1,1,227,0,0,0,0
445,1986,06,19,1986-06-19,13:10:00,3,FL,12,30,0,0,0,4.0,0.0,28.12,-81.62,0.0,0.0,0.5,30,1,1,1,105,0,0,0,0
446,1986,06,19,1986-06-19,20:40:00,3,MI,26,5,2,0,0,6.0,0.0,41.92,-86.0,0.0,0.0,1.3,700,1,1,1,27,0,0,0,0
447,1986,06,20,1986-06-20,12:15:00,3,NC,37,7,0,0,0,3.0,0.0,35.83,-75.63,0.0,0.0,2.0,100,1,1,1,55,0,0,0,0
448,1986,06,20,1986-06-20,12:35:00,3,NC,37,8,0,0,0,0.0,0.0,35.5,-75.9,0.0,0.0,0.5,50,1,1,1,95,0,0,0,0
449,1986,06,20,1986-06-20,12:46:00,3,NC,37,9,0,0,0,0.0,0.0,35.5,-75.48,0.0,0.0,0.2,23,1,1,1,55,0,0,0,0
450,1986,06,20,1986-06-20,18:05:00,3,MN,27,7,1,0,0,4.0,0.0,45.63,-93.63,0.0,0.0,0.2,20,1,1,1,95,0,0,0,0
451,1986,06,21,1986-06-21,02:15:00,3,FL,12,31,1,0,0,5.0,0.0,25.0,-80.55,0.0,0.0,0.1,30,1,1,1,87,0,0,0,0
452,1986,06,21,1986-06-21,14:30:00,3,MN,27,8,0,0,0,0.0,0.0,45.78,-95.7,0.0,0.0,0.2,20,1,1,1,41,0,0,0,0
453,1986,06,21,1986-06-21,16:20:00,3,MN,27,9,1,0,0,3.0,0.0,46.78,-92.92,46.72,-92.92,2.0,40,1,1,1,137,17,0,0,0
454,1986,06,21,1986-06-21,16:40:00,3,MN,27,10,1,0,0,3.0,0.0,46.62,-92.57,0.0,0.0,0.5,40,1,1,1,17,0,0,0,0
455,1986,06,21,1986-06-21,18:20:00,3,WI,55,2,1,0,0,5.0,0.0,45.8,-90.3,0.0,0.0,0.5,73,1,1,1,113,0,0,0,0
456,1986,06,21,1986-06-21,19:15:00,3,NE,31,26,1,0,0,3.0,0.0,41.97,-101.03,0.0,0.0,0.2,20,1,1,1,91,0,0,0,0
457,1986,06,21,1986-06-21,20:20:00,3,NE,31,27,0,0,0,2.0,0.0,41.37,-100.03,0.0,0.0,0.1,20,1,1,1,41,0,0,0,0
458,1986,06,21,1986-06-21,21:04:00,3,NE,31,28,1,0,0,5.0,0.0,41.92,-99.13,41.88,-99.0,8.0,40,1,1,1,71,0,0,0,0
459,1986,06,21,1986-06-21,22:57:00,3,SD,46,11,1,0,0,3.0,0.0,43.08,-97.17,0.0,0.0,0.2,23,1,1,1,27,0,0,0,0
460,1986,06,22,1986-06-22,01:15:00,3,MN,27,11,0,0,0,2.0,0.0,43.63,-93.6,0.0,0.0,0.2,50,1,1,1,47,0,0,0,0
461,1986,06,22,1986-06-22,19:35:00,3,OH,39,18,1,0,0,5.0,0.0,40.05,-82.4,0.0,0.0,2.0,47,1,1,1,89,0,0,0,0
462,1986,06,24,1986-06-24,22:00:00,3,ID,16,4,1,0,0,3.0,0.0,42.6,-114.82,0.0,0.0,0.5,60,1,1,1,83,0,0,0,0
463,1986,06,26,1986-06-26,11:45:00,3,FL,12,32,0,0,0,0.0,0.0,26.82,-80.65,0.0,0.0,0.5,20,1,1,1,99,0,0,0,0
465,1986,06,26,1986-06-26,14:25:00,3,MI,26,6,1,0,0,3.0,0.0,44.52,-85.93,0.0,0.0,0.7,20,1,1,1,19,0,0,0,0
464,1986,06,26,1986-06-26,14:57:00,3,NE,31,29,1,0,0,4.0,0.0,40.75,-99.53,0.0,0.0,0.3,50,1,1,1,47,0,0,0,0
466,1986,06,26,1986-06-26,15:37:00,3,ND,38,11,0,0,0,0.0,0.0,48.93,-100.43,0.0,0.0,0.2,10,1,1,1,9,0,0,0,0
467,1986,06,26,1986-06-26,16:30:00,3,MN,27,12,0,0,0,0.0,0.0,46.47,-96.1,0.0,0.0,0.2,20,1,1,1,111,0,0,0,0
468,1986,06,26,1986-06-26,16:36:00,3,ND,38,12,3,1,0,6.0,0.0,48.93,-100.6,48.78,-100.5,8.0,2000,1,1,1,9,0,0,0,0
469,1986,06,26,1986-06-26,16:37:00,3,MN,27,13,0,0,0,0.0,0.0,46.57,-96.08,0.0,0.0,0.3,20,1,1,1,111,0,0,0,0
470,1986,06,26,1986-06-26,16:45:00,3,MN,27,14,1,0,0,4.0,0.0,46.52,-96.3,0.0,0.0,1.0,20,1,1,1,167,0,0,0,0
471,1986,06,26,1986-06-26,20:17:00,3,WI,55,3,2,0,0,5.0,0.0,43.93,-90.88,43.97,-90.82,5.5,100,1,1,1,81,0,0,0,0
472,1986,06,27,1986-06-27,01:10:00,3,LA,22,9,1,0,0,4.0,0.0,32.08,-93.82,0.0,0.0,0.1,23,1,1,1,31,0,0,0,0
473,1986,06,27,1986-06-27,18:00:00,3,ND,38,13,0,0,0,4.0,0.0,47.37,-102.77,0.0,0.0,0.2,10,1,1,1,25,0,0,0,0
474,1986,06,27,1986-06-27,18:08:00,3,LA,22,10,1,0,0,4.0,0.0,33.0,-93.47,0.0,0.0,0.1,100,1,1,1,119,0,0,0,0
475,1986,06,27,1986-06-27,18:22:00,3,LA,22,11,2,5,0,5.0,0.0,33.0,-93.48,0.0,0.0,0.3,200,1,1,1,119,0,0,0,0
476,1986,06,27,1986-06-27,18:25:00,3,LA,22,12,1,2,0,5.0,0.0,32.97,-93.35,0.0,0.0,0.1,100,1,1,1,119,0,0,0,0
477,1986,06,27,1986-06-27,18:40:00,3,LA,22,13,1,0,0,4.0,0.0,32.93,-93.3,0.0,0.0,0.1,100,1,1,1,119,0,0,0,0
478,1986,06,28,1986-06-28,12:20:00,3,NC,37,10,0,0,0,0.0,0.0,36.4,-76.75,0.0,0.0,1.0,37,1,1,1,73,0,0,0,0
479,1986,06,28,1986-06-28,13:19:00,3,NC,37,11,1,0,0,4.0,0.0,36.18,-76.68,0.0,0.0,1.0,50,1,1,1,41,0,0,0,0
480,1986,06,28,1986-06-28,16:00:00,3,FL,12,33,0,0,0,4.0,0.0,28.82,-82.5,0.0,0.0,0.5,30,1,1,1,17,0,0,0,0
481,1986,06,28,1986-06-28,20:27:00,3,NE,31,30,0,0,0,1.0,0.0,42.7,-97.77,0.0,0.0,0.1,20,1,1,1,107,0,0,0,0
482,1986,06,29,1986-06-29,08:30:00,3,ND,38,14,1,0,0,5.0,0.0,46.28,-101.68,0.0,0.0,0.2,10,1,1,1,37,0,0,0,0
483,1986,06,29,1986-06-29,12:00:00,3,MT,30,4,0,0,0,0.0,0.0,48.07,-112.42,0.0,0.0,0.2,10,1,1,1,99,0,0,0,0
484,1986,06,29,1986-06-29,14:55:00,3,SD,46,12,0,0,0,0.0,0.0,43.28,-97.75,0.0,0.0,0.1,30,1,1,1,67,0,0,0,0
485,1986,06,29,1986-06-29,16:25:00,3,SD,46,13,0,0,0,0.0,0.0,43.58,-98.22,0.0,0.0,1.2,33,1,1,1,35,0,0,0,0
486,1986,06,29,1986-06-29,20:02:00,3,NE,31,31,1,0,0,4.0,0.0,41.3,-97.55,0.0,0.0,0.3,50,1,1,1,143,0,0,0,0
487,1986,06,29,1986-06-29,20:12:00,3,NE,31,32,1,0,0,5.0,0.0,41.27,-97.67,0.0,0.0,0.3,50,1,1,1,143,0,0,0,0
488,1986,06,29,1986-06-29,21:05:00,3,IA,19,23,2,0,0,6.0,0.0,41.85,-94.57,0.0,0.0,1.0,50,1,1,1,77,0,0,0,0
489,1986,06,29,1986-06-29,21:10:00,3,NE,31,33,1,0,0,1.0,0.0,42.2,-103.65,0.0,0.0,0.1,20,1,1,1,165,0,0,0,0
490,1986,06,29,1986-06-29,21:50:00,3,IA,19,24,2,0,0,5.0,0.0,41.52,-94.53,0.0,0.0,2.0,73,1,1,1,77,0,0,0,0
491,1986,06,29,1986-06-29,22:35:00,3,IA,19,25,2,0,0,6.0,0.0,41.58,-93.73,41.6,-93.62,5.0,50,1,1,1,153,0,0,0,0
492,1986,06,30,1986-06-30,01:40:00,3,IL,17,14,1,1,0,4.0,0.0,40.55,-91.38,0.0,0.0,0.3,10,1,1,1,67,0,0,0,0
493,1986,06,30,1986-06-30,04:00:00,3,IL,17,15,0,0,0,0.0,0.0,40.48,-88.37,40.53,-88.33,4.0,123,1,1,1,53,0,0,0,0
494,1986,06,30,1986-06-30,20:05:00,3,TX,48,110,0,0,0,0.0,0.0,35.97,-102.12,0.0,0.0,0.2,30,1,1,1,341,0,0,0,0
495,1986,06,30,1986-06-30,20:15:00,3,ND,38,15,0,0,0,0.0,0.0,46.9,-101.98,0.0,0.0,0.2,10,1,1,1,59,0,0,0,0
496,1986,06,30,1986-06-30,20:34:00,3,ND,38,16,0,0,0,0.0,0.0,46.83,-101.93,0.0,0.0,0.2,10,1,1,1,59,0,0,0,0
497,1986,06,30,1986-06-30,21:50:00,3,ND,38,17,0,0,0,5.0,0.0,46.75,-101.5,0.0,0.0,0.2,10,1,1,1,59,0,0,0,0
498,1986,07,01,1986-07-01,13:26:00,3,IN,18,16,0,0,0,0.0,0.0,37.95,-87.42,0.0,0.0,0.1,10,1,1,1,173,0,0,0,0
499,1986,07,01,1986-07-01,13:35:00,3,NC,37,12,1,0,0,4.0,0.0,35.38,-79.05,35.38,-78.95,5.0,150,1,1,1,85,0,0,0,0
500,1986,07,01,1986-07-01,14:16:00,3,NC,37,13,0,0,0,3.0,0.0,35.52,-78.77,0.0,0.0,0.2,23,1,1,1,85,0,0,0,0
501,1986,07,01,1986-07-01,22:15:00,6,NM,35,1,0,0,0,0.0,0.0,32.7,-103.15,0.0,0.0,0.2,10,1,1,1,25,0,0,0,0
502,1986,07,02,1986-07-02,14:56:00,3,NE,31,34,0,0,0,1.0,0.0,40.1,-101.02,0.0,0.0,0.1,10,1,1,1,87,0,0,0,0
503,1986,07,02,1986-07-02,18:30:00,3,NC,37,14,2,10,3,5.0,0.0,34.75,-77.42,0.0,0.0,1.5,33,1,1,1,133,0,0,0,0
504,1986,07,04,1986-07-04,19:00:00,3,WY,56,8,1,0,0,4.0,0.0,44.63,-104.18,0.0,0.0,2.0,50,1,1,1,11,0,0,0,0
505,1986,07,04,1986-07-04,19:00:00,3,WI,55,4,3,12,0,5.0,0.0,45.73,-88.0,45.65,-87.43,24.3,840,2,0,1,0,0,0,0,0
505,1986,07,04,1986-07-04,19:00:00,3,WI,55,4,3,0,0,5.0,0.0,45.73,-88.0,45.68,-87.77,8.0,100,2,1,2,75,0,0,0,0
505,1986,07,04,1986-07-04,19:20:00,3,MI,26,7,3,12,0,6.0,0.0,45.68,-87.77,45.65,-87.43,16.3,750,2,1,2,109,0,0,0,0
506,1986,07,04,1986-07-04,19:35:00,3,WI,55,5,2,0,0,5.0,0.0,45.73,-89.63,0.0,0.0,1.5,100,1,1,1,85,0,0,0,0
507,1986,07,05,1986-07-05,12:15:00,3,FL,12,34,0,0,0,3.0,0.0,28.0,-81.58,0.0,0.0,1.0,30,1,1,1,105,0,0,0,0
508,1986,07,05,1986-07-05,16:43:00,3,NE,31,35,0,0,0,1.0,0.0,40.62,-97.83,0.0,0.0,0.1,30,1,1,1,35,0,0,0,0
509,1986,07,05,1986-07-05,17:25:00,3,MN,27,15,0,0,0,4.0,0.0,45.77,-93.08,0.0,0.0,1.0,20,1,1,1,115,0,0,0,0
510,1986,07,06,1986-07-06,17:24:00,3,KS,20,25,0,0,0,0.0,0.0,37.38,-96.98,0.0,0.0,0.1,10,1,1,1,35,0,0,0,0
511,1986,07,06,1986-07-06,18:20:00,3,IL,17,16,0,0,0,0.0,0.0,42.23,-88.33,42.35,-88.1,12.0,10,1,1,1,111,97,0,0,0
512,1986,07,08,1986-07-08,20:15:00,3,IA,19,26,0,0,0,0.0,0.0,40.65,-93.98,0.0,0.0,0.2,10,1,1,1,53,0,0,0,0
513,1986,07,08,1986-07-08,21:45:00,3,IA,19,27,0,0,0,0.0,0.0,40.8,-93.98,0.0,0.0,0.2,10,1,1,1,53,0,0,0,0
514,1986,07,09,1986-07-09,19:00:00,3,CO,8,15,1,0,0,4.0,0.0,40.1,-102.23,0.0,0.0,1.0,40,1,1,1,125,0,0,0,0
515,1986,07,10,1986-07-10,11:55:00,3,ND,38,18,0,0,0,0.0,0.0,47.75,-98.12,0.0,0.0,0.2,13,1,1,1,63,0,0,0,0
516,1986,07,10,1986-07-10,13:40:00,3,ND,38,19,0,0,0,0.0,0.0,47.52,-97.73,0.0,0.0,0.2,13,1,1,1,91,0,0,0,0
517,1986,07,10,1986-07-10,18:03:00,3,ND,38,20,0,0,0,0.0,0.0,46.88,-97.05,0.0,0.0,0.2,13,1,1,1,17,0,0,0,0
518,1986,07,10,1986-07-10,18:24:00,3,ND,38,21,0,0,0,0.0,0.0,46.97,-97.53,0.0,0.0,0.2,13,1,1,1,17,0,0,0,0
519,1986,07,11,1986-07-11,16:00:00,3,WI,55,6,1,0,0,5.0,0.0,43.07,-89.42,0.0,0.0,0.8,50,1,1,1,25,0,0,0,0
520,1986,07,11,1986-07-11,17:00:00,3,NE,31,36,1,0,0,4.0,0.0,41.88,-99.23,0.0,0.0,0.3,30,1,1,1,115,0,0,0,0
521,1986,07,11,1986-07-11,17:35:00,3,ND,38,22,0,0,0,4.0,0.0,48.48,-98.53,0.0,0.0,0.2,13,1,1,1,71,0,0,0,0
523,1986,07,11,1986-07-11,18:30:00,3,KY,21,9,1,0,0,4.0,0.0,38.42,-82.95,0.0,0.0,0.1,50,1,1,1,43,0,0,0,0
522,1986,07,11,1986-07-11,19:23:00,3,TX,48,111,0,0,0,3.0,0.0,31.65,-99.98,0.0,0.0,0.2,10,1,1,1,399,0,0,0,0
524,1986,07,11,1986-07-11,19:40:00,3,TX,48,112,0,0,0,0.0,0.0,31.52,-100.05,0.0,0.0,0.2,10,1,1,1,95,0,0,0,0
525,1986,07,11,1986-07-11,20:00:00,3,KY,21,10,1,1,0,4.0,0.0,37.83,-85.95,0.0,0.0,0.2,50,1,1,1,93,0,0,0,0
526,1986,07,11,1986-07-11,21:10:00,3,NE,31,37,1,0,0,5.0,0.0,40.92,-98.35,0.0,0.0,0.5,50,1,1,1,79,0,0,0,0
527,1986,07,12,1986-07-12,12:07:00,3,OH,39,19,2,0,0,4.0,0.0,38.58,-84.55,0.0,0.0,0.1,73,1,1,1,135,0,0,0,0
528,1986,07,12,1986-07-12,13:24:00,3,WI,55,7,0,0,0,0.0,0.0,43.17,-88.58,0.0,0.0,0.2,23,1,1,1,55,0,0,0,0
529,1986,07,12,1986-07-12,15:32:00,3,OH,39,20,2,0,0,6.0,0.0,41.23,-84.35,41.22,-84.32,3.3,73,1,1,1,39,0,0,0,0
531,1986,07,12,1986-07-12,16:30:00,3,IN,18,17,1,0,0,3.0,0.0,40.88,-85.12,40.88,-85.05,7.0,10,1,1,1,179,1,0,0,0
530,1986,07,12,1986-07-12,17:00:00,3,WI,55,8,0,0,0,3.0,0.0,43.32,-88.78,0.0,0.0,0.1,23,1,1,1,27,0,0,0,0
532,1986,07,12,1986-07-12,17:45:00,3,WI,55,9,0,0,0,2.0,0.0,43.32,-88.5,0.0,0.0,0.1,23,1,1,1,27,0,0,0,0
533,1986,07,12,1986-07-12,18:55:00,3,TX,48,113,0,0,0,0.0,0.0,35.05,-101.43,0.0,0.0,0.2,30,1,1,1,11,0,0,0,0
534,1986,07,13,1986-07-13,11:30:00,3,PA,42,1,1,0,0,4.0,0.0,41.23,-76.73,41.47,-76.57,17.0,100,1,1,1,81,113,0,0,0
535,1986,07,13,1986-07-13,15:25:00,3,NY,36,3,1,5,0,5.0,0.0,43.32,-76.42,43.18,-76.28,11.0,10,1,1,1,75,67,0,0,0
536,1986,07,13,1986-07-13,22:47:00,3,IA,19,28,2,0,0,5.0,0.0,41.02,-93.82,0.0,0.0,1.0,50,1,1,1,39,0,0,0,0
537,1986,07,13,1986-07-13,23:20:00,3,IA,19,29,1,0,0,5.0,0.0,40.88,-93.58,0.0,0.0,0.5,40,1,1,1,53,0,0,0,0
538,1986,07,14,1986-07-14,14:00:00,3,FL,12,35,0,0,0,0.0,0.0,26.65,-80.6,0.0,0.0,0.1,10,1,1,1,99,0,0,0,0
539,1986,07,15,1986-07-15,18:38:00,3,MI,26,8,2,0,0,5.0,0.0,42.55,-85.52,42.25,-84.75,42.5,440,1,1,1,15,25,0,0,0
540,1986,07,15,1986-07-15,20:23:00,3,MI,26,9,0,0,0,0.0,0.0,42.0,-84.18,0.0,0.0,0.2,13,1,1,1,91,0,0,0,0
541,1986,07,17,1986-07-17,05:00:00,3,ND,38,23,1,0,0,4.0,0.0,47.75,-101.83,0.0,0.0,0.2,13,1,1,1,55,0,0,0,0
542,1986,07,17,1986-07-17,11:45:00,3,ND,38,24,0,0,0,4.0,0.0,46.45,-96.85,0.0,0.0,0.2,13,1,1,1,77,0,0,0,0
543,1986,07,17,1986-07-17,16:53:00,3,SD,46,14,0,0,0,0.0,0.0,45.58,-98.65,0.0,0.0,0.1,23,1,1,1,13,0,0,0,0
544,1986,07,18,1986-07-18,14:45:00,3,SD,46,15,2,0,0,4.0,0.0,44.57,-97.45,44.58,-97.1,14.0,100,1,1,1,57,0,0,0,0
545,1986,07,18,1986-07-18,15:38:00,3,SD,46,16,2,0,0,4.0,0.0,44.57,-96.7,44.58,-96.48,17.0,150,1,1,1,39,0,0,0,0
546,1986,07,18,1986-07-18,15:47:00,3,MN,27,16,2,0,0,6.0,0.0,45.0,-93.28,45.15,-93.28,4.0,833,1,1,1,53,3,0,0,0
547,1986,07,18,1986-07-18,16:00:00,3,SD,46,17,2,0,0,3.0,0.0,45.52,-102.23,45.4,-102.1,10.5,140,1,1,1,105,0,0,0,0
548,1986,07,18,1986-07-18,16:15:00,3,SD,46,18,0,0,0,0.0,0.0,45.53,-102.35,0.0,0.0,0.1,40,1,1,1,105,0,0,0,0
549,1986,07,19,1986-07-19,21:45:00,3,MI,26,10,1,0,0,3.0,0.0,43.08,-83.18,43.07,-83.12,2.3,40,1,1,1,87,0,0,0,0
550,1986,07,21,1986-07-21,12:30:00,3,MS,28,27,1,0,0,5.0,0.0,31.2,-91.02,0.0,0.0,1.0,50,1,1,1,5,0,0,0,0
551,1986,07,21,1986-07-21,14:45:00,3,CA,6,7,0,0,0,0.0,0.0,34.72,-117.03,0.0,0.0,0.2,10,1,1,1,71,0,0,0,0
552,1986,07,24,1986-07-24,14:15:00,3,WI,55,10,1,0,0,5.0,0.0,45.92,-89.53,0.0,0.0,0.2,50,1,1,1,125,0,0,0,0
553,1986,07,24,1986-07-24,15:00:00,3,NE,31,38,1,0,0,3.0,0.0,40.95,-98.4,0.0,0.0,0.3,40,1,1,1,79,0,0,0,0
554,1986,07,24,1986-07-24,16:20:00,3,NE,31,39,1,0,0,5.0,0.0,41.7,-97.75,0.0,0.0,0.1,20,1,1,1,141,0,0,0,0
555,1986,07,25,1986-07-25,13:20:00,3,MI,26,11,0,0,0,0.0,0.0,44.02,-84.9,0.0,0.0,0.1,13,1,1,1,35,0,0,0,0
556,1986,07,25,1986-07-25,14:20:00,3,GA,13,9,1,0,0,4.0,0.0,32.7,-81.63,0.0,0.0,0.5,53,1,1,1,251,0,0,0,0
557,1986,07,25,1986-07-25,16:05:00,3,MI,26,12,1,1,0,4.0,0.0,42.92,-83.73,42.92,-83.62,5.7,73,1,1,1,49,0,0,0,0
558,1986,07,26,1986-07-26,07:50:00,3,NY,36,4,1,0,0,5.0,0.0,44.57,-74.25,0.0,0.0,1.0,150,1,1,1,33,0,0,0,0
559,1986,07,26,1986-07-26,10:30:00,3,NY,36,5,2,2,0,6.0,0.0,41.6,-74.47,0.0,0.0,0.5,100,1,1,1,111,0,0,0,0
560,1986,07,26,1986-07-26,12:30:00,3,SC,45,1,0,3,0,4.0,0.0,32.8,-80.12,0.0,0.0,0.2,30,1,1,1,19,0,0,0,0
561,1986,07,26,1986-07-26,17:15:00,3,MN,27,17,1,0,0,0.0,0.0,44.95,-95.58,0.0,0.0,1.0,30,1,1,1,23,0,0,0,0
562,1986,07,27,1986-07-27,18:35:00,3,ND,38,25,0,0,0,0.0,0.0,47.77,-99.9,0.0,0.0,0.2,13,1,1,1,103,0,0,0,0
563,1986,07,27,1986-07-27,18:45:00,3,MN,27,18,0,0,0,0.0,0.0,47.88,-96.92,0.0,0.0,0.2,10,1,1,1,119,0,0,0,0
564,1986,07,27,1986-07-27,23:05:00,3,ND,38,26,0,0,0,0.0,0.0,48.32,-101.4,0.0,0.0,0.2,13,1,1,1,101,0,0,0,0
565,1986,07,27,1986-07-27,23:25:00,3,ND,38,27,0,0,0,0.0,0.0,48.32,-101.33,0.0,0.0,0.2,13,1,1,1,101,0,0,0,0
566,1986,07,27,1986-07-27,23:39:00,3,ND,38,28,0,0,0,4.0,0.0,48.23,-101.28,0.0,0.0,0.2,13,1,1,1,101,0,0,0,0
567,1986,07,28,1986-07-28,16:13:00,3,SD,46,19,2,0,0,5.0,0.0,43.78,-99.0,43.72,-98.9,6.0,80,1,1,1,15,0,0,0,0
568,1986,07,28,1986-07-28,16:30:00,3,SD,46,20,2,0,0,4.0,0.0,43.65,-98.72,43.65,-98.6,3.5,80,1,1,1,3,0,0,0,0
569,1986,07,28,1986-07-28,16:50:00,3,SD,46,21,2,0,0,5.0,0.0,43.43,-98.38,0.0,0.0,1.9,80,1,1,1,43,0,0,0,0
570,1986,07,28,1986-07-28,16:50:00,3,SD,46,22,1,0,0,4.0,0.0,43.27,-98.15,0.0,0.0,1.5,70,1,1,1,43,0,0,0,0
571,1986,07,28,1986-07-28,17:30:00,3,NE,31,40,4,2,0,8.0,0.0,42.68,-96.97,42.18,-96.17,52.5,73,2,0,1,0,0,0,0,0
571,1986,07,28,1986-07-28,17:30:00,3,NE,31,40,4,1,0,7.0,0.0,42.68,-96.97,42.42,-96.42,40.0,73,2,1,2,51,43,0,0,0
572,1986,07,28,1986-07-28,17:45:00,3,SD,46,23,0,0,0,0.0,0.0,42.53,-96.48,0.0,0.0,0.2,40,1,1,1,127,0,0,0,0
573,1986,07,28,1986-07-28,17:50:00,3,SD,46,24,0,0,0,0.0,0.0,42.75,-96.8,0.0,0.0,0.2,40,1,1,1,27,0,0,0,0
574,1986,07,28,1986-07-28,18:35:00,3,IA,19,30,1,0,0,5.0,0.0,43.03,-95.28,0.0,0.0,1.0,40,1,1,1,41,0,0,0,0
575,1986,07,28,1986-07-28,18:38:00,3,IA,19,31,1,0,0,4.0,0.0,43.18,-95.87,0.0,0.0,0.1,13,1,1,1,141,0,0,0,0
571,1986,07,28,1986-07-28,18:49:00,3,IA,19,32,4,1,0,8.0,0.0,42.42,-96.38,42.18,-96.17,12.5,73,2,1,2,193,133,0,0,0
576,1986,07,28,1986-07-28,18:50:00,3,NE,31,41,0,0,0,2.0,0.0,42.77,-97.17,0.0,0.0,0.1,20,1,1,1,27,0,0,0,0
577,1986,07,28,1986-07-28,19:47:00,3,IA,19,33,2,0,0,5.0,0.0,42.55,-94.68,42.55,-94.62,4.0,150,1,1,1,25,0,0,0,0
578,1986,07,28,1986-07-28,20:00:00,3,AL,1,10,0,0,0,2.0,0.0,34.63,-86.5,34.6,-86.45,4.0,150,1,1,1,89,0,0,0,0
579,1986,07,28,1986-07-28,20:05:00,3,IA,19,34,0,0,0,0.0,0.0,42.07,-95.6,0.0,0.0,0.2,10,1,1,1,47,0,0,0,0
580,1986,07,29,1986-07-29,17:45:00,3,NE,31,42,1,0,0,3.0,0.0,42.45,-98.35,42.42,-98.43,5.0,70,1,1,1,89,0,0,0,0
581,1986,07,29,1986-07-29,18:25:00,3,NE,31,43,1,0,0,4.0,0.0,42.38,-98.28,42.4,-98.25,3.0,20,1,1,1,3,0,0,0,0
582,1986,07,29,1986-07-29,20:49:00,3,ND,38,29,0,0,0,0.0,0.0,46.9,-99.0,0.0,0.0,0.2,13,1,1,1,93,0,0,0,0
583,1986,07,29,1986-07-29,22:04:00,3,SD,46,25,1,0,0,0.0,0.0,44.9,-97.28,44.92,-97.1,5.9,100,1,1,1,29,0,0,0,0
584,1986,07,31,1986-07-31,09:30:00,3,NE,31,44,0,0,0,1.0,0.0,40.78,-99.72,0.0,0.0,0.2,30,1,1,1,47,0,0,0,0
585,1986,07,31,1986-07-31,20:23:00,3,NE,31,45,0,0,0,1.0,0.0,41.12,-103.67,0.0,0.0,0.2,40,1,1,1,105,0,0,0,0
587,1986,08,01,1986-08-01,15:15:00,3,FL,12,36,0,0,0,2.0,0.0,27.47,-82.55,0.0,0.0,1.0,30,1,1,1,81,0,0,0,0
586,1986,08,01,1986-08-01,15:42:00,3,CO,8,16,1,0,0,0.0,0.0,37.28,-102.47,0.0,0.0,1.0,40,1,1,1,9,0,0,0,0
588,1986,08,01,1986-08-01,17:15:00,3,KS,20,26,1,3,0,4.0,0.0,37.45,-99.08,37.38,-98.98,7.0,250,1,1,1,97,7,0,0,0
589,1986,08,01,1986-08-01,17:15:00,3,FL,12,37,0,0,0,2.0,0.0,27.47,-82.7,0.0,0.0,0.5,30,1,1,1,81,0,0,0,0
590,1986,08,02,1986-08-02,11:30:00,3,VA,51,1,1,0,0,0.0,0.0,39.03,-78.12,39.07,-78.07,2.0,50,1,1,1,43,0,0,0,0
591,1986,08,02,1986-08-02,12:25:00,3,MI,26,13,1,0,0,0.0,0.0,42.73,-83.0,0.0,0.0,0.7,23,1,1,1,99,0,0,0,0
592,1986,08,02,1986-08-02,12:40:00,3,MI,26,14,1,3,0,0.0,0.0,42.33,-83.07,0.0,0.0,0.3,20,1,1,1,163,0,0,0,0
593,1986,08,02,1986-08-02,15:30:00,3,OK,40,33,0,0,0,0.0,0.0,36.73,-102.52,0.0,0.0,0.5,50,1,1,1,25,0,0,0,0
594,1986,08,02,1986-08-02,20:30:00,3,TX,48,114,1,0,0,5.0,0.0,34.57,-102.32,0.0,0.0,0.2,40,1,1,1,69,0,0,0,0
595,1986,08,02,1986-08-02,22:50:00,3,CO,8,17,1,0,0,3.0,0.0,40.58,-104.25,0.0,0.0,0.7,30,1,1,1,123,0,0,0,0
596,1986,08,03,1986-08-03,14:00:00,3,TX,48,115,0,0,0,0.0,0.0,31.1,-97.35,0.0,0.0,0.1,10,1,1,1,27,0,0,0,0
597,1986,08,03,1986-08-03,17:48:00,3,CO,8,18,1,0,0,0.0,0.0,39.27,-103.65,0.0,0.0,0.5,30,1,1,1,73,0,0,0,0
598,1986,08,05,1986-08-05,17:00:00,3,IA,19,35,0,0,0,3.0,0.0,41.0,-91.98,0.0,0.0,0.1,13,1,1,1,101,0,0,0,0
599,1986,08,05,1986-08-05,17:45:00,3,MO,29,15,1,0,0,4.0,0.0,39.73,-92.47,39.75,-92.28,13.0,100,1,1,1,121,205,0,0,0
600,1986,08,06,1986-08-06,15:00:00,3,VA,51,2,1,0,0,4.0,0.0,37.15,-78.08,0.0,0.0,0.5,30,1,1,1,135,0,0,0,0
601,1986,08,06,1986-08-06,16:10:00,3,SD,46,26,1,0,0,2.0,0.0,45.37,-100.07,0.0,0.0,1.5,40,1,1,1,129,0,0,0,0
602,1986,08,06,1986-08-06,19:00:00,3,NE,31,46,2,0,0,6.0,0.0,42.05,-100.2,41.98,-100.45,19.0,70,1,1,1,9,171,0,0,0
603,1986,08,06,1986-08-06,19:43:00,3,NE,31,47,1,0,0,4.0,0.0,41.88,-100.37,0.0,0.0,0.2,23,1,1,1,171,0,0,0,0
604,1986,08,07,1986-08-07,13:10:00,3,MA,25,1,1,0,0,5.0,0.0,42.45,-71.27,42.5,-71.23,4.0,73,1,1,1,17,0,0,0,0
606,1986,08,07,1986-08-07,13:10:00,3,NH,33,2,1,0,0,6.0,0.0,43.67,-71.02,43.73,-70.93,3.5,200,2,0,1,0,0,0,0,0
606,1986,08,07,1986-08-07,13:10:00,3,NH,33,2,1,0,0,5.0,0.0,43.67,-71.02,43.67,-70.98,1.5,100,2,1,2,3,0,0,0,0
606,1986,08,07,1986-08-07,13:15:00,3,ME,23,1,1,0,0,6.0,0.0,43.73,-70.98,43.73,-70.93,2.0,200,2,1,2,31,0,0,0,0
608,1986,08,07,1986-08-07,13:20:00,3,ME,23,2,1,0,0,5.0,0.0,43.53,-70.85,0.0,0.0,1.5,200,1,1,1,31,0,0,0,0
605,1986,08,07,1986-08-07,13:30:00,3,RI,44,1,1,0,0,5.0,0.0,41.92,-71.43,0.0,0.0,0.5,100,1,1,1,7,0,0,0,0
609,1986,08,07,1986-08-07,13:50:00,3,NH,33,3,1,0,0,6.0,0.0,43.7,-71.22,0.0,0.0,0.2,10,1,1,1,3,0,0,0,0
607,1986,08,07,1986-08-07,14:15:00,3,RI,44,2,2,20,0,6.0,0.0,41.77,-71.45,41.82,-71.43,4.0,1000,1,1,1,7,0,0,0,0
610,1986,08,07,1986-08-07,14:40:00,3,VT,50,1,0,0,0,2.0,0.0,44.62,-73.02,0.0,0.0,0.1,20,1,1,1,7,0,0,0,0
611,1986,08,07,1986-08-07,17:45:00,3,IA,19,36,1,3,0,4.0,0.0,42.37,-91.48,0.0,0.0,0.1,23,1,1,1,55,0,0,0,0
612,1986,08,08,1986-08-08,08:15:00,3,RI,44,3,1,0,0,5.0,0.0,41.98,-71.73,42.03,-71.58,7.0,1000,2,0,1,0,0,0,0,0
612,1986,08,08,1986-08-08,08:15:00,3,RI,44,3,1,0,0,5.0,0.0,41.98,-71.73,42.03,-71.58,6.0,1000,2,1,2,7,0,0,0,0
612,1986,08,08,1986-08-08,08:25:00,3,MA,25,2,1,0,0,3.0,0.0,42.02,-71.58,42.03,-71.58,1.0,100,2,1,2,27,0,0,0,0
613,1986,08,08,1986-08-08,10:40:00,3,MI,26,15,1,0,0,3.0,0.0,45.42,-83.83,0.0,0.0,1.7,20,1,1,1,141,0,0,0,0
614,1986,08,09,1986-08-09,13:03:00,3,SD,46,27,0,0,0,2.0,0.0,43.28,-100.63,0.0,0.0,0.5,30,1,1,1,121,0,0,0,0
615,1986,08,09,1986-08-09,14:30:00,3,FL,12,38,2,12,0,6.0,0.0,26.6,-81.97,0.0,0.0,1.5,200,1,1,1,71,0,0,0,0
616,1986,08,09,1986-08-09,16:57:00,3,SD,46,28,0,0,0,0.0,0.0,43.73,-96.97,0.0,0.0,0.3,30,1,1,1,99,0,0,0,0
617,1986,08,09,1986-08-09,16:59:00,3,SD,46,29,0,0,0,0.0,0.0,43.72,-96.88,0.0,0.0,0.2,30,1,1,1,99,0,0,0,0
618,1986,08,09,1986-08-09,19:00:00,3,ID,16,5,0,0,0,0.0,0.0,43.95,-111.85,0.0,0.0,0.5,10,1,1,1,43,0,0,0,0
619,1986,08,10,1986-08-10,15:10:00,3,MS,28,28,0,0,0,5.0,0.0,31.25,-89.83,0.0,0.0,0.5,50,1,1,1,91,0,0,0,0
621,1986,08,10,1986-08-10,17:45:00,3,PA,42,2,0,0,0,3.0,0.0,41.0,-76.07,0.0,0.0,0.1,100,1,1,1,79,0,0,0,0
620,1986,08,10,1986-08-10,19:00:00,3,ID,16,6,1,0,0,4.0,0.0,42.97,-115.28,0.0,0.0,2.0,20,1,1,1,39,0,0,0,0
622,1986,08,10,1986-08-10,20:30:00,3,TX,48,116,1,1,0,5.0,0.0,31.5,-94.35,0.0,0.0,0.2,10,1,1,1,347,0,0,0,0
623,1986,08,12,1986-08-12,14:15:00,3,FL,12,39,0,0,0,0.0,0.0,30.17,-82.65,0.0,0.0,1.0,30,1,1,1,23,0,0,0,0
624,1986,08,13,1986-08-13,16:45:00,3,KS,20,27,0,0,0,3.0,0.0,38.4,-100.37,0.0,0.0,1.0,30,1,1,1,101,0,0,0,0
625,1986,08,14,1986-08-14,17:37:00,3,IA,19,37,1,0,0,5.0,0.0,41.47,-93.08,0.0,0.0,0.2,23,1,1,1,125,0,0,0,0
626,1986,08,15,1986-08-15,16:30:00,3,NY,36,6,2,3,1,5.0,0.0,44.28,-75.57,0.0,0.0,0.2,10,1,1,1,89,0,0,0,0
627,1986,08,15,1986-08-15,17:50:00,3,OK,40,34,0,0,0,0.0,0.0,35.8,-96.88,0.0,0.0,2.0,50,1,1,1,81,0,0,0,0
628,1986,08,15,1986-08-15,19:15:00,3,TX,48,117,0,0,0,0.0,0.0,32.0,-102.02,0.0,0.0,0.2,30,1,1,1,329,0,0,0,0
629,1986,08,17,1986-08-17,16:00:00,3,TX,48,118,1,0,0,4.0,0.0,31.8,-99.08,0.0,0.0,0.2,10,1,1,1,49,0,0,0,0
630,1986,08,20,1986-08-20,09:56:00,3,NC,37,15,2,0,0,5.0,0.0,35.43,-77.93,0.0,0.0,1.0,23,1,1,1,191,0,0,0,0
631,1986,08,20,1986-08-20,12:45:00,3,NC,37,16,0,0,0,0.0,0.0,36.18,-76.88,0.0,0.0,0.1,13,1,1,1,15,0,0,0,0
632,1986,08,20,1986-08-20,16:15:00,3,CO,8,19,0,0,0,0.0,0.0,40.3,-107.82,0.0,0.0,0.5,20,1,1,1,81,0,0,0,0
633,1986,08,22,1986-08-22,17:55:00,3,KS,20,28,0,0,0,0.0,0.0,38.95,-99.02,0.0,0.0,0.5,20,1,1,1,167,0,0,0,0
634,1986,08,23,1986-08-23,17:00:00,3,LA,22,14,0,0,0,0.0,0.0,30.07,-90.48,0.0,0.0,0.1,13,1,1,1,95,0,0,0,0
635,1986,08,23,1986-08-23,21:20:00,3,NY,36,7,1,1,0,4.0,0.0,43.15,-74.5,0.0,0.0,0.2,10,1,1,1,35,0,0,0,0
636,1986,08,24,1986-08-24,19:00:00,3,ID,16,7,0,0,0,0.0,0.0,42.3,-113.03,0.0,0.0,0.5,50,1,1,1,31,0,0,0,0
637,1986,08,24,1986-08-24,19:00:00,3,ID,16,8,1,0,0,0.0,0.0,42.78,-113.03,0.0,0.0,0.5,20,1,1,1,77,0,0,0,0
638,1986,08,25,1986-08-25,06:30:00,3,WY,56,9,1,0,0,4.0,0.0,44.52,-108.97,0.0,0.0,1.0,23,1,1,1,29,0,0,0,0
639,1986,08,25,1986-08-25,12:47:00,3,FL,12,40,0,0,0,1.0,0.0,29.28,-83.12,0.0,0.0,1.0,30,1,1,1,75,0,0,0,0
640,1986,08,25,1986-08-25,15:55:00,3,FL,12,41,1,1,0,6.0,0.0,26.6,-81.97,26.6,-81.85,6.0,50,1,1,1,71,0,0,0,0
641,1986,08,26,1986-08-26,13:15:00,3,OH,39,21,2,2,0,6.0,0.0,41.4,-82.18,41.45,-82.17,3.0,440,1,1,1,93,0,0,0,0
642,1986,08,26,1986-08-26,14:40:00,3,MI,26,16,2,0,0,4.0,0.0,42.58,-85.4,0.0,0.0,0.6,13,1,1,1,15,0,0,0,0
643,1986,08,26,1986-08-26,14:40:00,3,MI,26,17,1,0,0,3.0,0.0,42.33,-85.58,0.0,0.0,0.5,100,1,1,1,77,0,0,0,0
644,1986,08,26,1986-08-26,15:30:00,3,MI,26,18,2,0,0,5.0,0.0,42.63,-84.63,42.65,-84.45,10.6,50,1,1,1,45,65,0,0,0
645,1986,08,26,1986-08-26,17:00:00,3,MI,26,19,0,0,0,0.0,0.0,43.03,-83.68,0.0,0.0,0.1,10,1,1,1,49,0,0,0,0
646,1986,08,26,1986-08-26,17:06:00,3,IN,18,18,2,2,0,6.0,0.0,40.9,-85.02,40.92,-84.93,5.0,10,1,1,1,1,0,0,0,0
647,1986,08,28,1986-08-28,10:00:00,3,FL,12,42,0,0,0,3.0,0.0,26.1,-80.2,0.0,0.0,1.0,30,1,1,1,11,0,0,0,0
648,1986,08,28,1986-08-28,11:15:00,3,FL,12,43,0,0,0,3.0,0.0,27.67,-80.47,0.0,0.0,1.0,30,1,1,1,111,0,0,0,0
649,1986,08,28,1986-08-28,11:20:00,3,FL,12,44,0,0,0,4.0,0.0,27.08,-80.42,0.0,0.0,1.0,30,1,1,1,85,0,0,0,0
650,1986,08,29,1986-08-29,14:00:00,3,ID,16,9,0,0,0,0.0,0.0,43.3,-114.92,0.0,0.0,1.0,20,1,1,1,25,0,0,0,0
651,1986,08,31,1986-08-31,15:00:00,3,NE,31,48,0,0,0,1.0,0.0,42.58,-99.98,0.0,0.0,0.1,20,1,1,1,17,0,0,0,0
652,1986,08,31,1986-08-31,16:30:00,3,UT,49,2,0,0,0,1.0,0.0,38.37,-110.08,0.0,0.0,0.2,10,1,1,1,55,0,0,0,0
653,1986,09,02,1986-09-02,11:30:00,3,TX,48,119,0,0,0,4.0,0.0,33.68,-98.47,0.0,0.0,0.2,10,1,1,1,9,0,0,0,0
654,1986,09,02,1986-09-02,16:15:00,3,FL,12,45,0,0,0,5.0,0.0,26.48,-81.83,0.0,0.0,0.5,30,1,1,1,71,0,0,0,0
655,1986,09,03,1986-09-03,14:23:00,3,WI,55,11,2,0,0,5.0,0.0,45.32,-91.63,45.33,-91.6,4.0,100,1,1,1,5,0,0,0,0
656,1986,09,04,1986-09-04,18:55:00,6,NM,35,2,0,0,0,0.0,0.0,33.55,-104.52,0.0,0.0,0.1,10,1,1,1,5,0,0,0,0
657,1986,09,05,1986-09-05,16:15:00,3,MS,28,29,1,0,0,5.0,0.0,31.55,-89.5,0.0,0.0,1.0,50,1,1,1,31,0,0,0,0
658,1986,09,05,1986-09-05,19:30:00,3,NE,31,49,1,0,0,1.0,0.0,40.33,-98.32,0.0,0.0,0.2,50,1,1,1,181,0,0,0,0
659,1986,09,05,1986-09-05,20:00:00,3,NE,31,50,1,0,0,1.0,0.0,40.25,-98.53,0.0,0.0,0.2,50,1,1,1,181,0,0,0,0
660,1986,09,08,1986-09-08,11:20:00,3,FL,12,46,0,0,0,0.0,0.0,26.15,-80.43,0.0,0.0,1.0,30,1,1,1,11,0,0,0,0
661,1986,09,09,1986-09-09,13:14:00,3,UT,49,3,0,0,0,1.0,0.0,40.7,-112.05,0.0,0.0,0.2,10,1,1,1,35,0,0,0,0
662,1986,09,10,1986-09-10,16:03:00,3,MI,26,20,1,0,0,4.0,0.0,42.4,-85.3,42.4,-85.22,3.8,223,1,1,1,25,0,0,0,0
663,1986,09,10,1986-09-10,16:58:00,3,MI,26,21,2,0,0,5.0,0.0,42.58,-83.48,42.63,-83.3,7.7,50,1,1,1,125,0,0,0,0
664,1986,09,10,1986-09-10,18:23:00,3,KS,20,29,0,0,0,2.0,0.0,38.83,-97.55,0.0,0.0,1.0,23,1,1,1,169,0,0,0,0
665,1986,09,14,1986-09-14,20:40:00,3,WA,53,2,0,0,0,1.0,0.0,47.08,-117.05,0.0,0.0,0.2,30,1,1,1,75,0,0,0,0
666,1986,09,16,1986-09-16,03:35:00,3,MA,25,3,1,0,0,5.0,0.0,42.2,-70.73,0.0,0.0,0.1,50,1,1,1,23,0,0,0,0
667,1986,09,16,1986-09-16,17:00:00,3,NE,31,51,0,0,0,1.0,0.0,40.35,-101.03,0.0,0.0,0.1,10,1,1,1,87,0,0,0,0
668,1986,09,18,1986-09-18,16:22:00,3,WY,56,10,1,0,0,5.0,0.0,42.08,-105.02,0.0,0.0,2.0,50,1,1,1,31,0,0,0,0
669,1986,09,18,1986-09-18,18:20:00,3,CO,8,20,2,0,0,5.0,0.0,40.5,-103.83,40.73,-103.52,25.0,300,1,1,1,87,0,0,0,0
670,1986,09,18,1986-09-18,19:15:00,3,KS,20,30,3,7,0,6.0,0.0,39.93,-97.98,40.03,-97.92,7.0,500,2,0,1,0,0,0,0,0
670,1986,09,18,1986-09-18,19:15:00,3,KS,20,30,3,0,0,6.0,0.0,39.93,-97.98,40.02,-97.93,6.0,500,2,1,2,89,157,0,0,0
670,1986,09,18,1986-09-18,19:30:00,3,NE,31,52,3,7,0,6.0,0.0,40.02,-97.93,40.03,-97.92,1.0,80,2,1,2,129,0,0,0,0
671,1986,09,18,1986-09-18,20:15:00,3,NE,31,53,2,0,0,5.0,0.0,40.1,-98.65,0.0,0.0,2.0,50,1,1,1,181,0,0,0,0
672,1986,09,18,1986-09-18,22:28:00,3,NE,31,54,2,0,0,4.0,0.0,40.68,-98.27,0.0,0.0,1.0,40,1,1,1,35,0,0,0,0
673,1986,09,22,1986-09-22,15:20:00,3,KS,20,31,0,0,0,5.0,0.0,40.0,-95.33,0.0,0.0,1.0,80,1,1,1,13,0,0,0,0
674,1986,09,22,1986-09-22,15:30:00,3,KS,20,32,0,0,0,4.0,0.0,39.82,-95.75,0.0,0.0,0.2,23,1,1,1,13,0,0,0,0
675,1986,09,22,1986-09-22,16:14:00,3,TX,48,120,0,0,0,0.0,0.0,33.68,-102.37,0.0,0.0,0.2,10,1,1,1,219,0,0,0,0
676,1986,09,22,1986-09-22,17:25:00,3,IA,19,38,1,0,0,4.0,0.0,41.67,-91.83,0.0,0.0,0.2,10,1,1,1,103,0,0,0,0
677,1986,09,22,1986-09-22,18:18:00,3,TX,48,121,0,0,0,0.0,0.0,33.43,-102.33,0.0,0.0,0.2,10,1,1,1,219,0,0,0,0
678,1986,09,23,1986-09-23,13:06:00,3,PA,42,3,2,1,0,6.0,0.0,40.97,-79.43,0.0,0.0,0.5,40,1,1,1,5,0,0,0,0
679,1986,09,23,1986-09-23,15:00:00,3,FL,12,47,0,0,0,3.0,0.0,27.18,-81.83,0.0,0.0,1.0,30,1,1,1,27,0,0,0,0
680,1986,09,23,1986-09-23,19:00:00,3,NJ,34,1,0,0,0,5.0,0.0,39.22,-74.8,0.0,0.0,1.0,30,1,1,1,9,0,0,0,0
681,1986,09,24,1986-09-24,12:30:00,3,OH,39,22,0,0,0,4.0,0.0,41.1,-81.95,0.0,0.0,0.1,10,1,1,1,103,0,0,0,0
682,1986,09,24,1986-09-24,16:15:00,3,CA,6,8,2,1,0,6.0,0.0,39.93,-122.05,0.0,0.0,2.0,100,1,1,1,103,0,0,0,0
683,1986,09,24,1986-09-24,17:15:00,3,IL,17,17,2,0,0,5.0,0.0,40.82,-89.2,0.0,0.0,2.5,73,1,1,1,203,0,0,0,0
684,1986,09,24,1986-09-24,17:15:00,3,SD,46,30,1,0,0,4.0,0.0,44.72,-103.43,44.72,-103.37,3.0,40,1,1,1,19,0,0,0,0
685,1986,09,24,1986-09-24,18:52:00,3,SD,46,31,0,0,0,4.0,0.0,43.58,-101.0,0.0,0.0,1.5,60,1,1,1,95,0,0,0,0
686,1986,09,24,1986-09-24,19:15:00,3,SD,46,32,0,0,0,0.0,0.0,43.88,-100.85,0.0,0.0,0.1,40,1,1,1,75,0,0,0,0
687,1986,09,24,1986-09-24,20:15:00,3,SD,46,33,1,0,0,3.0,0.0,44.6,-100.67,0.0,0.0,0.1,40,1,1,1,117,0,0,0,0
688,1986,09,24,1986-09-24,21:18:00,3,SD,46,34,1,0,0,4.0,0.0,45.1,-100.83,0.0,0.0,0.3,40,1,1,1,41,0,0,0,0
689,1986,09,26,1986-09-26,06:00:00,3,MI,26,22,0,0,0,3.0,0.0,43.0,-84.92,0.0,0.0,0.1,10,1,1,1,67,0,0,0,0
690,1986,09,26,1986-09-26,14:45:00,3,ID,16,10,0,0,0,0.0,0.0,43.62,-116.78,0.0,0.0,0.5,10,1,1,1,27,0,0,0,0
691,1986,09,26,1986-09-26,16:18:00,3,OK,40,35,0,0,0,0.0,0.0,35.95,-95.88,0.0,0.0,0.1,50,1,1,1,143,0,0,0,0
694,1986,09,26,1986-09-26,16:45:00,3,MI,26,23,0,0,0,3.0,0.0,42.48,-83.37,0.0,0.0,0.1,20,1,1,1,125,0,0,0,0
692,1986,09,26,1986-09-26,16:50:00,3,WI,55,12,1,0,0,5.0,0.0,44.93,-90.8,0.0,0.0,0.5,50,1,1,1,19,0,0,0,0
693,1986,09,26,1986-09-26,17:00:00,3,WI,55,13,0,0,0,0.0,0.0,45.68,-90.82,0.0,0.0,0.5,50,1,1,1,113,0,0,0,0
695,1986,09,26,1986-09-26,17:45:00,3,OK,40,36,2,0,0,5.0,0.0,35.9,-95.65,36.0,-95.52,8.0,73,1,1,1,145,0,0,0,0
696,1986,09,28,1986-09-28,16:23:00,3,WI,55,14,2,1,0,6.0,0.0,42.87,-88.73,42.92,-88.6,9.0,100,1,1,1,55,0,0,0,0
697,1986,09,28,1986-09-28,16:34:00,3,IA,19,39,4,0,0,6.0,0.0,41.75,-93.6,41.77,-93.0,20.0,250,1,1,1,153,99,0,0,0
698,1986,09,28,1986-09-28,17:15:00,3,IL,17,18,0,0,0,0.0,0.0,42.27,-89.2,0.0,0.0,0.2,10,1,1,1,201,0,0,0,0
699,1986,09,28,1986-09-28,18:05:00,3,IA,19,40,1,0,0,4.0,0.0,43.15,-95.32,0.0,0.0,0.1,13,1,1,1,41,0,0,0,0
700,1986,09,28,1986-09-28,18:35:00,3,IA,19,41,0,0,0,0.0,0.0,42.47,-94.23,0.0,0.0,0.1,13,1,1,1,187,0,0,0,0
701,1986,09,28,1986-09-28,20:45:00,3,IA,19,42,2,2,0,5.0,0.0,43.15,-92.62,0.0,0.0,0.2,23,1,1,1,67,0,0,0,0
702,1986,09,28,1986-09-28,22:45:00,3,MI,26,24,0,0,0,2.0,0.0,42.38,-83.37,0.0,0.0,0.2,10,1,1,1,163,0,0,0,0
703,1986,09,29,1986-09-29,06:15:00,3,OK,40,37,1,0,0,5.0,0.0,35.47,-96.95,35.47,-96.85,4.0,100,1,1,1,81,0,0,0,0
704,1986,09,29,1986-09-29,07:15:00,3,OK,40,38,2,1,0,5.0,0.0,36.18,-95.73,0.0,0.0,2.0,100,1,1,1,131,0,0,0,0
705,1986,09,29,1986-09-29,12:55:00,3,IL,17,19,1,0,0,5.0,0.0,41.45,-88.67,0.0,0.0,1.0,10,1,1,1,99,0,0,0,0
706,1986,09,29,1986-09-29,13:30:00,3,IL,17,20,1,10,0,5.0,0.0,41.83,-87.82,0.0,0.0,0.1,50,1,1,1,31,0,0,0,0
707,1986,09,29,1986-09-29,14:07:00,3,OK,40,39,0,0,0,0.0,0.0,35.8,-97.55,0.0,0.0,0.1,50,1,1,1,83,0,0,0,0
710,1986,09,29,1986-09-29,14:30:00,3,MI,26,25,2,1,0,5.0,0.0,42.2,-85.85,42.2,-85.78,3.8,400,1,1,1,159,0,0,0,0
708,1986,09,29,1986-09-29,14:58:00,3,IL,17,21,2,0,0,6.0,0.0,40.42,-89.42,0.0,0.0,2.0,50,1,1,1,179,0,0,0,0
709,1986,09,29,1986-09-29,15:25:00,3,OK,40,40,2,0,0,5.0,0.0,35.5,-97.2,35.5,-97.15,5.0,100,1,1,1,109,0,0,0,0
711,1986,09,29,1986-09-29,15:30:00,3,OK,40,41,2,0,0,0.0,0.0,35.45,-97.4,0.0,0.0,0.1,73,1,1,1,109,0,0,0,0
712,1986,09,29,1986-09-29,16:34:00,3,IL,17,22,2,0,0,6.0,0.0,40.75,-88.65,40.75,-88.52,9.0,50,1,1,1,113,105,0,0,0
713,1986,09,29,1986-09-29,16:51:00,3,MI,26,26,2,0,0,5.0,0.0,42.87,-83.8,42.92,-83.68,5.6,400,1,1,1,49,0,0,0,0
714,1986,09,29,1986-09-29,17:10:00,3,MI,26,27,1,0,0,3.0,0.0,42.87,-83.5,0.0,0.0,1.3,20,1,1,1,49,0,0,0,0
715,1986,09,29,1986-09-29,19:05:00,3,NY,36,8,1,0,0,4.0,0.0,43.35,-78.4,0.0,0.0,0.5,23,1,1,1,73,0,0,0,0
716,1986,09,30,1986-09-30,13:20:00,3,PA,42,4,2,1,0,6.0,0.0,41.8,-79.95,0.0,0.0,0.5,60,1,1,1,39,0,0,0,0
717,1986,09,30,1986-09-30,17:35:00,3,TX,48,122,1,0,0,4.0,0.0,32.07,-100.07,0.0,0.0,0.2,50,1,1,1,399,0,0,0,0
718,1986,10,01,1986-10-01,00:00:00,3,NY,36,9,2,0,0,5.0,0.0,42.28,-74.57,0.0,0.0,0.1,10,1,1,1,25,0,0,0,0
719,1986,10,01,1986-10-01,13:40:00,3,PA,42,5,2,2,0,6.0,0.0,39.92,-79.75,39.9,-79.67,4.5,100,1,1,1,51,0,0,0,0
721,1986,10,01,1986-10-01,15:30:00,3,WV,54,1,3,1,0,5.0,0.0,39.3,-80.78,0.0,0.0,1.0,200,1,1,1,17,0,0,0,0
720,1986,10,01,1986-10-01,16:20:00,3,IN,18,19,0,0,0,0.0,0.0,41.57,-85.1,41.58,-84.78,16.0,10,2,0,1,0,0,0,0,0
720,1986,10,01,1986-10-01,16:20:00,3,IN,18,19,0,0,0,0.0,0.0,41.57,-85.1,41.58,-84.82,14.0,10,2,1,2,151,0,0,0,0
720,1986,10,01,1986-10-01,16:46:00,3,OH,39,23,0,0,0,0.0,0.0,41.58,-84.82,41.58,-84.78,2.0,10,2,1,2,171,0,0,0,0
722,1986,10,01,1986-10-01,16:50:00,3,TX,48,123,0,0,0,0.0,0.0,31.32,-102.83,0.0,0.0,0.2,30,1,1,1,475,0,0,0,0
723,1986,10,01,1986-10-01,18:40:00,3,TX,48,124,0,0,0,0.0,0.0,34.72,-100.53,0.0,0.0,0.2,30,1,1,1,191,0,0,0,0
724,1986,10,01,1986-10-01,18:40:00,3,TX,48,125,0,0,0,0.0,0.0,34.78,-100.28,0.0,0.0,0.2,30,1,1,1,87,0,0,0,0
725,1986,10,01,1986-10-01,19:15:00,3,OK,40,42,1,0,0,0.0,0.0,34.77,-100.0,34.83,-99.85,10.0,50,1,1,1,57,0,0,0,0
726,1986,10,01,1986-10-01,20:25:00,3,OK,40,43,0,0,0,0.0,0.0,35.38,-99.28,0.0,0.0,0.1,30,1,1,1,149,0,0,0,0
727,1986,10,01,1986-10-01,21:07:00,3,OK,40,44,0,0,0,0.0,0.0,35.1,-99.4,0.0,0.0,0.1,30,1,1,1,75,0,0,0,0
728,1986,10,02,1986-10-02,09:07:00,3,OK,40,45,1,0,0,6.0,0.0,35.57,-97.6,0.0,0.0,2.0,150,1,1,1,109,0,0,0,0
729,1986,10,02,1986-10-02,10:12:00,3,OK,40,46,0,0,0,0.0,0.0,35.8,-97.6,35.87,-97.6,5.0,73,1,1,1,83,0,0,0,0
730,1986,10,02,1986-10-02,15:29:00,3,OK,40,47,0,0,0,0.0,0.0,35.88,-97.55,0.0,0.0,0.1,50,1,1,1,83,0,0,0,0
731,1986,10,02,1986-10-02,15:53:00,3,TX,48,126,1,0,0,5.0,0.0,32.3,-102.53,0.0,0.0,0.3,40,1,1,1,3,0,0,0,0
732,1986,10,02,1986-10-02,17:31:00,3,TX,48,127,1,0,0,4.0,0.0,31.22,-101.9,0.0,0.0,0.1,30,1,1,1,461,0,0,0,0
733,1986,10,02,1986-10-02,22:50:00,3,MO,29,16,1,0,0,5.0,0.0,38.25,-93.43,38.35,-93.27,10.0,50,1,1,1,15,0,0,0,0
734,1986,10,03,1986-10-03,02:15:00,3,MO,29,17,2,0,0,6.0,0.0,38.33,-92.47,38.4,-92.37,10.0,100,1,1,1,131,51,0,0,0
735,1986,10,03,1986-10-03,16:35:00,3,PA,42,6,2,0,0,6.0,0.0,41.13,-80.23,41.13,-80.03,9.0,123,1,1,1,85,0,0,0,0
736,1986,10,03,1986-10-03,19:50:00,3,TX,48,128,0,0,0,0.0,0.0,31.37,-102.35,0.0,0.0,0.2,30,1,1,1,103,0,0,0,0
737,1986,10,04,1986-10-04,21:00:00,3,WV,54,2,1,0,0,5.0,0.0,39.37,-80.7,0.0,0.0,1.0,50,1,1,1,17,0,0,0,0
738,1986,10,07,1986-10-07,12:23:00,3,TX,48,129,0,0,0,0.0,0.0,26.2,-97.72,0.0,0.0,0.2,13,1,1,1,61,0,0,0,0
739,1986,10,14,1986-10-14,03:50:00,3,VA,51,3,3,0,0,6.0,0.0,36.78,-77.77,36.9,-77.67,12.0,800,1,1,1,25,0,0,0,0
740,1986,10,14,1986-10-14,06:05:00,3,VA,51,4,3,0,0,5.0,0.0,37.3,-76.95,37.32,-76.9,5.0,33,1,1,1,37,0,0,0,0
741,1986,10,14,1986-10-14,06:20:00,3,VA,51,5,2,1,0,5.0,0.0,36.97,-77.37,37.12,-77.2,16.0,450,1,1,1,183,149,0,0,0
742,1986,10,14,1986-10-14,06:20:00,3,VA,51,6,2,0,0,5.0,0.0,37.27,-77.3,0.0,0.0,2.0,100,1,1,1,149,0,0,0,0
743,1986,10,29,1986-10-29,08:49:00,3,FL,12,48,1,4,0,4.0,0.0,28.03,-80.58,0.0,0.0,1.5,30,1,1,1,9,0,0,0,0
744,1986,11,04,1986-11-04,13:42:00,3,TX,48,130,1,2,0,5.0,0.0,31.35,-94.55,0.0,0.0,1.0,30,1,1,1,5,0,0,0,0
745,1986,11,04,1986-11-04,20:00:00,3,LA,22,15,0,0,0,0.0,0.0,29.78,-93.03,0.0,0.0,0.1,17,1,1,1,23,0,0,0,0
746,1986,11,07,1986-11-07,14:50:00,3,TX,48,131,0,0,0,0.0,0.0,30.62,-95.03,30.65,-95.02,2.0,10,1,1,1,407,373,0,0,0
747,1986,11,07,1986-11-07,19:20:00,3,LA,22,16,2,0,0,5.0,0.0,32.18,-92.65,32.35,-92.6,9.0,100,1,1,1,49,0,0,0,0
748,1986,11,08,1986-11-08,06:30:00,3,MS,28,30,0,0,0,0.0,0.0,33.17,-90.0,0.0,0.0,0.5,50,1,1,1,51,0,0,0,0
749,1986,11,08,1986-11-08,16:05:00,3,MS,28,31,2,0,0,5.0,0.0,34.62,-88.2,34.67,-88.18,5.0,200,1,1,1,141,0,0,0,0
750,1986,11,08,1986-11-08,16:15:00,3,MS,28,32,0,0,0,0.0,0.0,33.68,-90.82,0.0,0.0,0.2,30,1,1,1,11,0,0,0,0
751,1986,11,08,1986-11-08,19:40:00,3,MS,28,33,1,0,0,5.0,0.0,34.62,-88.55,0.0,0.0,2.5,77,1,1,1,117,0,0,0,0
752,1986,11,09,1986-11-09,12:40:00,3,TX,48,132,0,0,0,0.0,0.0,27.68,-97.92,27.67,-97.9,2.0,10,1,1,1,249,355,0,0,0
753,1986,11,18,1986-11-18,17:30:00,3,AZ,4,1,0,0,0,0.0,0.0,32.77,-111.55,0.0,0.0,0.5,17,1,1,1,21,0,0,0,0
754,1986,11,18,1986-11-18,19:04:00,3,AZ,4,2,1,0,0,5.0,0.0,33.42,-111.55,0.0,0.0,0.5,20,1,1,1,21,0,0,0,0
755,1986,11,20,1986-11-20,03:05:00,3,MS,28,34,2,0,0,5.0,0.0,31.02,-91.17,31.02,-91.07,5.0,173,1,1,1,157,0,0,0,0
756,1986,11,20,1986-11-20,04:15:00,3,MS,28,35,1,4,0,5.0,0.0,31.02,-90.3,0.0,0.0,0.5,40,1,1,1,113,0,0,0,0
757,1986,11,25,1986-11-25,21:20:00,3,AL,1,11,3,4,0,6.0,0.0,31.38,-85.93,31.88,-85.45,44.0,200,1,1,1,31,45,5,0,0
758,1986,11,26,1986-11-26,01:00:00,3,AL,1,12,1,2,0,5.0,0.0,32.27,-86.0,32.3,-85.92,5.0,100,1,1,1,101,87,0,0,0
759,1986,11,26,1986-11-26,01:20:00,3,AL,1,13,2,1,0,5.0,0.0,31.77,-85.97,31.82,-85.85,8.0,150,1,1,1,109,0,0,0,0
760,1986,11,26,1986-11-26,01:40:00,3,AL,1,14,1,2,0,5.0,0.0,31.3,-85.88,31.45,-85.62,21.0,150,1,1,1,31,45,0,0,0
761,1986,12,23,1986-12-23,12:00:00,3,FL,12,49,0,0,0,5.0,0.0,28.7,-81.27,0.0,0.0,0.5,30,1,1,1,117,0,0,0,0
762,1986,12,23,1986-12-23,16:02:00,3,FL,12,50,0,0,0,5.0,0.0,29.18,-82.13,0.0,0.0,2.0,30,1,1,1,83,0,0,0,0
763,1986,12,31,1986-12-31,14:45:00,3,FL,12,51,0,0,0,5.0,0.0,26.68,-80.67,0.0,0.0,1.0,30,1,1,1,99,0,0,0,0
764,1986,12,31,1986-12-31,18:06:00,3,FL,12,52,1,7,0,5.0,0.0,26.68,-80.67,0.0,0.0,1.0,30,1,1,1,99,0,0,0,0
765,1986,12,31,1986-12-31,18:10:00,3,FL,12,53,0,0,0,3.0,0.0,27.37,-80.33,0.0,0.0,0.5,30,1,1,1,111,0,0,0,0
